source_distribution,dimension,max_val,encoding_max_val,beta,distortion_metric,rate,distortion,marginal_consistency_gap,marginal_entropy_bits,marginal_perplexity,n_outputs_90_pct_mass,n_outputs_used,rank,output_index,pseudocounts,concentration,mean_probs,marginal_prob,cumulative_prob
decreasing,3,21,20,0.062,jeff_divergence,-1.0684879027409443e-16,11.079815955630252,1.0880185641326534e-14,1.2813706015259665e-15,1.0000000000000009,1,1,1,842,"(3, 3, 3)",9,"(0.333, 0.333, 0.333)",0.9999999999999991,0.9999999999999991
decreasing,3,21,20,0.062,jeff_divergence,-1.0684879027409443e-16,11.079815955630252,1.0880185641326534e-14,1.2813706015259665e-15,1.0000000000000009,1,1,2,862,"(3, 4, 3)",10,"(0.300, 0.400, 0.300)",3.253456907304141e-16,0.9999999999999994
decreasing,3,21,20,0.062,jeff_divergence,-1.0684879027409443e-16,11.079815955630252,1.0880185641326534e-14,1.2813706015259665e-15,1.0000000000000009,1,1,3,843,"(4, 3, 3)",10,"(0.400, 0.300, 0.300)",3.25345690730412e-16,0.9999999999999998
decreasing,3,21,20,0.062,jeff_divergence,-1.0684879027409443e-16,11.079815955630252,1.0880185641326534e-14,1.2813706015259665e-15,1.0000000000000009,1,1,4,1242,"(3, 3, 4)",10,"(0.300, 0.300, 0.400)",3.2534569073041153e-16,1.0
decreasing,3,21,20,0.062,jeff_divergence,-1.0684879027409443e-16,11.079815955630252,1.0880185641326534e-14,1.2813706015259665e-15,1.0000000000000009,1,1,5,1263,"(4, 4, 4)",12,"(0.333, 0.333, 0.333)",1.90899284772972e-17,1.0
decreasing,3,21,20,0.062,jeff_divergence,-1.0684879027409443e-16,11.079815955630252,1.0880185641326534e-14,1.2813706015259665e-15,1.0000000000000009,1,1,6,1262,"(3, 4, 4)",11,"(0.273, 0.364, 0.364)",5.634883019846721e-21,1.0
decreasing,3,21,20,0.062,jeff_divergence,-1.0684879027409443e-16,11.079815955630252,1.0880185641326534e-14,1.2813706015259665e-15,1.0000000000000009,1,1,7,863,"(4, 4, 3)",11,"(0.364, 0.364, 0.273)",5.634883019846698e-21,1.0
decreasing,3,21,20,0.062,jeff_divergence,-1.0684879027409443e-16,11.079815955630252,1.0880185641326534e-14,1.2813706015259665e-15,1.0000000000000009,1,1,8,1243,"(4, 3, 4)",11,"(0.364, 0.273, 0.364)",5.634883019846672e-21,1.0
decreasing,3,21,20,0.062,jeff_divergence,-1.0684879027409443e-16,11.079815955630252,1.0880185641326534e-14,1.2813706015259665e-15,1.0000000000000009,1,1,9,421,"(2, 2, 2)",6,"(0.333, 0.333, 0.333)",1.3447592097712286e-22,1.0
decreasing,3,21,20,0.062,jeff_divergence,-1.0684879027409443e-16,11.079815955630252,1.0880185641326534e-14,1.2813706015259665e-15,1.0000000000000009,1,1,10,822,"(3, 2, 3)",8,"(0.375, 0.250, 0.375)",7.434548542673692e-25,1.0
decreasing,3,21,20,0.08700000000000001,jeff_divergence,1.5251972120854162e-18,11.079815955630252,1.0436096431476471e-14,-0.0,1.0,1,1,1,842,"(3, 3, 3)",9,"(0.333, 0.333, 0.333)",1.0,1.0
decreasing,3,21,20,0.08700000000000001,jeff_divergence,1.5251972120854162e-18,11.079815955630252,1.0436096431476471e-14,-0.0,1.0,1,1,2,843,"(4, 3, 3)",10,"(0.400, 0.300, 0.300)",1.7863120887800624e-17,1.0
decreasing,3,21,20,0.08700000000000001,jeff_divergence,1.5251972120854162e-18,11.079815955630252,1.0436096431476471e-14,-0.0,1.0,1,1,3,1242,"(3, 3, 4)",10,"(0.300, 0.300, 0.400)",1.7863120887800624e-17,1.0
decreasing,3,21,20,0.08700000000000001,jeff_divergence,1.5251972120854162e-18,11.079815955630252,1.0436096431476471e-14,-0.0,1.0,1,1,4,862,"(3, 4, 3)",10,"(0.300, 0.400, 0.300)",1.7863120887800454e-17,1.0
decreasing,3,21,20,0.08700000000000001,jeff_divergence,1.5251972120854162e-18,11.079815955630252,1.0436096431476471e-14,-0.0,1.0,1,1,5,1263,"(4, 4, 4)",12,"(0.333, 0.333, 0.333)",2.5357263239951717e-23,1.0
decreasing,3,21,20,0.08700000000000001,jeff_divergence,1.5251972120854162e-18,11.079815955630252,1.0436096431476471e-14,-0.0,1.0,1,1,6,863,"(4, 4, 3)",11,"(0.364, 0.364, 0.273)",4.353384691709225e-24,1.0
decreasing,3,21,20,0.08700000000000001,jeff_divergence,1.5251972120854162e-18,11.079815955630252,1.0436096431476471e-14,-0.0,1.0,1,1,7,1262,"(3, 4, 4)",11,"(0.273, 0.364, 0.364)",4.3533846917091954e-24,1.0
decreasing,3,21,20,0.08700000000000001,jeff_divergence,1.5251972120854162e-18,11.079815955630252,1.0436096431476471e-14,-0.0,1.0,1,1,8,1243,"(4, 3, 4)",11,"(0.364, 0.273, 0.364)",4.3533846917091866e-24,1.0
decreasing,3,21,20,0.08700000000000001,jeff_divergence,1.5251972120854162e-18,11.079815955630252,1.0436096431476471e-14,-0.0,1.0,1,1,9,841,"(2, 3, 3)",8,"(0.250, 0.375, 0.375)",9.066145076410256e-26,1.0
decreasing,3,21,20,0.08700000000000001,jeff_divergence,1.5251972120854162e-18,11.079815955630252,1.0436096431476471e-14,-0.0,1.0,1,1,10,822,"(3, 2, 3)",8,"(0.375, 0.250, 0.375)",9.066145076410233e-26,1.0
decreasing,3,21,20,0.122,jeff_divergence,1.785264772663614e-15,11.079815955630242,1.6431300764452317e-14,4.8051397557222965e-14,1.0000000000000333,1,1,1,842,"(3, 3, 3)",9,"(0.333, 0.333, 0.333)",0.9999999999999667,0.9999999999999667
decreasing,3,21,20,0.122,jeff_divergence,1.785264772663614e-15,11.079815955630242,1.6431300764452317e-14,4.8051397557222965e-14,1.0000000000000333,1,1,2,862,"(3, 4, 3)",10,"(0.300, 0.400, 0.300)",1.1111071605360252e-14,0.9999999999999778
decreasing,3,21,20,0.122,jeff_divergence,1.785264772663614e-15,11.079815955630242,1.6431300764452317e-14,4.8051397557222965e-14,1.0000000000000333,1,1,3,1242,"(3, 3, 4)",10,"(0.300, 0.300, 0.400)",1.1111071605360246e-14,0.9999999999999889
decreasing,3,21,20,0.122,jeff_divergence,1.785264772663614e-15,11.079815955630242,1.6431300764452317e-14,4.8051397557222965e-14,1.0000000000000333,1,1,4,843,"(4, 3, 3)",10,"(0.400, 0.300, 0.300)",1.111107160536022e-14,1.0
decreasing,3,21,20,0.122,jeff_divergence,1.785264772663614e-15,11.079815955630242,1.6431300764452317e-14,4.8051397557222965e-14,1.0000000000000333,1,1,5,442,"(3, 3, 2)",8,"(0.375, 0.375, 0.250)",4.42964034961988e-19,1.0
decreasing,3,21,20,0.122,jeff_divergence,1.785264772663614e-15,11.079815955630242,1.6431300764452317e-14,4.8051397557222965e-14,1.0000000000000333,1,1,6,841,"(2, 3, 3)",8,"(0.250, 0.375, 0.375)",4.42964034961988e-19,1.0
decreasing,3,21,20,0.122,jeff_divergence,1.785264772663614e-15,11.079815955630242,1.6431300764452317e-14,4.8051397557222965e-14,1.0000000000000333,1,1,7,822,"(3, 2, 3)",8,"(0.375, 0.250, 0.375)",4.429640349619863e-19,1.0
decreasing,3,21,20,0.122,jeff_divergence,1.785264772663614e-15,11.079815955630242,1.6431300764452317e-14,4.8051397557222965e-14,1.0000000000000333,1,1,8,863,"(4, 4, 3)",11,"(0.364, 0.364, 0.273)",6.004180749717437e-24,1.0
decreasing,3,21,20,0.122,jeff_divergence,1.785264772663614e-15,11.079815955630242,1.6431300764452317e-14,4.8051397557222965e-14,1.0000000000000333,1,1,9,1243,"(4, 3, 4)",11,"(0.364, 0.273, 0.364)",6.004180749717393e-24,1.0
decreasing,3,21,20,0.122,jeff_divergence,1.785264772663614e-15,11.079815955630242,1.6431300764452317e-14,4.8051397557222965e-14,1.0000000000000333,1,1,10,1262,"(3, 4, 4)",11,"(0.273, 0.364, 0.364)",6.0041807497173715e-24,1.0
decreasing,3,21,20,0.171,jeff_divergence,0.16615768872010417,10.065222439259216,3.469446951953614e-16,2.188356174678815,4.557858620854552,6,13,1,842,"(3, 3, 3)",9,"(0.333, 0.333, 0.333)",0.5386177476178647,0.5386177476178647
decreasing,3,21,20,0.171,jeff_divergence,0.16615768872010417,10.065222439259216,3.469446951953614e-16,2.188356174678815,4.557858620854552,6,13,2,823,"(4, 2, 3)",9,"(0.444, 0.222, 0.333)",0.07689698150008131,0.615514729117946
decreasing,3,21,20,0.171,jeff_divergence,0.16615768872010417,10.065222439259216,3.469446951953614e-16,2.188356174678815,4.557858620854552,6,13,3,1241,"(2, 3, 4)",9,"(0.222, 0.333, 0.444)",0.0768969815000812,0.6924117106180272
decreasing,3,21,20,0.171,jeff_divergence,0.16615768872010417,10.065222439259216,3.469446951953614e-16,2.188356174678815,4.557858620854552,6,13,4,462,"(3, 4, 2)",9,"(0.333, 0.444, 0.222)",0.07689698150008117,0.7693086921181084
decreasing,3,21,20,0.171,jeff_divergence,0.16615768872010417,10.065222439259216,3.469446951953614e-16,2.188356174678815,4.557858620854552,6,13,5,861,"(2, 4, 3)",9,"(0.222, 0.444, 0.333)",0.07689698150008115,0.8462056736181895
decreasing,3,21,20,0.171,jeff_divergence,0.16615768872010417,10.065222439259216,3.469446951953614e-16,2.188356174678815,4.557858620854552,6,13,6,443,"(4, 3, 2)",9,"(0.444, 0.333, 0.222)",0.0768969815000811,0.9231026551182706
decreasing,3,21,20,0.171,jeff_divergence,0.16615768872010417,10.065222439259216,3.469446951953614e-16,2.188356174678815,4.557858620854552,6,13,7,1222,"(3, 2, 4)",9,"(0.333, 0.222, 0.444)",0.07689698150008105,0.9999996366183517
decreasing,3,21,20,0.171,jeff_divergence,0.16615768872010417,10.065222439259216,3.469446951953614e-16,2.188356174678815,4.557858620854552,6,13,8,463,"(4, 4, 2)",10,"(0.400, 0.400, 0.200)",1.0754386686734153e-07,0.9999997441622185
decreasing,3,21,20,0.171,jeff_divergence,0.16615768872010417,10.065222439259216,3.469446951953614e-16,2.188356174678815,4.557858620854552,6,13,9,1261,"(2, 4, 4)",10,"(0.200, 0.400, 0.400)",1.0754386686732777e-07,0.9999998517060853
decreasing,3,21,20,0.171,jeff_divergence,0.16615768872010417,10.065222439259216,3.469446951953614e-16,2.188356174678815,4.557858620854552,6,13,10,1223,"(4, 2, 4)",10,"(0.400, 0.200, 0.400)",1.0754386686732764e-07,0.9999999592499521
decreasing,3,21,20,0.23800000000000002,jeff_divergence,0.8065439372405279,6.865770242282728,2.220446049250313e-16,3.4322387024946783,10.794606158908493,9,15,1,1661,"(2, 4, 5)",11,"(0.182, 0.364, 0.455)",0.11838892563536207,0.11838892563536207
decreasing,3,21,20,0.23800000000000002,jeff_divergence,0.8065439372405279,6.865770242282728,2.220446049250313e-16,3.4322387024946783,10.794606158908493,9,15,2,1224,"(5, 2, 4)",11,"(0.455, 0.182, 0.364)",0.11838892563536202,0.2367778512707241
decreasing,3,21,20,0.23800000000000002,jeff_divergence,0.8065439372405279,6.865770242282728,2.220446049250313e-16,3.4322387024946783,10.794606158908493,9,15,3,1623,"(4, 2, 5)",11,"(0.364, 0.182, 0.455)",0.11838892563536202,0.3551667769060861
decreasing,3,21,20,0.23800000000000002,jeff_divergence,0.8065439372405279,6.865770242282728,2.220446049250313e-16,3.4322387024946783,10.794606158908493,9,15,4,464,"(5, 4, 2)",11,"(0.455, 0.364, 0.182)",0.11838892563536199,0.4735557025414481
decreasing,3,21,20,0.23800000000000002,jeff_divergence,0.8065439372405279,6.865770242282728,2.220446049250313e-16,3.4322387024946783,10.794606158908493,9,15,5,483,"(4, 5, 2)",11,"(0.364, 0.455, 0.182)",0.11838892563536199,0.59194462817681
decreasing,3,21,20,0.23800000000000002,jeff_divergence,0.8065439372405279,6.865770242282728,2.220446049250313e-16,3.4322387024946783,10.794606158908493,9,15,6,1281,"(2, 5, 4)",11,"(0.182, 0.455, 0.364)",0.11838892563536187,0.7103335538121719
decreasing,3,21,20,0.23800000000000002,jeff_divergence,0.8065439372405279,6.865770242282728,2.220446049250313e-16,3.4322387024946783,10.794606158908493,9,15,7,501,"(2, 6, 2)",10,"(0.200, 0.600, 0.200)",0.06346039693628042,0.7737939507484524
decreasing,3,21,20,0.23800000000000002,jeff_divergence,0.8065439372405279,6.865770242282728,2.220446049250313e-16,3.4322387024946783,10.794606158908493,9,15,8,425,"(6, 2, 2)",10,"(0.600, 0.200, 0.200)",0.06346039693628037,0.8372543476847327
decreasing,3,21,20,0.23800000000000002,jeff_divergence,0.8065439372405279,6.865770242282728,2.220446049250313e-16,3.4322387024946783,10.794606158908493,9,15,9,2021,"(2, 2, 6)",10,"(0.200, 0.200, 0.600)",0.06346039693628036,0.9007147446210131
decreasing,3,21,20,0.23800000000000002,jeff_divergence,0.8065439372405279,6.865770242282728,2.220446049250313e-16,3.4322387024946783,10.794606158908493,9,15,10,1262,"(3, 4, 4)",11,"(0.273, 0.364, 0.364)",0.03309497441390322,0.9338097190349163
decreasing,3,21,20,0.333,jeff_divergence,1.3584151639352382,4.901491139131114,2.0816681711721685e-16,3.542848722213348,11.65477075382261,11,16,1,1625,"(6, 2, 5)",13,"(0.462, 0.154, 0.385)",0.09973162035970272,0.09973162035970272
decreasing,3,21,20,0.333,jeff_divergence,1.3584151639352382,4.901491139131114,2.0816681711721685e-16,3.542848722213348,11.65477075382261,11,16,2,485,"(6, 5, 2)",13,"(0.462, 0.385, 0.154)",0.0997316203597027,0.1994632407194054
decreasing,3,21,20,0.333,jeff_divergence,1.3584151639352382,4.901491139131114,2.0816681711721685e-16,3.542848722213348,11.65477075382261,11,16,3,1701,"(2, 6, 5)",13,"(0.154, 0.462, 0.385)",0.09973162035970269,0.2991948610791081
decreasing,3,21,20,0.333,jeff_divergence,1.3584151639352382,4.901491139131114,2.0816681711721685e-16,3.542848722213348,11.65477075382261,11,16,4,2081,"(2, 5, 6)",13,"(0.154, 0.385, 0.462)",0.09973162035970268,0.39892648143881076
decreasing,3,21,20,0.333,jeff_divergence,1.3584151639352382,4.901491139131114,2.0816681711721685e-16,3.542848722213348,11.65477075382261,11,16,5,2024,"(5, 2, 6)",13,"(0.385, 0.154, 0.462)",0.09973162035970266,0.49865810179851344
decreasing,3,21,20,0.333,jeff_divergence,1.3584151639352382,4.901491139131114,2.0816681711721685e-16,3.542848722213348,11.65477075382261,11,16,6,504,"(5, 6, 2)",13,"(0.385, 0.462, 0.154)",0.09973162035970265,0.5983897221582161
decreasing,3,21,20,0.333,jeff_divergence,1.3584151639352382,4.901491139131114,2.0816681711721685e-16,3.542848722213348,11.65477075382261,11,16,7,427,"(8, 2, 2)",12,"(0.667, 0.167, 0.167)",0.08159251585843566,0.6799822380166517
decreasing,3,21,20,0.333,jeff_divergence,1.3584151639352382,4.901491139131114,2.0816681711721685e-16,3.542848722213348,11.65477075382261,11,16,8,541,"(2, 8, 2)",12,"(0.167, 0.667, 0.167)",0.08159251585843566,0.7615747538750873
decreasing,3,21,20,0.333,jeff_divergence,1.3584151639352382,4.901491139131114,2.0816681711721685e-16,3.542848722213348,11.65477075382261,11,16,9,2821,"(2, 2, 8)",12,"(0.167, 0.167, 0.667)",0.08159251585843566,0.843167269733523
decreasing,3,21,20,0.333,jeff_divergence,1.3584151639352382,4.901491139131114,2.0816681711721685e-16,3.542848722213348,11.65477075382261,11,16,10,1283,"(4, 5, 4)",13,"(0.308, 0.385, 0.308)",0.05227747005389394,0.8954447397874169
decreasing,3,21,20,0.465,jeff_divergence,1.843161953962459,3.6676590161529368,3.885780586188048e-16,4.605434220527797,24.34298567039621,23,37,1,1684,"(5, 5, 5)",15,"(0.333, 0.333, 0.333)",0.15527055003155216,0.15527055003155216
decreasing,3,21,20,0.465,jeff_divergence,1.843161953962459,3.6676590161529368,3.885780586188048e-16,4.605434220527797,24.34298567039621,23,37,2,428,"(9, 2, 2)",13,"(0.692, 0.154, 0.154)",0.06016264635756839,0.21543319638912056
decreasing,3,21,20,0.465,jeff_divergence,1.843161953962459,3.6676590161529368,3.885780586188048e-16,4.605434220527797,24.34298567039621,23,37,3,561,"(2, 9, 2)",13,"(0.154, 0.692, 0.154)",0.06016264635756836,0.2755958427466889
decreasing,3,21,20,0.465,jeff_divergence,1.843161953962459,3.6676590161529368,3.885780586188048e-16,4.605434220527797,24.34298567039621,23,37,4,3221,"(2, 2, 9)",13,"(0.154, 0.154, 0.692)",0.060162646357566865,0.33575848910425576
decreasing,3,21,20,0.465,jeff_divergence,1.843161953962459,3.6676590161529368,3.885780586188048e-16,4.605434220527797,24.34298567039621,23,37,5,2501,"(2, 6, 7)",15,"(0.133, 0.400, 0.467)",0.03683548097268466,0.3725939700769404
decreasing,3,21,20,0.465,jeff_divergence,1.843161953962459,3.6676590161529368,3.885780586188048e-16,4.605434220527797,24.34298567039621,23,37,6,2425,"(6, 2, 7)",15,"(0.400, 0.133, 0.467)",0.0368354809726843,0.4094294510496247
decreasing,3,21,20,0.465,jeff_divergence,1.843161953962459,3.6676590161529368,3.885780586188048e-16,4.605434220527797,24.34298567039621,23,37,7,506,"(7, 6, 2)",15,"(0.467, 0.400, 0.133)",0.03683548097267619,0.4462649320223009
decreasing,3,21,20,0.465,jeff_divergence,1.843161953962459,3.6676590161529368,3.885780586188048e-16,4.605434220527797,24.34298567039621,23,37,8,525,"(6, 7, 2)",15,"(0.400, 0.467, 0.133)",0.03683548097267582,0.4831004129949767
decreasing,3,21,20,0.465,jeff_divergence,1.843161953962459,3.6676590161529368,3.885780586188048e-16,4.605434220527797,24.34298567039621,23,37,9,2026,"(7, 2, 6)",15,"(0.467, 0.133, 0.400)",0.036835480972664,0.5199358939676407
decreasing,3,21,20,0.465,jeff_divergence,1.843161953962459,3.6676590161529368,3.885780586188048e-16,4.605434220527797,24.34298567039621,23,37,10,2121,"(2, 7, 6)",15,"(0.133, 0.467, 0.400)",0.03683548097266353,0.5567713749403043
decreasing,3,21,20,0.65,jeff_divergence,2.405461568349221,2.644650892600838,1.5959455978986625e-16,5.3873716336207265,41.85626380405163,36,67,1,2426,"(7, 2, 7)",16,"(0.438, 0.125, 0.438)",0.0520432772296756,0.0520432772296756
decreasing,3,21,20,0.65,jeff_divergence,2.405461568349221,2.644650892600838,1.5959455978986625e-16,5.3873716336207265,41.85626380405163,36,67,2,2521,"(2, 7, 7)",16,"(0.125, 0.438, 0.438)",0.05204327722967558,0.10408655445935118
decreasing,3,21,20,0.65,jeff_divergence,2.405461568349221,2.644650892600838,1.5959455978986625e-16,5.3873716336207265,41.85626380405163,36,67,3,526,"(7, 7, 2)",16,"(0.438, 0.438, 0.125)",0.05204327722967461,0.15612983168902578
decreasing,3,21,20,0.65,jeff_divergence,2.405461568349221,2.644650892600838,1.5959455978986625e-16,5.3873716336207265,41.85626380405163,36,67,4,488,"(9, 5, 2)",16,"(0.562, 0.312, 0.125)",0.03890950728894316,0.19503933897796893
decreasing,3,21,20,0.65,jeff_divergence,2.405461568349221,2.644650892600838,1.5959455978986625e-16,5.3873716336207265,41.85626380405163,36,67,5,564,"(5, 9, 2)",16,"(0.312, 0.562, 0.125)",0.03890950728894314,0.2339488462669121
decreasing,3,21,20,0.65,jeff_divergence,2.405461568349221,2.644650892600838,1.5959455978986625e-16,5.3873716336207265,41.85626380405163,36,67,6,1761,"(2, 9, 5)",16,"(0.125, 0.562, 0.312)",0.03890950728894293,0.272858353555855
decreasing,3,21,20,0.65,jeff_divergence,2.405461568349221,2.644650892600838,1.5959455978986625e-16,5.3873716336207265,41.85626380405163,36,67,7,1628,"(9, 2, 5)",16,"(0.562, 0.125, 0.312)",0.038909507288942914,0.31176786084479796
decreasing,3,21,20,0.65,jeff_divergence,2.405461568349221,2.644650892600838,1.5959455978986625e-16,5.3873716336207265,41.85626380405163,36,67,8,3281,"(2, 5, 9)",16,"(0.125, 0.312, 0.562)",0.03890950728894112,0.35067736813373906
decreasing,3,21,20,0.65,jeff_divergence,2.405461568349221,2.644650892600838,1.5959455978986625e-16,5.3873716336207265,41.85626380405163,36,67,9,3224,"(5, 2, 9)",16,"(0.312, 0.125, 0.562)",0.03890950728894109,0.38958687542268017
decreasing,3,21,20,0.65,jeff_divergence,2.405461568349221,2.644650892600838,1.5959455978986625e-16,5.3873716336207265,41.85626380405163,36,67,10,561,"(2, 9, 2)",13,"(0.154, 0.692, 0.154)",0.03152675255965223,0.42111362798233243
decreasing,3,21,20,0.909,jeff_divergence,2.94785766405085,1.9352548616718055,1.3877787807814457e-16,5.843166633302681,57.40747247912738,52,79,1,2941,"(2, 8, 8)",18,"(0.111, 0.444, 0.444)",0.03934794408509465,0.03934794408509465
decreasing,3,21,20,0.909,jeff_divergence,2.94785766405085,1.9352548616718055,1.3877787807814457e-16,5.843166633302681,57.40747247912738,52,79,2,2827,"(8, 2, 8)",18,"(0.444, 0.111, 0.444)",0.039347944085094635,0.07869588817018928
decreasing,3,21,20,0.909,jeff_divergence,2.94785766405085,1.9352548616718055,1.3877787807814457e-16,5.843166633302681,57.40747247912738,52,79,3,547,"(8, 8, 2)",18,"(0.444, 0.444, 0.111)",0.03934794408509451,0.1180438322552838
decreasing,3,21,20,0.909,jeff_divergence,2.94785766405085,1.9352548616718055,1.3877787807814457e-16,5.843166633302681,57.40747247912738,52,79,4,1268,"(9, 4, 4)",17,"(0.529, 0.235, 0.235)",0.031188108309448143,0.14923194056473194
decreasing,3,21,20,0.909,jeff_divergence,2.94785766405085,1.9352548616718055,1.3877787807814457e-16,5.843166633302681,57.40747247912738,52,79,5,1363,"(4, 9, 4)",17,"(0.235, 0.529, 0.235)",0.03118810830944814,0.18042004887418006
decreasing,3,21,20,0.909,jeff_divergence,2.94785766405085,1.9352548616718055,1.3877787807814457e-16,5.843166633302681,57.40747247912738,52,79,6,3263,"(4, 4, 9)",17,"(0.235, 0.235, 0.529)",0.031188108309447467,0.21160815718362752
decreasing,3,21,20,0.909,jeff_divergence,2.94785766405085,1.9352548616718055,1.3877787807814457e-16,5.843166633302681,57.40747247912738,52,79,7,581,"(2, 10, 2)",14,"(0.143, 0.714, 0.143)",0.02673784442505498,0.2383460016086825
decreasing,3,21,20,0.909,jeff_divergence,2.94785766405085,1.9352548616718055,1.3877787807814457e-16,5.843166633302681,57.40747247912738,52,79,8,429,"(10, 2, 2)",14,"(0.714, 0.143, 0.143)",0.02673784442505496,0.26508384603373747
decreasing,3,21,20,0.909,jeff_divergence,2.94785766405085,1.9352548616718055,1.3877787807814457e-16,5.843166633302681,57.40747247912738,52,79,9,3621,"(2, 2, 10)",14,"(0.143, 0.143, 0.714)",0.02673784442505496,0.2918216904587924
decreasing,3,21,20,0.909,jeff_divergence,2.94785766405085,1.9352548616718055,1.3877787807814457e-16,5.843166633302681,57.40747247912738,52,79,10,2467,"(8, 4, 7)",19,"(0.421, 0.211, 0.368)",0.023328122730886282,0.3151498131896787
decreasing,3,21,20,1.27,jeff_divergence,3.4894877272704803,1.4296259168773497,8.673617379884035e-17,6.451992970771586,87.54743289225102,71,133,1,3663,"(4, 4, 10)",18,"(0.222, 0.222, 0.556)",0.02226314377168389,0.02226314377168389
decreasing,3,21,20,1.27,jeff_divergence,3.4894877272704803,1.4296259168773497,8.673617379884035e-17,6.451992970771586,87.54743289225102,71,133,2,1269,"(10, 4, 4)",18,"(0.556, 0.222, 0.222)",0.022263143771682675,0.044526287543366565
decreasing,3,21,20,1.27,jeff_divergence,3.4894877272704803,1.4296259168773497,8.673617379884035e-17,6.451992970771586,87.54743289225102,71,133,3,1383,"(4, 10, 4)",18,"(0.222, 0.556, 0.222)",0.022263143771682654,0.06678943131504922
decreasing,3,21,20,1.27,jeff_divergence,3.4894877272704803,1.4296259168773497,8.673617379884035e-17,6.451992970771586,87.54743289225102,71,133,4,3661,"(2, 4, 10)",16,"(0.125, 0.250, 0.625)",0.018214491330079637,0.08500392264512885
decreasing,3,21,20,1.27,jeff_divergence,3.4894877272704803,1.4296259168773497,8.673617379884035e-17,6.451992970771586,87.54743289225102,71,133,5,3623,"(4, 2, 10)",16,"(0.250, 0.125, 0.625)",0.01821449133007961,0.10321841397520845
decreasing,3,21,20,1.27,jeff_divergence,3.4894877272704803,1.4296259168773497,8.673617379884035e-17,6.451992970771586,87.54743289225102,71,133,6,583,"(4, 10, 2)",16,"(0.250, 0.625, 0.125)",0.018214491330079442,0.12143290530528789
decreasing,3,21,20,1.27,jeff_divergence,3.4894877272704803,1.4296259168773497,8.673617379884035e-17,6.451992970771586,87.54743289225102,71,133,7,469,"(10, 4, 2)",16,"(0.625, 0.250, 0.125)",0.018214491330079352,0.13964739663536724
decreasing,3,21,20,1.27,jeff_divergence,3.4894877272704803,1.4296259168773497,8.673617379884035e-17,6.451992970771586,87.54743289225102,71,133,8,1381,"(2, 10, 4)",16,"(0.125, 0.625, 0.250)",0.018214491330079352,0.1578618879654466
decreasing,3,21,20,1.27,jeff_divergence,3.4894877272704803,1.4296259168773497,8.673617379884035e-17,6.451992970771586,87.54743289225102,71,133,9,1229,"(10, 2, 4)",16,"(0.625, 0.125, 0.250)",0.018214491330079324,0.17607637929552591
decreasing,3,21,20,1.27,jeff_divergence,3.4894877272704803,1.4296259168773497,8.673617379884035e-17,6.451992970771586,87.54743289225102,71,133,10,2147,"(8, 8, 6)",22,"(0.364, 0.364, 0.273)",0.017158155248098918,0.19323453454362483
decreasing,3,21,20,1.7750000000000001,jeff_divergence,4.0346531547085185,1.0652532804409693,1.0061396160665481e-16,6.984809152582578,126.65929574368596,110,172,1,568,"(9, 9, 2)",20,"(0.450, 0.450, 0.100)",0.01810299500940308,0.01810299500940308
decreasing,3,21,20,1.7750000000000001,jeff_divergence,4.0346531547085185,1.0652532804409693,1.0061396160665481e-16,6.984809152582578,126.65929574368596,110,172,2,3228,"(9, 2, 9)",20,"(0.450, 0.100, 0.450)",0.018102995009403017,0.036205990018806096
decreasing,3,21,20,1.7750000000000001,jeff_divergence,4.0346531547085185,1.0652532804409693,1.0061396160665481e-16,6.984809152582578,126.65929574368596,110,172,3,3361,"(2, 9, 9)",20,"(0.100, 0.450, 0.450)",0.01810299500940301,0.054308985028209106
decreasing,3,21,20,1.7750000000000001,jeff_divergence,4.0346531547085185,1.0652532804409693,1.0061396160665481e-16,6.984809152582578,126.65929574368596,110,172,4,581,"(2, 10, 2)",14,"(0.143, 0.714, 0.143)",0.01620568243264727,0.07051466746085638
decreasing,3,21,20,1.7750000000000001,jeff_divergence,4.0346531547085185,1.0652532804409693,1.0061396160665481e-16,6.984809152582578,126.65929574368596,110,172,5,429,"(10, 2, 2)",14,"(0.714, 0.143, 0.143)",0.016205682432647212,0.08672034989350359
decreasing,3,21,20,1.7750000000000001,jeff_divergence,4.0346531547085185,1.0652532804409693,1.0061396160665481e-16,6.984809152582578,126.65929574368596,110,172,6,3621,"(2, 2, 10)",14,"(0.143, 0.143, 0.714)",0.016205682432647042,0.10292603232615063
decreasing,3,21,20,1.7750000000000001,jeff_divergence,4.0346531547085185,1.0652532804409693,1.0061396160665481e-16,6.984809152582578,126.65929574368596,110,172,7,2183,"(4, 10, 6)",20,"(0.200, 0.500, 0.300)",0.015804784033153163,0.1187308163593038
decreasing,3,21,20,1.7750000000000001,jeff_divergence,4.0346531547085185,1.0652532804409693,1.0061396160665481e-16,6.984809152582578,126.65929574368596,110,172,8,2069,"(10, 4, 6)",20,"(0.500, 0.200, 0.300)",0.015804784033153156,0.13453560039245696
decreasing,3,21,20,1.7750000000000001,jeff_divergence,4.0346531547085185,1.0652532804409693,1.0061396160665481e-16,6.984809152582578,126.65929574368596,110,172,9,1385,"(6, 10, 4)",20,"(0.300, 0.500, 0.200)",0.01580478403315315,0.1503403844256101
decreasing,3,21,20,1.7750000000000001,jeff_divergence,4.0346531547085185,1.0652532804409693,1.0061396160665481e-16,6.984809152582578,126.65929574368596,110,172,10,1309,"(10, 6, 4)",20,"(0.500, 0.300, 0.200)",0.015804784033153142,0.16614516845876323
decreasing,3,21,20,2.48,jeff_divergence,4.642768178867998,0.7747828869455586,2.7755575615628914e-17,7.983504738840551,253.0896568149571,214,319,1,3669,"(10, 4, 10)",24,"(0.417, 0.167, 0.417)",0.009634376154430859,0.009634376154430859
decreasing,3,21,20,2.48,jeff_divergence,4.642768178867998,0.7747828869455586,2.7755575615628914e-17,7.983504738840551,253.0896568149571,214,319,2,3783,"(4, 10, 10)",24,"(0.167, 0.417, 0.417)",0.009634376154430805,0.019268752308861666
decreasing,3,21,20,2.48,jeff_divergence,4.642768178867998,0.7747828869455586,2.7755575615628914e-17,7.983504738840551,253.0896568149571,214,319,3,1389,"(10, 10, 4)",24,"(0.417, 0.417, 0.167)",0.009634376154429428,0.028903128463291093
decreasing,3,21,20,2.48,jeff_divergence,4.642768178867998,0.7747828869455586,2.7755575615628914e-17,7.983504738840551,253.0896568149571,214,319,4,4105,"(6, 6, 11)",23,"(0.261, 0.261, 0.478)",0.007910413880155013,0.03681354234344611
decreasing,3,21,20,2.48,jeff_divergence,4.642768178867998,0.7747828869455586,2.7755575615628914e-17,7.983504738840551,253.0896568149571,214,319,5,2110,"(11, 6, 6)",23,"(0.478, 0.261, 0.261)",0.00791041388015331,0.04472395622359942
decreasing,3,21,20,2.48,jeff_divergence,4.642768178867998,0.7747828869455586,2.7755575615628914e-17,7.983504738840551,253.0896568149571,214,319,6,2205,"(6, 11, 6)",23,"(0.261, 0.478, 0.261)",0.007910413880152305,0.05263437010375172
decreasing,3,21,20,2.48,jeff_divergence,4.642768178867998,0.7747828869455586,2.7755575615628914e-17,7.983504738840551,253.0896568149571,214,319,7,3709,"(10, 6, 10)",26,"(0.385, 0.231, 0.385)",0.007548877962315214,0.06018324806606694
decreasing,3,21,20,2.48,jeff_divergence,4.642768178867998,0.7747828869455586,2.7755575615628914e-17,7.983504738840551,253.0896568149571,214,319,8,3785,"(6, 10, 10)",26,"(0.231, 0.385, 0.385)",0.0075488779623150235,0.06773212602838197
decreasing,3,21,20,2.48,jeff_divergence,4.642768178867998,0.7747828869455586,2.7755575615628914e-17,7.983504738840551,253.0896568149571,214,319,9,2189,"(10, 10, 6)",26,"(0.385, 0.385, 0.231)",0.007548877962311291,0.07528100399069326
decreasing,3,21,20,2.48,jeff_divergence,4.642768178867998,0.7747828869455586,2.7755575615628914e-17,7.983504738840551,253.0896568149571,214,319,10,1350,"(11, 8, 4)",23,"(0.478, 0.348, 0.174)",0.006990109083843455,0.08227111307453672
decreasing,3,21,20,3.466,jeff_divergence,5.284376662423582,0.5552463301244863,2.3418766925686896e-17,8.396391043075647,336.95007648578434,284,442,1,4202,"(3, 11, 11)",25,"(0.120, 0.440, 0.440)",0.006835926122265348,0.006835926122265348
decreasing,3,21,20,3.466,jeff_divergence,5.284376662423582,0.5552463301244863,2.3418766925686896e-17,8.396391043075647,336.95007648578434,284,442,2,4050,"(11, 3, 11)",25,"(0.440, 0.120, 0.440)",0.006835926122265329,0.013671852244530677
decreasing,3,21,20,3.466,jeff_divergence,5.284376662423582,0.5552463301244863,2.3418766925686896e-17,8.396391043075647,336.95007648578434,284,442,3,1010,"(11, 11, 3)",25,"(0.440, 0.440, 0.120)",0.006835926122264391,0.020507778366795067
decreasing,3,21,20,3.466,jeff_divergence,5.284376662423582,0.5552463301244863,2.3418766925686896e-17,8.396391043075647,336.95007648578434,284,442,4,3211,"(12, 1, 9)",22,"(0.545, 0.045, 0.409)",0.005655299388107856,0.026163077754902925
decreasing,3,21,20,3.466,jeff_divergence,5.284376662423582,0.5552463301244863,2.3418766925686896e-17,8.396391043075647,336.95007648578434,284,442,5,3420,"(1, 12, 9)",22,"(0.045, 0.545, 0.409)",0.005655299388107849,0.03181837714301077
decreasing,3,21,20,3.466,jeff_divergence,5.284376662423582,0.5552463301244863,2.3418766925686896e-17,8.396391043075647,336.95007648578434,284,442,6,4408,"(9, 1, 12)",22,"(0.409, 0.045, 0.545)",0.005655299388107753,0.03747367653111852
decreasing,3,21,20,3.466,jeff_divergence,5.284376662423582,0.5552463301244863,2.3418766925686896e-17,8.396391043075647,336.95007648578434,284,442,7,4560,"(1, 9, 12)",22,"(0.045, 0.409, 0.545)",0.005655299388107738,0.04312897591922626
decreasing,3,21,20,3.466,jeff_divergence,5.284376662423582,0.5552463301244863,2.3418766925686896e-17,8.396391043075647,336.95007648578434,284,442,8,228,"(9, 12, 1)",22,"(0.409, 0.545, 0.045)",0.005655299388107573,0.04878427530733383
decreasing,3,21,20,3.466,jeff_divergence,5.284376662423582,0.5552463301244863,2.3418766925686896e-17,8.396391043075647,336.95007648578434,284,442,9,171,"(12, 9, 1)",22,"(0.545, 0.409, 0.045)",0.005655299388107481,0.054439574695441306
decreasing,3,21,20,3.466,jeff_divergence,5.284376662423582,0.5552463301244863,2.3418766925686896e-17,8.396391043075647,336.95007648578434,284,442,10,884,"(5, 5, 3)",13,"(0.385, 0.385, 0.231)",0.005626282272770948,0.060065856968212254
decreasing,3,21,20,4.843,jeff_divergence,5.9411497302391005,0.39426060941819147,2.2551405187698492e-17,9.111034926868527,552.9613853691791,471,699,1,1642,"(3, 3, 5)",11,"(0.273, 0.273, 0.455)",0.005044931573132417,0.005044931573132417
decreasing,3,21,20,4.843,jeff_divergence,5.9411497302391005,0.39426060941819147,2.2551405187698492e-17,9.111034926868527,552.9613853691791,471,699,2,844,"(5, 3, 3)",11,"(0.455, 0.273, 0.273)",0.005044931573132393,0.01008986314626481
decreasing,3,21,20,4.843,jeff_divergence,5.9411497302391005,0.39426060941819147,2.2551405187698492e-17,9.111034926868527,552.9613853691791,471,699,3,882,"(3, 5, 3)",11,"(0.273, 0.455, 0.273)",0.0050449315731323895,0.0151347947193972
decreasing,3,21,20,4.843,jeff_divergence,5.9411497302391005,0.39426060941819147,2.2551405187698492e-17,9.111034926868527,552.9613853691791,471,699,4,842,"(3, 3, 3)",9,"(0.333, 0.333, 0.333)",0.004107385610511503,0.019242180329908702
decreasing,3,21,20,4.843,jeff_divergence,5.9411497302391005,0.39426060941819147,2.2551405187698492e-17,9.111034926868527,552.9613853691791,471,699,5,852,"(13, 3, 3)",19,"(0.684, 0.158, 0.158)",0.00377059755555292,0.023012777885461622
decreasing,3,21,20,4.843,jeff_divergence,5.9411497302391005,0.39426060941819147,2.2551405187698492e-17,9.111034926868527,552.9613853691791,471,699,6,1042,"(3, 13, 3)",19,"(0.158, 0.684, 0.158)",0.003770597555552918,0.02678337544101454
decreasing,3,21,20,4.843,jeff_divergence,5.9411497302391005,0.39426060941819147,2.2551405187698492e-17,9.111034926868527,552.9613853691791,471,699,7,4842,"(3, 3, 13)",19,"(0.158, 0.158, 0.684)",0.0037705975555528135,0.03055397299656735
decreasing,3,21,20,4.843,jeff_divergence,5.9411497302391005,0.39426060941819147,2.2551405187698492e-17,9.111034926868527,552.9613853691791,471,699,8,262,"(3, 14, 1)",18,"(0.167, 0.778, 0.056)",0.0037439944829374913,0.034297967479504844
decreasing,3,21,20,4.843,jeff_divergence,5.9411497302391005,0.39426060941819147,2.2551405187698492e-17,9.111034926868527,552.9613853691791,471,699,9,1060,"(1, 14, 3)",18,"(0.056, 0.778, 0.167)",0.0037439944829374887,0.03804196196244233
decreasing,3,21,20,4.843,jeff_divergence,5.9411497302391005,0.39426060941819147,2.2551405187698492e-17,9.111034926868527,552.9613853691791,471,699,10,5240,"(1, 3, 14)",18,"(0.056, 0.167, 0.778)",0.003743994482937488,0.04178595644537982
decreasing,3,21,20,6.767,jeff_divergence,6.625875437151509,0.2742936119745888,5.637851296924623e-18,9.920889683119288,969.3606325823603,827,1173,1,5642,"(3, 3, 15)",21,"(0.143, 0.143, 0.714)",0.002719014584647129,0.002719014584647129
decreasing,3,21,20,6.767,jeff_divergence,6.625875437151509,0.2742936119745888,5.637851296924623e-18,9.920889683119288,969.3606325823603,827,1173,2,854,"(15, 3, 3)",21,"(0.714, 0.143, 0.143)",0.0027190145846470795,0.0054380291692942085
decreasing,3,21,20,6.767,jeff_divergence,6.625875437151509,0.2742936119745888,5.637851296924623e-18,9.920889683119288,969.3606325823603,827,1173,3,1082,"(3, 15, 3)",21,"(0.143, 0.714, 0.143)",0.0027190145846470717,0.00815704375394128
decreasing,3,21,20,6.767,jeff_divergence,6.625875437151509,0.2742936119745888,5.637851296924623e-18,9.920889683119288,969.3606325823603,827,1173,4,1463,"(4, 14, 4)",22,"(0.182, 0.636, 0.182)",0.002587709590354163,0.010744753344295442
decreasing,3,21,20,6.767,jeff_divergence,6.625875437151509,0.2742936119745888,5.637851296924623e-18,9.920889683119288,969.3606325823603,827,1173,5,1273,"(14, 4, 4)",22,"(0.636, 0.182, 0.182)",0.0025877095903541624,0.013332462934649604
decreasing,3,21,20,6.767,jeff_divergence,6.625875437151509,0.2742936119745888,5.637851296924623e-18,9.920889683119288,969.3606325823603,827,1173,6,5263,"(4, 4, 14)",22,"(0.182, 0.182, 0.636)",0.0025877095903541108,0.015920172525003714
decreasing,3,21,20,6.767,jeff_divergence,6.625875437151509,0.2742936119745888,5.637851296924623e-18,9.920889683119288,969.3606325823603,827,1173,7,1480,"(1, 15, 4)",20,"(0.050, 0.750, 0.200)",0.0024204569720907374,0.018340629497094453
decreasing,3,21,20,6.767,jeff_divergence,6.625875437151509,0.2742936119745888,5.637851296924623e-18,9.920889683119288,969.3606325823603,827,1173,8,1214,"(15, 1, 4)",20,"(0.750, 0.050, 0.200)",0.0024204569720907357,0.02076108646918519
decreasing,3,21,20,6.767,jeff_divergence,6.625875437151509,0.2742936119745888,5.637851296924623e-18,9.920889683119288,969.3606325823603,827,1173,9,5660,"(1, 4, 15)",20,"(0.050, 0.200, 0.750)",0.0024204569720907357,0.023181543441275924
decreasing,3,21,20,6.767,jeff_divergence,6.625875437151509,0.2742936119745888,5.637851296924623e-18,9.920889683119288,969.3606325823603,827,1173,10,5603,"(4, 1, 15)",20,"(0.200, 0.050, 0.750)",0.002420456972090735,0.02560200041336666
decreasing,3,21,20,9.457,jeff_divergence,7.302523292896253,0.18927417464467466,3.903127820947816e-18,10.525767085510477,1474.251641831339,1254,1822,1,4000,"(1, 1, 11)",13,"(0.077, 0.077, 0.846)",0.001591695117796782,0.001591695117796782
decreasing,3,21,20,9.457,jeff_divergence,7.302523292896253,0.18927417464467466,3.903127820947816e-18,10.525767085510477,1474.251641831339,1254,1822,2,200,"(1, 11, 1)",13,"(0.077, 0.846, 0.077)",0.0015916951177967784,0.0031833902355935606
decreasing,3,21,20,9.457,jeff_divergence,7.302523292896253,0.18927417464467466,3.903127820947816e-18,10.525767085510477,1474.251641831339,1254,1822,3,10,"(11, 1, 1)",13,"(0.846, 0.077, 0.077)",0.0015916951177967617,0.004775085353390322
decreasing,3,21,20,9.457,jeff_divergence,7.302523292896253,0.18927417464467466,3.903127820947816e-18,10.525767085510477,1474.251641831339,1254,1822,4,6401,"(2, 1, 17)",20,"(0.100, 0.050, 0.850)",0.0015894479066397896,0.006364533260030112
decreasing,3,21,20,9.457,jeff_divergence,7.302523292896253,0.18927417464467466,3.903127820947816e-18,10.525767085510477,1474.251641831339,1254,1822,5,6420,"(1, 2, 17)",20,"(0.050, 0.100, 0.850)",0.0015894479066397896,0.007953981166669902
decreasing,3,21,20,9.457,jeff_divergence,7.302523292896253,0.18927417464467466,3.903127820947816e-18,10.525767085510477,1474.251641831339,1254,1822,6,321,"(2, 17, 1)",20,"(0.100, 0.850, 0.050)",0.0015894479066397892,0.00954342907330969
decreasing,3,21,20,9.457,jeff_divergence,7.302523292896253,0.18927417464467466,3.903127820947816e-18,10.525767085510477,1474.251641831339,1254,1822,7,416,"(17, 1, 2)",20,"(0.850, 0.050, 0.100)",0.0015894479066397888,0.011132876979949479
decreasing,3,21,20,9.457,jeff_divergence,7.302523292896253,0.18927417464467466,3.903127820947816e-18,10.525767085510477,1474.251641831339,1254,1822,8,720,"(1, 17, 2)",20,"(0.050, 0.850, 0.100)",0.0015894479066397888,0.012722324886589267
decreasing,3,21,20,9.457,jeff_divergence,7.302523292896253,0.18927417464467466,3.903127820947816e-18,10.525767085510477,1474.251641831339,1254,1822,9,36,"(17, 2, 1)",20,"(0.850, 0.100, 0.050)",0.0015894479066397881,0.014311772793229056
decreasing,3,21,20,9.457,jeff_divergence,7.302523292896253,0.18927417464467466,3.903127820947816e-18,10.525767085510477,1474.251641831339,1254,1822,10,6080,"(1, 5, 16)",22,"(0.045, 0.227, 0.727)",0.0015769655774184187,0.015888738370647474
decreasing,3,21,20,13.215,jeff_divergence,7.963261585535514,0.1299219320872889,2.2768245622195593e-18,11.034639645597007,2097.768330409183,1799,2630,1,16,"(17, 1, 1)",19,"(0.895, 0.053, 0.053)",0.0015449452637684065,0.0015449452637684065
decreasing,3,21,20,13.215,jeff_divergence,7.963261585535514,0.1299219320872889,2.2768245622195593e-18,11.034639645597007,2097.768330409183,1799,2630,2,6400,"(1, 1, 17)",19,"(0.053, 0.053, 0.895)",0.001544945263768404,0.0030898905275368108
decreasing,3,21,20,13.215,jeff_divergence,7.963261585535514,0.1299219320872889,2.2768245622195593e-18,11.034639645597007,2097.768330409183,1799,2630,3,320,"(1, 17, 1)",19,"(0.053, 0.895, 0.053)",0.0015449452637684004,0.004634835791305211
decreasing,3,21,20,13.215,jeff_divergence,7.963261585535514,0.1299219320872889,2.2768245622195593e-18,11.034639645597007,2097.768330409183,1799,2630,4,4400,"(1, 1, 12)",14,"(0.071, 0.071, 0.857)",0.0014250848364784207,0.006059920627783631
decreasing,3,21,20,13.215,jeff_divergence,7.963261585535514,0.1299219320872889,2.2768245622195593e-18,11.034639645597007,2097.768330409183,1799,2630,5,11,"(12, 1, 1)",14,"(0.857, 0.071, 0.071)",0.00142508483647842,0.007485005464262052
decreasing,3,21,20,13.215,jeff_divergence,7.963261585535514,0.1299219320872889,2.2768245622195593e-18,11.034639645597007,2097.768330409183,1799,2630,6,220,"(1, 12, 1)",14,"(0.071, 0.857, 0.071)",0.001425084836478414,0.008910090300740466
decreasing,3,21,20,13.215,jeff_divergence,7.963261585535514,0.1299219320872889,2.2768245622195593e-18,11.034639645597007,2097.768330409183,1799,2630,7,160,"(1, 9, 1)",11,"(0.091, 0.818, 0.091)",0.001348233834141698,0.010258324134882164
decreasing,3,21,20,13.215,jeff_divergence,7.963261585535514,0.1299219320872889,2.2768245622195593e-18,11.034639645597007,2097.768330409183,1799,2630,8,3200,"(1, 1, 9)",11,"(0.091, 0.091, 0.818)",0.0013482338341416964,0.01160655796902386
decreasing,3,21,20,13.215,jeff_divergence,7.963261585535514,0.1299219320872889,2.2768245622195593e-18,11.034639645597007,2097.768330409183,1799,2630,9,8,"(9, 1, 1)",11,"(0.818, 0.091, 0.091)",0.001348233834141696,0.012954791803165555
decreasing,3,21,20,13.215,jeff_divergence,7.963261585535514,0.1299219320872889,2.2768245622195593e-18,11.034639645597007,2097.768330409183,1799,2630,10,1616,"(17, 1, 5)",23,"(0.739, 0.043, 0.217)",0.0012179007792860023,0.014172692582451558
decreasing,3,21,20,18.467,jeff_divergence,8.619932633807853,0.08770720005317406,1.3010426069826053e-18,11.495015507582265,2886.3199315236297,2450,3592,1,340,"(1, 18, 1)",20,"(0.050, 0.900, 0.050)",0.001286561684888376,0.001286561684888376
decreasing,3,21,20,18.467,jeff_divergence,8.619932633807853,0.08770720005317406,1.3010426069826053e-18,11.495015507582265,2886.3199315236297,2450,3592,2,6800,"(1, 1, 18)",20,"(0.050, 0.050, 0.900)",0.0012865616848883742,0.00257312336977675
decreasing,3,21,20,18.467,jeff_divergence,8.619932633807853,0.08770720005317406,1.3010426069826053e-18,11.495015507582265,2886.3199315236297,2450,3592,3,17,"(18, 1, 1)",20,"(0.900, 0.050, 0.050)",0.0012865616848883735,0.003859685054665124
decreasing,3,21,20,18.467,jeff_divergence,8.619932633807853,0.08770720005317406,1.3010426069826053e-18,11.495015507582265,2886.3199315236297,2450,3592,4,0,"(1, 1, 1)",3,"(0.333, 0.333, 0.333)",0.0011613721361740542,0.0050210571908391784
decreasing,3,21,20,18.467,jeff_divergence,8.619932633807853,0.08770720005317406,1.3010426069826053e-18,11.495015507582265,2886.3199315236297,2450,3592,5,1,"(2, 1, 1)",4,"(0.500, 0.250, 0.250)",0.0010560761772601165,0.006077133368099295
decreasing,3,21,20,18.467,jeff_divergence,8.619932633807853,0.08770720005317406,1.3010426069826053e-18,11.495015507582265,2886.3199315236297,2450,3592,6,20,"(1, 2, 1)",4,"(0.250, 0.500, 0.250)",0.0010560761772601163,0.007133209545359412
decreasing,3,21,20,18.467,jeff_divergence,8.619932633807853,0.08770720005317406,1.3010426069826053e-18,11.495015507582265,2886.3199315236297,2450,3592,7,400,"(1, 1, 2)",4,"(0.250, 0.250, 0.500)",0.0010560761772601163,0.008189285722619528
decreasing,3,21,20,18.467,jeff_divergence,8.619932633807853,0.08770720005317406,1.3010426069826053e-18,11.495015507582265,2886.3199315236297,2450,3592,8,21,"(2, 2, 1)",5,"(0.400, 0.400, 0.200)",0.0009606522139651524,0.00914993793658468
decreasing,3,21,20,18.467,jeff_divergence,8.619932633807853,0.08770720005317406,1.3010426069826053e-18,11.495015507582265,2886.3199315236297,2450,3592,9,401,"(2, 1, 2)",5,"(0.400, 0.200, 0.400)",0.0009606522139651523,0.010110590150549832
decreasing,3,21,20,18.467,jeff_divergence,8.619932633807853,0.08770720005317406,1.3010426069826053e-18,11.495015507582265,2886.3199315236297,2450,3592,10,420,"(1, 2, 2)",5,"(0.200, 0.400, 0.400)",0.0009606522139651522,0.011071242364514984
decreasing,3,21,20,25.806,jeff_divergence,9.274258187184259,0.05758431341966824,9.215718466126788e-19,11.800041837776266,3565.878515299419,3127,4535,1,0,"(1, 1, 1)",3,"(0.333, 0.333, 0.333)",0.0011613692301895814,0.0011613692301895814
decreasing,3,21,20,25.806,jeff_divergence,9.274258187184259,0.05758431341966824,9.215718466126788e-19,11.800041837776266,3565.878515299419,3127,4535,2,1,"(2, 1, 1)",4,"(0.500, 0.250, 0.250)",0.0010558944825682247,0.002217263712757806
decreasing,3,21,20,25.806,jeff_divergence,9.274258187184259,0.05758431341966824,9.215718466126788e-19,11.800041837776266,3565.878515299419,3127,4535,3,20,"(1, 2, 1)",4,"(0.250, 0.500, 0.250)",0.0010558944825682245,0.0032731581953260305
decreasing,3,21,20,25.806,jeff_divergence,9.274258187184259,0.05758431341966824,9.215718466126788e-19,11.800041837776266,3565.878515299419,3127,4535,4,400,"(1, 1, 2)",4,"(0.250, 0.250, 0.500)",0.0010558944825682242,0.0043290526778942545
decreasing,3,21,20,25.806,jeff_divergence,9.274258187184259,0.05758431341966824,9.215718466126788e-19,11.800041837776266,3565.878515299419,3127,4535,5,21,"(2, 2, 1)",5,"(0.400, 0.400, 0.200)",0.0009600017481052395,0.005289054425999494
decreasing,3,21,20,25.806,jeff_divergence,9.274258187184259,0.05758431341966824,9.215718466126788e-19,11.800041837776266,3565.878515299419,3127,4535,6,401,"(2, 1, 2)",5,"(0.400, 0.200, 0.400)",0.0009600017481052395,0.0062490561741047335
decreasing,3,21,20,25.806,jeff_divergence,9.274258187184259,0.05758431341966824,9.215718466126788e-19,11.800041837776266,3565.878515299419,3127,4535,7,420,"(1, 2, 2)",5,"(0.200, 0.400, 0.400)",0.0009600017481052395,0.007209057922209973
decreasing,3,21,20,25.806,jeff_divergence,9.274258187184259,0.05758431341966824,9.215718466126788e-19,11.800041837776266,3565.878515299419,3127,4535,8,2,"(3, 1, 1)",5,"(0.600, 0.200, 0.200)",0.000959848874438089,0.008168906796648062
decreasing,3,21,20,25.806,jeff_divergence,9.274258187184259,0.05758431341966824,9.215718466126788e-19,11.800041837776266,3565.878515299419,3127,4535,9,40,"(1, 3, 1)",5,"(0.200, 0.600, 0.200)",0.0009598488744380889,0.00912875567108615
decreasing,3,21,20,25.806,jeff_divergence,9.274258187184259,0.05758431341966824,9.215718466126788e-19,11.800041837776266,3565.878515299419,3127,4535,10,800,"(1, 1, 3)",5,"(0.200, 0.200, 0.600)",0.0009598488744380887,0.01008860454552424
decreasing,3,21,20,36.062,jeff_divergence,9.917382183514054,0.03638314393427977,8.131516293641283e-19,12.091540951111128,4364.319334006626,3886,5738,1,0,"(1, 1, 1)",3,"(0.333, 0.333, 0.333)",0.0011613692048998623,0.0011613692048998623
decreasing,3,21,20,36.062,jeff_divergence,9.917382183514054,0.03638314393427977,8.131516293641283e-19,12.091540951111128,4364.319334006626,3886,5738,2,20,"(1, 2, 1)",4,"(0.250, 0.500, 0.250)",0.00105580080978919,0.002217170014689052
decreasing,3,21,20,36.062,jeff_divergence,9.917382183514054,0.03638314393427977,8.131516293641283e-19,12.091540951111128,4364.319334006626,3886,5738,3,1,"(2, 1, 1)",4,"(0.500, 0.250, 0.250)",0.0010558008097891899,0.003272970824478242
decreasing,3,21,20,36.062,jeff_divergence,9.917382183514054,0.03638314393427977,8.131516293641283e-19,12.091540951111128,4364.319334006626,3886,5738,4,400,"(1, 1, 2)",4,"(0.250, 0.250, 0.500)",0.0010558008097891899,0.0043287716342674315
decreasing,3,21,20,36.062,jeff_divergence,9.917382183514054,0.03638314393427977,8.131516293641283e-19,12.091540951111128,4364.319334006626,3886,5738,5,800,"(1, 1, 3)",5,"(0.200, 0.200, 0.600)",0.0009601770527407984,0.00528894868700823
decreasing,3,21,20,36.062,jeff_divergence,9.917382183514054,0.03638314393427977,8.131516293641283e-19,12.091540951111128,4364.319334006626,3886,5738,6,2,"(3, 1, 1)",5,"(0.600, 0.200, 0.200)",0.0009601770527407983,0.006249125739749028
decreasing,3,21,20,36.062,jeff_divergence,9.917382183514054,0.03638314393427977,8.131516293641283e-19,12.091540951111128,4364.319334006626,3886,5738,7,40,"(1, 3, 1)",5,"(0.200, 0.600, 0.200)",0.0009601770527407982,0.007209302792489826
decreasing,3,21,20,36.062,jeff_divergence,9.917382183514054,0.03638314393427977,8.131516293641283e-19,12.091540951111128,4364.319334006626,3886,5738,8,420,"(1, 2, 2)",5,"(0.200, 0.400, 0.400)",0.0009598230313767,0.008169125823866526
decreasing,3,21,20,36.062,jeff_divergence,9.917382183514054,0.03638314393427977,8.131516293641283e-19,12.091540951111128,4364.319334006626,3886,5738,9,21,"(2, 2, 1)",5,"(0.400, 0.400, 0.200)",0.0009598230313766999,0.009128948855243227
decreasing,3,21,20,36.062,jeff_divergence,9.917382183514054,0.03638314393427977,8.131516293641283e-19,12.091540951111128,4364.319334006626,3886,5738,10,401,"(2, 1, 2)",5,"(0.400, 0.200, 0.400)",0.0009598230313766999,0.010088771886619927
decreasing,3,21,20,50.394,jeff_divergence,10.5295849245842,0.021931563819319204,6.505213034913027e-19,12.254256805235856,4885.38588104759,4513,6881,1,0,"(1, 1, 1)",3,"(0.333, 0.333, 0.333)",0.0011613692048693496,0.0011613692048693496
decreasing,3,21,20,50.394,jeff_divergence,10.5295849245842,0.021931563819319204,6.505213034913027e-19,12.254256805235856,4885.38588104759,4513,6881,2,1,"(2, 1, 1)",4,"(0.500, 0.250, 0.250)",0.0010557905058638105,0.00221715971073316
decreasing,3,21,20,50.394,jeff_divergence,10.5295849245842,0.021931563819319204,6.505213034913027e-19,12.254256805235856,4885.38588104759,4513,6881,3,20,"(1, 2, 1)",4,"(0.250, 0.500, 0.250)",0.0010557905058638103,0.0032729502165969706
decreasing,3,21,20,50.394,jeff_divergence,10.5295849245842,0.021931563819319204,6.505213034913027e-19,12.254256805235856,4885.38588104759,4513,6881,4,400,"(1, 1, 2)",4,"(0.250, 0.250, 0.500)",0.00105579050586381,0.004328740722460781
decreasing,3,21,20,50.394,jeff_divergence,10.5295849245842,0.021931563819319204,6.505213034913027e-19,12.254256805235856,4885.38588104759,4513,6881,5,2,"(3, 1, 1)",5,"(0.600, 0.200, 0.200)",0.0009598973989571339,0.005288638121417915
decreasing,3,21,20,50.394,jeff_divergence,10.5295849245842,0.021931563819319204,6.505213034913027e-19,12.254256805235856,4885.38588104759,4513,6881,6,40,"(1, 3, 1)",5,"(0.200, 0.600, 0.200)",0.0009598973989571339,0.006248535520375049
decreasing,3,21,20,50.394,jeff_divergence,10.5295849245842,0.021931563819319204,6.505213034913027e-19,12.254256805235856,4885.38588104759,4513,6881,7,800,"(1, 1, 3)",5,"(0.200, 0.200, 0.600)",0.0009598973989571339,0.007208432919332183
decreasing,3,21,20,50.394,jeff_divergence,10.5295849245842,0.021931563819319204,6.505213034913027e-19,12.254256805235856,4885.38588104759,4513,6881,8,420,"(1, 2, 2)",5,"(0.200, 0.400, 0.400)",0.000959809548126262,0.008168242467458444
decreasing,3,21,20,50.394,jeff_divergence,10.5295849245842,0.021931563819319204,6.505213034913027e-19,12.254256805235856,4885.38588104759,4513,6881,9,21,"(2, 2, 1)",5,"(0.400, 0.400, 0.200)",0.0009598095481262619,0.009128052015584706
decreasing,3,21,20,50.394,jeff_divergence,10.5295849245842,0.021931563819319204,6.505213034913027e-19,12.254256805235856,4885.38588104759,4513,6881,10,401,"(2, 1, 2)",5,"(0.400, 0.200, 0.400)",0.0009598095481262619,0.010087861563710969
decreasing,3,21,20,70.421,jeff_divergence,11.088535571680167,0.012476668453694943,4.336808689942018e-19,12.343821153355217,5198.289092640958,4875,7517,1,0,"(1, 1, 1)",3,"(0.333, 0.333, 0.333)",0.0011613692048693472,0.0011613692048693472
decreasing,3,21,20,70.421,jeff_divergence,11.088535571680167,0.012476668453694943,4.336808689942018e-19,12.343821153355217,5198.289092640958,4875,7517,2,1,"(2, 1, 1)",4,"(0.500, 0.250, 0.250)",0.0010557901884120978,0.002217159393281445
decreasing,3,21,20,70.421,jeff_divergence,11.088535571680167,0.012476668453694943,4.336808689942018e-19,12.343821153355217,5198.289092640958,4875,7517,3,20,"(1, 2, 1)",4,"(0.250, 0.500, 0.250)",0.0010557901884120978,0.003272949581693543
decreasing,3,21,20,70.421,jeff_divergence,11.088535571680167,0.012476668453694943,4.336808689942018e-19,12.343821153355217,5198.289092640958,4875,7517,4,400,"(1, 1, 2)",4,"(0.250, 0.250, 0.500)",0.0010557901884120978,0.004328739770105641
decreasing,3,21,20,70.421,jeff_divergence,11.088535571680167,0.012476668453694943,4.336808689942018e-19,12.343821153355217,5198.289092640958,4875,7517,5,2,"(3, 1, 1)",5,"(0.600, 0.200, 0.200)",0.0009598163156785953,0.005288556085784235
decreasing,3,21,20,70.421,jeff_divergence,11.088535571680167,0.012476668453694943,4.336808689942018e-19,12.343821153355217,5198.289092640958,4875,7517,6,40,"(1, 3, 1)",5,"(0.200, 0.600, 0.200)",0.0009598163156785953,0.00624837240146283
decreasing,3,21,20,70.421,jeff_divergence,11.088535571680167,0.012476668453694943,4.336808689942018e-19,12.343821153355217,5198.289092640958,4875,7517,7,800,"(1, 1, 3)",5,"(0.200, 0.200, 0.600)",0.0009598163156785953,0.007208188717141425
decreasing,3,21,20,70.421,jeff_divergence,11.088535571680167,0.012476668453694943,4.336808689942018e-19,12.343821153355217,5198.289092640958,4875,7517,8,21,"(2, 2, 1)",5,"(0.400, 0.400, 0.200)",0.0009598092615026973,0.008167997978644122
decreasing,3,21,20,70.421,jeff_divergence,11.088535571680167,0.012476668453694943,4.336808689942018e-19,12.343821153355217,5198.289092640958,4875,7517,9,401,"(2, 1, 2)",5,"(0.400, 0.200, 0.400)",0.0009598092615026973,0.009127807240146819
decreasing,3,21,20,70.421,jeff_divergence,11.088535571680167,0.012476668453694943,4.336808689942018e-19,12.343821153355217,5198.289092640958,4875,7517,10,420,"(1, 2, 2)",5,"(0.200, 0.400, 0.400)",0.0009598092615026973,0.010087616501649516
decreasing,3,21,20,98.407,jeff_divergence,11.57207031177627,0.006608273257257574,4.336808689942018e-19,12.396162186479893,5390.346078319972,5087,7933,1,0,"(1, 1, 1)",3,"(0.333, 0.333, 0.333)",0.0011613692048693472,0.0011613692048693472
decreasing,3,21,20,98.407,jeff_divergence,11.57207031177627,0.006608273257257574,4.336808689942018e-19,12.396162186479893,5390.346078319972,5087,7933,2,1,"(2, 1, 1)",4,"(0.500, 0.250, 0.250)",0.0010557901862468463,0.0022171593911161935
decreasing,3,21,20,98.407,jeff_divergence,11.57207031177627,0.006608273257257574,4.336808689942018e-19,12.396162186479893,5390.346078319972,5087,7933,3,20,"(1, 2, 1)",4,"(0.250, 0.500, 0.250)",0.0010557901862468463,0.00327294957736304
decreasing,3,21,20,98.407,jeff_divergence,11.57207031177627,0.006608273257257574,4.336808689942018e-19,12.396162186479893,5390.346078319972,5087,7933,4,400,"(1, 1, 2)",4,"(0.250, 0.250, 0.500)",0.0010557901862468463,0.004328739763609886
decreasing,3,21,20,98.407,jeff_divergence,11.57207031177627,0.006608273257257574,4.336808689942018e-19,12.396162186479893,5390.346078319972,5087,7933,5,2,"(3, 1, 1)",5,"(0.600, 0.200, 0.200)",0.000959809434413032,0.005288549198022918
decreasing,3,21,20,98.407,jeff_divergence,11.57207031177627,0.006608273257257574,4.336808689942018e-19,12.396162186479893,5390.346078319972,5087,7933,6,40,"(1, 3, 1)",5,"(0.200, 0.600, 0.200)",0.0009598094344130319,0.00624835863243595
decreasing,3,21,20,98.407,jeff_divergence,11.57207031177627,0.006608273257257574,4.336808689942018e-19,12.396162186479893,5390.346078319972,5087,7933,7,800,"(1, 1, 3)",5,"(0.200, 0.200, 0.600)",0.0009598094344130319,0.007208168066848982
decreasing,3,21,20,98.407,jeff_divergence,11.57207031177627,0.006608273257257574,4.336808689942018e-19,12.396162186479893,5390.346078319972,5087,7933,8,21,"(2, 2, 1)",5,"(0.400, 0.400, 0.200)",0.0009598092602232955,0.008167977327072277
decreasing,3,21,20,98.407,jeff_divergence,11.57207031177627,0.006608273257257574,4.336808689942018e-19,12.396162186479893,5390.346078319972,5087,7933,9,401,"(2, 1, 2)",5,"(0.400, 0.200, 0.400)",0.0009598092602232955,0.009127786587295572
decreasing,3,21,20,98.407,jeff_divergence,11.57207031177627,0.006608273257257574,4.336808689942018e-19,12.396162186479893,5390.346078319972,5087,7933,10,420,"(1, 2, 2)",5,"(0.200, 0.400, 0.400)",0.0009598092602232955,0.010087595847518867
decreasing,3,21,20,137.51500000000001,jeff_divergence,11.939169192419618,0.003406708134005478,3.2526065174565133e-19,12.409983727932072,5442.235711553941,5132,7990,1,0,"(1, 1, 1)",3,"(0.333, 0.333, 0.333)",0.0011613692048693472,0.0011613692048693472
decreasing,3,21,20,137.51500000000001,jeff_divergence,11.939169192419618,0.003406708134005478,3.2526065174565133e-19,12.409983727932072,5442.235711553941,5132,7990,2,1,"(2, 1, 1)",4,"(0.500, 0.250, 0.250)",0.0010557901862448614,0.0022171593911142085
decreasing,3,21,20,137.51500000000001,jeff_divergence,11.939169192419618,0.003406708134005478,3.2526065174565133e-19,12.409983727932072,5442.235711553941,5132,7990,3,20,"(1, 2, 1)",4,"(0.250, 0.500, 0.250)",0.0010557901862448614,0.00327294957735907
decreasing,3,21,20,137.51500000000001,jeff_divergence,11.939169192419618,0.003406708134005478,3.2526065174565133e-19,12.409983727932072,5442.235711553941,5132,7990,4,400,"(1, 1, 2)",4,"(0.250, 0.250, 0.500)",0.0010557901862448614,0.004328739763603932
decreasing,3,21,20,137.51500000000001,jeff_divergence,11.939169192419618,0.003406708134005478,3.2526065174565133e-19,12.409983727932072,5442.235711553941,5132,7990,5,40,"(1, 3, 1)",5,"(0.200, 0.600, 0.200)",0.0009598092611727387,0.00528854902477667
decreasing,3,21,20,137.51500000000001,jeff_divergence,11.939169192419618,0.003406708134005478,3.2526065174565133e-19,12.409983727932072,5442.235711553941,5132,7990,6,800,"(1, 1, 3)",5,"(0.200, 0.200, 0.600)",0.0009598092611727387,0.006248358285949409
decreasing,3,21,20,137.51500000000001,jeff_divergence,11.939169192419618,0.003406708134005478,3.2526065174565133e-19,12.409983727932072,5442.235711553941,5132,7990,7,2,"(3, 1, 1)",5,"(0.600, 0.200, 0.200)",0.0009598092611727385,0.007208167547122148
decreasing,3,21,20,137.51500000000001,jeff_divergence,11.939169192419618,0.003406708134005478,3.2526065174565133e-19,12.409983727932072,5442.235711553941,5132,7990,8,21,"(2, 2, 1)",5,"(0.400, 0.400, 0.200)",0.0009598092602226009,0.008167976807344749
decreasing,3,21,20,137.51500000000001,jeff_divergence,11.939169192419618,0.003406708134005478,3.2526065174565133e-19,12.409983727932072,5442.235711553941,5132,7990,9,401,"(2, 1, 2)",5,"(0.400, 0.200, 0.400)",0.0009598092602226009,0.00912778606756735
decreasing,3,21,20,137.51500000000001,jeff_divergence,11.939169192419618,0.003406708134005478,3.2526065174565133e-19,12.409983727932072,5442.235711553941,5132,7990,10,420,"(1, 2, 2)",5,"(0.200, 0.400, 0.400)",0.0009598092602226009,0.010087595327789951
decreasing,3,21,20,192.166,jeff_divergence,12.176332400599414,0.0019194982377501455,3.2526065174565133e-19,12.416515861770751,5466.932554415553,5157,8000,1,0,"(1, 1, 1)",3,"(0.333, 0.333, 0.333)",0.0011613692048693472,0.0011613692048693472
decreasing,3,21,20,192.166,jeff_divergence,12.176332400599414,0.0019194982377501455,3.2526065174565133e-19,12.416515861770751,5466.932554415553,5157,8000,2,1,"(2, 1, 1)",4,"(0.500, 0.250, 0.250)",0.0010557901862448611,0.0022171593911142085
decreasing,3,21,20,192.166,jeff_divergence,12.176332400599414,0.0019194982377501455,3.2526065174565133e-19,12.416515861770751,5466.932554415553,5157,8000,3,20,"(1, 2, 1)",4,"(0.250, 0.500, 0.250)",0.0010557901862448611,0.0032729495773590697
decreasing,3,21,20,192.166,jeff_divergence,12.176332400599414,0.0019194982377501455,3.2526065174565133e-19,12.416515861770751,5466.932554415553,5157,8000,4,400,"(1, 1, 2)",4,"(0.250, 0.250, 0.500)",0.0010557901862448611,0.004328739763603931
decreasing,3,21,20,192.166,jeff_divergence,12.176332400599414,0.0019194982377501455,3.2526065174565133e-19,12.416515861770751,5466.932554415553,5157,8000,5,2,"(3, 1, 1)",5,"(0.600, 0.200, 0.200)",0.0009598092602232514,0.0052885490238271824
decreasing,3,21,20,192.166,jeff_divergence,12.176332400599414,0.0019194982377501455,3.2526065174565133e-19,12.416515861770751,5466.932554415553,5157,8000,6,40,"(1, 3, 1)",5,"(0.200, 0.600, 0.200)",0.0009598092602232514,0.006248358284050434
decreasing,3,21,20,192.166,jeff_divergence,12.176332400599414,0.0019194982377501455,3.2526065174565133e-19,12.416515861770751,5466.932554415553,5157,8000,7,800,"(1, 1, 3)",5,"(0.200, 0.200, 0.600)",0.0009598092602232514,0.007208167544273686
decreasing,3,21,20,192.166,jeff_divergence,12.176332400599414,0.0019194982377501455,3.2526065174565133e-19,12.416515861770751,5466.932554415553,5157,8000,8,21,"(2, 2, 1)",5,"(0.400, 0.400, 0.200)",0.0009598092602226009,0.008167976804496286
decreasing,3,21,20,192.166,jeff_divergence,12.176332400599414,0.0019194982377501455,3.2526065174565133e-19,12.416515861770751,5466.932554415553,5157,8000,9,401,"(2, 1, 2)",5,"(0.400, 0.200, 0.400)",0.0009598092602226009,0.009127786064718887
decreasing,3,21,20,192.166,jeff_divergence,12.176332400599414,0.0019194982377501455,3.2526065174565133e-19,12.416515861770751,5466.932554415553,5157,8000,10,420,"(1, 2, 2)",5,"(0.200, 0.400, 0.400)",0.0009598092602226009,0.010087595324941488
decreasing,3,21,20,268.535,jeff_divergence,12.306295954891203,0.001333929440808566,3.2526065174565133e-19,12.419591862483141,5478.601152341891,5169,8000,1,0,"(1, 1, 1)",3,"(0.333, 0.333, 0.333)",0.0011613692048693472,0.0011613692048693472
decreasing,3,21,20,268.535,jeff_divergence,12.306295954891203,0.001333929440808566,3.2526065174565133e-19,12.419591862483141,5478.601152341891,5169,8000,2,1,"(2, 1, 1)",4,"(0.500, 0.250, 0.250)",0.0010557901862448611,0.0022171593911142085
decreasing,3,21,20,268.535,jeff_divergence,12.306295954891203,0.001333929440808566,3.2526065174565133e-19,12.419591862483141,5478.601152341891,5169,8000,3,20,"(1, 2, 1)",4,"(0.250, 0.500, 0.250)",0.0010557901862448611,0.0032729495773590697
decreasing,3,21,20,268.535,jeff_divergence,12.306295954891203,0.001333929440808566,3.2526065174565133e-19,12.419591862483141,5478.601152341891,5169,8000,4,400,"(1, 1, 2)",4,"(0.250, 0.250, 0.500)",0.0010557901862448611,0.004328739763603931
decreasing,3,21,20,268.535,jeff_divergence,12.306295954891203,0.001333929440808566,3.2526065174565133e-19,12.419591862483141,5478.601152341891,5169,8000,5,2,"(3, 1, 1)",5,"(0.600, 0.200, 0.200)",0.0009598092602226009,0.005288549023826532
decreasing,3,21,20,268.535,jeff_divergence,12.306295954891203,0.001333929440808566,3.2526065174565133e-19,12.419591862483141,5478.601152341891,5169,8000,6,21,"(2, 2, 1)",5,"(0.400, 0.400, 0.200)",0.0009598092602226009,0.006248358284049133
decreasing,3,21,20,268.535,jeff_divergence,12.306295954891203,0.001333929440808566,3.2526065174565133e-19,12.419591862483141,5478.601152341891,5169,8000,7,40,"(1, 3, 1)",5,"(0.200, 0.600, 0.200)",0.0009598092602226009,0.007208167544271734
decreasing,3,21,20,268.535,jeff_divergence,12.306295954891203,0.001333929440808566,3.2526065174565133e-19,12.419591862483141,5478.601152341891,5169,8000,8,401,"(2, 1, 2)",5,"(0.400, 0.200, 0.400)",0.0009598092602226009,0.008167976804494334
decreasing,3,21,20,268.535,jeff_divergence,12.306295954891203,0.001333929440808566,3.2526065174565133e-19,12.419591862483141,5478.601152341891,5169,8000,9,420,"(1, 2, 2)",5,"(0.200, 0.400, 0.400)",0.0009598092602226009,0.009127786064716936
decreasing,3,21,20,268.535,jeff_divergence,12.306295954891203,0.001333929440808566,3.2526065174565133e-19,12.419591862483141,5478.601152341891,5169,8000,10,800,"(1, 1, 3)",5,"(0.200, 0.200, 0.600)",0.0009598092602226009,0.010087595324939537
decreasing,3,21,20,375.254,jeff_divergence,12.3693425329873,0.0011301509521735706,3.2526065174565133e-19,12.42064707136903,5482.609749550701,5174,8000,1,0,"(1, 1, 1)",3,"(0.333, 0.333, 0.333)",0.0011613692048693472,0.0011613692048693472
decreasing,3,21,20,375.254,jeff_divergence,12.3693425329873,0.0011301509521735706,3.2526065174565133e-19,12.42064707136903,5482.609749550701,5174,8000,2,1,"(2, 1, 1)",4,"(0.500, 0.250, 0.250)",0.0010557901862448611,0.0022171593911142085
decreasing,3,21,20,375.254,jeff_divergence,12.3693425329873,0.0011301509521735706,3.2526065174565133e-19,12.42064707136903,5482.609749550701,5174,8000,3,20,"(1, 2, 1)",4,"(0.250, 0.500, 0.250)",0.0010557901862448611,0.0032729495773590697
decreasing,3,21,20,375.254,jeff_divergence,12.3693425329873,0.0011301509521735706,3.2526065174565133e-19,12.42064707136903,5482.609749550701,5174,8000,4,400,"(1, 1, 2)",4,"(0.250, 0.250, 0.500)",0.0010557901862448611,0.004328739763603931
decreasing,3,21,20,375.254,jeff_divergence,12.3693425329873,0.0011301509521735706,3.2526065174565133e-19,12.42064707136903,5482.609749550701,5174,8000,5,2,"(3, 1, 1)",5,"(0.600, 0.200, 0.200)",0.0009598092602226009,0.005288549023826532
decreasing,3,21,20,375.254,jeff_divergence,12.3693425329873,0.0011301509521735706,3.2526065174565133e-19,12.42064707136903,5482.609749550701,5174,8000,6,21,"(2, 2, 1)",5,"(0.400, 0.400, 0.200)",0.0009598092602226009,0.006248358284049133
decreasing,3,21,20,375.254,jeff_divergence,12.3693425329873,0.0011301509521735706,3.2526065174565133e-19,12.42064707136903,5482.609749550701,5174,8000,7,40,"(1, 3, 1)",5,"(0.200, 0.600, 0.200)",0.0009598092602226009,0.007208167544271734
decreasing,3,21,20,375.254,jeff_divergence,12.3693425329873,0.0011301509521735706,3.2526065174565133e-19,12.42064707136903,5482.609749550701,5174,8000,8,401,"(2, 1, 2)",5,"(0.400, 0.200, 0.400)",0.0009598092602226009,0.008167976804494334
decreasing,3,21,20,375.254,jeff_divergence,12.3693425329873,0.0011301509521735706,3.2526065174565133e-19,12.42064707136903,5482.609749550701,5174,8000,9,420,"(1, 2, 2)",5,"(0.200, 0.400, 0.400)",0.0009598092602226009,0.009127786064716936
decreasing,3,21,20,375.254,jeff_divergence,12.3693425329873,0.0011301509521735706,3.2526065174565133e-19,12.42064707136903,5482.609749550701,5174,8000,10,800,"(1, 1, 3)",5,"(0.200, 0.200, 0.600)",0.0009598092602226009,0.010087595324939537
decreasing,3,21,20,524.385,jeff_divergence,12.39788244641479,0.001064051562895348,2.168404344971009e-19,12.420838947588605,5483.338976699511,5175,8000,1,0,"(1, 1, 1)",3,"(0.333, 0.333, 0.333)",0.0011613692048693472,0.0011613692048693472
decreasing,3,21,20,524.385,jeff_divergence,12.39788244641479,0.001064051562895348,2.168404344971009e-19,12.420838947588605,5483.338976699511,5175,8000,2,1,"(2, 1, 1)",4,"(0.500, 0.250, 0.250)",0.0010557901862448611,0.0022171593911142085
decreasing,3,21,20,524.385,jeff_divergence,12.39788244641479,0.001064051562895348,2.168404344971009e-19,12.420838947588605,5483.338976699511,5175,8000,3,20,"(1, 2, 1)",4,"(0.250, 0.500, 0.250)",0.0010557901862448611,0.0032729495773590697
decreasing,3,21,20,524.385,jeff_divergence,12.39788244641479,0.001064051562895348,2.168404344971009e-19,12.420838947588605,5483.338976699511,5175,8000,4,400,"(1, 1, 2)",4,"(0.250, 0.250, 0.500)",0.0010557901862448611,0.004328739763603931
decreasing,3,21,20,524.385,jeff_divergence,12.39788244641479,0.001064051562895348,2.168404344971009e-19,12.420838947588605,5483.338976699511,5175,8000,5,2,"(3, 1, 1)",5,"(0.600, 0.200, 0.200)",0.0009598092602226009,0.005288549023826532
decreasing,3,21,20,524.385,jeff_divergence,12.39788244641479,0.001064051562895348,2.168404344971009e-19,12.420838947588605,5483.338976699511,5175,8000,6,21,"(2, 2, 1)",5,"(0.400, 0.400, 0.200)",0.0009598092602226009,0.006248358284049133
decreasing,3,21,20,524.385,jeff_divergence,12.39788244641479,0.001064051562895348,2.168404344971009e-19,12.420838947588605,5483.338976699511,5175,8000,7,40,"(1, 3, 1)",5,"(0.200, 0.600, 0.200)",0.0009598092602226009,0.007208167544271734
decreasing,3,21,20,524.385,jeff_divergence,12.39788244641479,0.001064051562895348,2.168404344971009e-19,12.420838947588605,5483.338976699511,5175,8000,8,401,"(2, 1, 2)",5,"(0.400, 0.200, 0.400)",0.0009598092602226009,0.008167976804494334
decreasing,3,21,20,524.385,jeff_divergence,12.39788244641479,0.001064051562895348,2.168404344971009e-19,12.420838947588605,5483.338976699511,5175,8000,9,420,"(1, 2, 2)",5,"(0.200, 0.400, 0.400)",0.0009598092602226009,0.009127786064716936
decreasing,3,21,20,524.385,jeff_divergence,12.39788244641479,0.001064051562895348,2.168404344971009e-19,12.420838947588605,5483.338976699511,5175,8000,10,800,"(1, 1, 3)",5,"(0.200, 0.200, 0.600)",0.0009598092602226009,0.010087595324939537
decreasing,3,21,20,732.783,jeff_divergence,12.410228485638898,0.0010435649442073695,2.168404344971009e-19,12.42071763803175,5482.877927456763,5174,8000,1,0,"(1, 1, 1)",3,"(0.333, 0.333, 0.333)",0.0011613692048693472,0.0011613692048693472
decreasing,3,21,20,732.783,jeff_divergence,12.410228485638898,0.0010435649442073695,2.168404344971009e-19,12.42071763803175,5482.877927456763,5174,8000,2,1,"(2, 1, 1)",4,"(0.500, 0.250, 0.250)",0.0010557901862448611,0.0022171593911142085
decreasing,3,21,20,732.783,jeff_divergence,12.410228485638898,0.0010435649442073695,2.168404344971009e-19,12.42071763803175,5482.877927456763,5174,8000,3,20,"(1, 2, 1)",4,"(0.250, 0.500, 0.250)",0.0010557901862448611,0.0032729495773590697
decreasing,3,21,20,732.783,jeff_divergence,12.410228485638898,0.0010435649442073695,2.168404344971009e-19,12.42071763803175,5482.877927456763,5174,8000,4,400,"(1, 1, 2)",4,"(0.250, 0.250, 0.500)",0.0010557901862448611,0.004328739763603931
decreasing,3,21,20,732.783,jeff_divergence,12.410228485638898,0.0010435649442073695,2.168404344971009e-19,12.42071763803175,5482.877927456763,5174,8000,5,2,"(3, 1, 1)",5,"(0.600, 0.200, 0.200)",0.0009598092602226009,0.005288549023826532
decreasing,3,21,20,732.783,jeff_divergence,12.410228485638898,0.0010435649442073695,2.168404344971009e-19,12.42071763803175,5482.877927456763,5174,8000,6,21,"(2, 2, 1)",5,"(0.400, 0.400, 0.200)",0.0009598092602226009,0.006248358284049133
decreasing,3,21,20,732.783,jeff_divergence,12.410228485638898,0.0010435649442073695,2.168404344971009e-19,12.42071763803175,5482.877927456763,5174,8000,7,40,"(1, 3, 1)",5,"(0.200, 0.600, 0.200)",0.0009598092602226009,0.007208167544271734
decreasing,3,21,20,732.783,jeff_divergence,12.410228485638898,0.0010435649442073695,2.168404344971009e-19,12.42071763803175,5482.877927456763,5174,8000,8,401,"(2, 1, 2)",5,"(0.400, 0.200, 0.400)",0.0009598092602226009,0.008167976804494334
decreasing,3,21,20,732.783,jeff_divergence,12.410228485638898,0.0010435649442073695,2.168404344971009e-19,12.42071763803175,5482.877927456763,5174,8000,9,420,"(1, 2, 2)",5,"(0.200, 0.400, 0.400)",0.0009598092602226009,0.009127786064716936
decreasing,3,21,20,732.783,jeff_divergence,12.410228485638898,0.0010435649442073695,2.168404344971009e-19,12.42071763803175,5482.877927456763,5174,8000,10,800,"(1, 1, 3)",5,"(0.200, 0.200, 0.600)",0.0009598092602226009,0.010087595324939537
decreasing,3,21,20,1024.0,jeff_divergence,12.415330374513212,0.0010375001823458997,2.168404344971009e-19,12.420523120344956,5482.138724225639,5173,8000,1,0,"(1, 1, 1)",3,"(0.333, 0.333, 0.333)",0.0011613692048693472,0.0011613692048693472
decreasing,3,21,20,1024.0,jeff_divergence,12.415330374513212,0.0010375001823458997,2.168404344971009e-19,12.420523120344956,5482.138724225639,5173,8000,2,1,"(2, 1, 1)",4,"(0.500, 0.250, 0.250)",0.0010557901862448611,0.0022171593911142085
decreasing,3,21,20,1024.0,jeff_divergence,12.415330374513212,0.0010375001823458997,2.168404344971009e-19,12.420523120344956,5482.138724225639,5173,8000,3,20,"(1, 2, 1)",4,"(0.250, 0.500, 0.250)",0.0010557901862448611,0.0032729495773590697
decreasing,3,21,20,1024.0,jeff_divergence,12.415330374513212,0.0010375001823458997,2.168404344971009e-19,12.420523120344956,5482.138724225639,5173,8000,4,400,"(1, 1, 2)",4,"(0.250, 0.250, 0.500)",0.0010557901862448611,0.004328739763603931
decreasing,3,21,20,1024.0,jeff_divergence,12.415330374513212,0.0010375001823458997,2.168404344971009e-19,12.420523120344956,5482.138724225639,5173,8000,5,2,"(3, 1, 1)",5,"(0.600, 0.200, 0.200)",0.0009598092602226009,0.005288549023826532
decreasing,3,21,20,1024.0,jeff_divergence,12.415330374513212,0.0010375001823458997,2.168404344971009e-19,12.420523120344956,5482.138724225639,5173,8000,6,21,"(2, 2, 1)",5,"(0.400, 0.400, 0.200)",0.0009598092602226009,0.006248358284049133
decreasing,3,21,20,1024.0,jeff_divergence,12.415330374513212,0.0010375001823458997,2.168404344971009e-19,12.420523120344956,5482.138724225639,5173,8000,7,40,"(1, 3, 1)",5,"(0.200, 0.600, 0.200)",0.0009598092602226009,0.007208167544271734
decreasing,3,21,20,1024.0,jeff_divergence,12.415330374513212,0.0010375001823458997,2.168404344971009e-19,12.420523120344956,5482.138724225639,5173,8000,8,401,"(2, 1, 2)",5,"(0.400, 0.200, 0.400)",0.0009598092602226009,0.008167976804494334
decreasing,3,21,20,1024.0,jeff_divergence,12.415330374513212,0.0010375001823458997,2.168404344971009e-19,12.420523120344956,5482.138724225639,5173,8000,9,420,"(1, 2, 2)",5,"(0.200, 0.400, 0.400)",0.0009598092602226009,0.009127786064716936
decreasing,3,21,20,1024.0,jeff_divergence,12.415330374513212,0.0010375001823458997,2.168404344971009e-19,12.420523120344956,5482.138724225639,5173,8000,10,800,"(1, 1, 3)",5,"(0.200, 0.200, 0.600)",0.0009598092602226009,0.010087595324939537
uniform,3,21,20,0.062,jeff_divergence,2.443454914153158e-11,11.167600258145635,7.771561172376096e-16,3.7107569929720324e-07,1.0000002572101079,1,2,1,1263,"(4, 4, 4)",12,"(0.333, 0.333, 0.333)",0.999999986544109,0.999999986544109
uniform,3,21,20,0.062,jeff_divergence,2.443454914153158e-11,11.167600258145635,7.771561172376096e-16,3.7107569929720324e-07,1.0000002572101079,1,2,2,1684,"(5, 5, 5)",15,"(0.333, 0.333, 0.333)",1.3448979658745166e-08,0.9999999999930888
uniform,3,21,20,0.062,jeff_divergence,2.443454914153158e-11,11.167600258145635,7.771561172376096e-16,3.7107569929720324e-07,1.0000002572101079,1,2,3,1264,"(5, 4, 4)",13,"(0.385, 0.308, 0.308)",2.1693536366447957e-12,0.9999999999952581
uniform,3,21,20,0.062,jeff_divergence,2.443454914153158e-11,11.167600258145635,7.771561172376096e-16,3.7107569929720324e-07,1.0000002572101079,1,2,4,1283,"(4, 5, 4)",13,"(0.308, 0.385, 0.308)",2.169353636644793e-12,0.9999999999974275
uniform,3,21,20,0.062,jeff_divergence,2.443454914153158e-11,11.167600258145635,7.771561172376096e-16,3.7107569929720324e-07,1.0000002572101079,1,2,5,1663,"(4, 4, 5)",13,"(0.308, 0.308, 0.385)",2.169353636644739e-12,0.9999999999995969
uniform,3,21,20,0.062,jeff_divergence,2.443454914153158e-11,11.167600258145635,7.771561172376096e-16,3.7107569929720324e-07,1.0000002572101079,1,2,6,842,"(3, 3, 3)",9,"(0.333, 0.333, 0.333)",3.3749334324049584e-13,0.9999999999999344
uniform,3,21,20,0.062,jeff_divergence,2.443454914153158e-11,11.167600258145635,7.771561172376096e-16,3.7107569929720324e-07,1.0000002572101079,1,2,7,1284,"(5, 5, 4)",14,"(0.357, 0.357, 0.286)",2.1892387118820326e-14,0.9999999999999563
uniform,3,21,20,0.062,jeff_divergence,2.443454914153158e-11,11.167600258145635,7.771561172376096e-16,3.7107569929720324e-07,1.0000002572101079,1,2,8,1664,"(5, 4, 5)",14,"(0.357, 0.286, 0.357)",2.1892387118820143e-14,0.9999999999999781
uniform,3,21,20,0.062,jeff_divergence,2.443454914153158e-11,11.167600258145635,7.771561172376096e-16,3.7107569929720324e-07,1.0000002572101079,1,2,9,1683,"(4, 5, 5)",14,"(0.286, 0.357, 0.357)",2.189238711882006e-14,1.0
uniform,3,21,20,0.062,jeff_divergence,2.443454914153158e-11,11.167600258145635,7.771561172376096e-16,3.7107569929720324e-07,1.0000002572101079,1,2,10,863,"(4, 4, 3)",11,"(0.364, 0.364, 0.273)",3.3927126201759174e-18,1.0
uniform,3,21,20,0.08700000000000001,jeff_divergence,1.6129245128324532e-13,11.167600255764903,6.661338147750939e-16,6.399292920938907e-11,1.0000000000443565,1,1,1,1263,"(4, 4, 4)",12,"(0.333, 0.333, 0.333)",0.9999999999556435,0.9999999999556435
uniform,3,21,20,0.08700000000000001,jeff_divergence,1.6129245128324532e-13,11.167600255764903,6.661338147750939e-16,6.399292920938907e-11,1.0000000000443565,1,1,2,1684,"(5, 5, 5)",15,"(0.333, 0.333, 0.333)",4.394828083063674e-11,0.9999999999995918
uniform,3,21,20,0.08700000000000001,jeff_divergence,1.6129245128324532e-13,11.167600255764903,6.661338147750939e-16,6.399292920938907e-11,1.0000000000443565,1,1,3,1283,"(4, 5, 4)",13,"(0.308, 0.385, 0.308)",1.3573189303290832e-13,0.9999999999997276
uniform,3,21,20,0.08700000000000001,jeff_divergence,1.6129245128324532e-13,11.167600255764903,6.661338147750939e-16,6.399292920938907e-11,1.0000000000443565,1,1,4,1264,"(5, 4, 4)",13,"(0.385, 0.308, 0.308)",1.3573189303290746e-13,0.9999999999998633
uniform,3,21,20,0.08700000000000001,jeff_divergence,1.6129245128324532e-13,11.167600255764903,6.661338147750939e-16,6.399292920938907e-11,1.0000000000443565,1,1,5,1663,"(4, 4, 5)",13,"(0.308, 0.308, 0.385)",1.3573189303290322e-13,0.9999999999999991
uniform,3,21,20,0.08700000000000001,jeff_divergence,1.6129245128324532e-13,11.167600255764903,6.661338147750939e-16,6.399292920938907e-11,1.0000000000443565,1,1,6,1284,"(5, 5, 4)",14,"(0.357, 0.357, 0.286)",3.638115878878011e-16,0.9999999999999994
uniform,3,21,20,0.08700000000000001,jeff_divergence,1.6129245128324532e-13,11.167600255764903,6.661338147750939e-16,6.399292920938907e-11,1.0000000000443565,1,1,7,1683,"(4, 5, 5)",14,"(0.286, 0.357, 0.357)",3.6381158788779416e-16,0.9999999999999998
uniform,3,21,20,0.08700000000000001,jeff_divergence,1.6129245128324532e-13,11.167600255764903,6.661338147750939e-16,6.399292920938907e-11,1.0000000000443565,1,1,8,1664,"(5, 4, 5)",14,"(0.357, 0.286, 0.357)",3.638115878877916e-16,1.0000000000000002
uniform,3,21,20,0.08700000000000001,jeff_divergence,1.6129245128324532e-13,11.167600255764903,6.661338147750939e-16,6.399292920938907e-11,1.0000000000443565,1,1,9,842,"(3, 3, 3)",9,"(0.333, 0.333, 0.333)",2.1945678214119816e-17,1.0000000000000002
uniform,3,21,20,0.08700000000000001,jeff_divergence,1.6129245128324532e-13,11.167600255764903,6.661338147750939e-16,6.399292920938907e-11,1.0000000000443565,1,1,10,863,"(4, 4, 3)",11,"(0.364, 0.364, 0.273)",1.2513643080231033e-19,1.0000000000000002
uniform,3,21,20,0.122,jeff_divergence,4.361581043116298e-13,11.167600255756303,9.2148511043888e-15,1.6688891056828047e-11,1.0000000000115679,1,1,1,1263,"(4, 4, 4)",12,"(0.333, 0.333, 0.333)",0.9999999999884321,0.9999999999884321
uniform,3,21,20,0.122,jeff_divergence,4.361581043116298e-13,11.167600255756303,9.2148511043888e-15,1.6688891056828047e-11,1.0000000000115679,1,1,2,1283,"(4, 5, 4)",13,"(0.308, 0.385, 0.308)",3.8319715094563194e-12,0.9999999999922641
uniform,3,21,20,0.122,jeff_divergence,4.361581043116298e-13,11.167600255756303,9.2148511043888e-15,1.6688891056828047e-11,1.0000000000115679,1,1,3,1264,"(5, 4, 4)",13,"(0.385, 0.308, 0.308)",3.83197150945631e-12,0.999999999996096
uniform,3,21,20,0.122,jeff_divergence,4.361581043116298e-13,11.167600255756303,9.2148511043888e-15,1.6688891056828047e-11,1.0000000000115679,1,1,4,1663,"(4, 4, 5)",13,"(0.308, 0.308, 0.385)",3.8319715094561255e-12,0.999999999999928
uniform,3,21,20,0.122,jeff_divergence,4.361581043116298e-13,11.167600255756303,9.2148511043888e-15,1.6688891056828047e-11,1.0000000000115679,1,1,5,1684,"(5, 5, 5)",15,"(0.333, 0.333, 0.333)",6.289160870720904e-14,0.9999999999999908
uniform,3,21,20,0.122,jeff_divergence,4.361581043116298e-13,11.167600255756303,9.2148511043888e-15,1.6688891056828047e-11,1.0000000000115679,1,1,6,1284,"(5, 5, 4)",14,"(0.357, 0.357, 0.286)",2.735279902827659e-15,0.9999999999999936
uniform,3,21,20,0.122,jeff_divergence,4.361581043116298e-13,11.167600255756303,9.2148511043888e-15,1.6688891056828047e-11,1.0000000000115679,1,1,7,1683,"(4, 5, 5)",14,"(0.286, 0.357, 0.357)",2.735279902827589e-15,0.9999999999999963
uniform,3,21,20,0.122,jeff_divergence,4.361581043116298e-13,11.167600255756303,9.2148511043888e-15,1.6688891056828047e-11,1.0000000000115679,1,1,8,1664,"(5, 4, 5)",14,"(0.357, 0.286, 0.357)",2.7352799028275786e-15,0.9999999999999991
uniform,3,21,20,0.122,jeff_divergence,4.361581043116298e-13,11.167600255756303,9.2148511043888e-15,1.6688891056828047e-11,1.0000000000115679,1,1,9,863,"(4, 4, 3)",11,"(0.364, 0.364, 0.273)",2.7119842106788706e-16,0.9999999999999993
uniform,3,21,20,0.122,jeff_divergence,4.361581043116298e-13,11.167600255756303,9.2148511043888e-15,1.6688891056828047e-11,1.0000000000115679,1,1,10,1243,"(4, 3, 4)",11,"(0.364, 0.273, 0.364)",2.711984210678851e-16,0.9999999999999996
uniform,3,21,20,0.171,jeff_divergence,0.12395843352298569,10.41675257728478,2.1094237467877974e-15,0.6135469705820583,1.5300162447016672,1,10,1,1263,"(4, 4, 4)",12,"(0.333, 0.333, 0.333)",0.9029186450471992,0.9029186450471992
uniform,3,21,20,0.171,jeff_divergence,0.12395843352298569,10.41675257728478,2.1094237467877974e-15,0.6135469705820583,1.5300162447016672,1,10,2,505,"(6, 6, 2)",14,"(0.429, 0.429, 0.143)",0.032360423402383015,0.9352790684495822
uniform,3,21,20,0.171,jeff_divergence,0.12395843352298569,10.41675257728478,2.1094237467877974e-15,0.6135469705820583,1.5300162447016672,1,10,3,2101,"(2, 6, 6)",14,"(0.143, 0.429, 0.429)",0.032360423402383015,0.9676394918519652
uniform,3,21,20,0.171,jeff_divergence,0.12395843352298569,10.41675257728478,2.1094237467877974e-15,0.6135469705820583,1.5300162447016672,1,10,4,2025,"(6, 2, 6)",14,"(0.429, 0.143, 0.429)",0.03236042340238301,0.9999999152543482
uniform,3,21,20,0.171,jeff_divergence,0.12395843352298569,10.41675257728478,2.1094237467877974e-15,0.6135469705820583,1.5300162447016672,1,10,5,484,"(5, 5, 2)",12,"(0.417, 0.417, 0.167)",2.8020284949440422e-08,0.9999999432746332
uniform,3,21,20,0.171,jeff_divergence,0.12395843352298569,10.41675257728478,2.1094237467877974e-15,0.6135469705820583,1.5300162447016672,1,10,6,1624,"(5, 2, 5)",12,"(0.417, 0.167, 0.417)",2.8020284949437967e-08,0.9999999712949181
uniform,3,21,20,0.171,jeff_divergence,0.12395843352298569,10.41675257728478,2.1094237467877974e-15,0.6135469705820583,1.5300162447016672,1,10,7,1681,"(2, 5, 5)",12,"(0.167, 0.417, 0.417)",2.802028494943796e-08,0.9999999993152031
uniform,3,21,20,0.171,jeff_divergence,0.12395843352298569,10.41675257728478,2.1094237467877974e-15,0.6135469705820583,1.5300162447016672,1,10,8,1283,"(4, 5, 4)",13,"(0.308, 0.385, 0.308)",1.9379043561472848e-10,0.9999999995089935
uniform,3,21,20,0.171,jeff_divergence,0.12395843352298569,10.41675257728478,2.1094237467877974e-15,0.6135469705820583,1.5300162447016672,1,10,9,1264,"(5, 4, 4)",13,"(0.385, 0.308, 0.308)",1.9379043561472812e-10,0.999999999702784
uniform,3,21,20,0.171,jeff_divergence,0.12395843352298569,10.41675257728478,2.1094237467877974e-15,0.6135469705820583,1.5300162447016672,1,10,10,1663,"(4, 4, 5)",13,"(0.308, 0.308, 0.385)",1.9379043561469542e-10,0.9999999998965744
uniform,3,21,20,0.23800000000000002,jeff_divergence,0.8045613334584265,6.9980952963244585,1.4432899320127035e-15,2.22797390951455,4.6847560024217225,6,10,1,1684,"(5, 5, 5)",15,"(0.333, 0.333, 0.333)",0.5659441365625147,0.5659441365625147
uniform,3,21,20,0.23800000000000002,jeff_divergence,0.8045613334584265,6.9980952963244585,1.4432899320127035e-15,2.22797390951455,4.6847560024217225,6,10,2,2521,"(2, 7, 7)",16,"(0.125, 0.438, 0.438)",0.08102588039983594,0.6469700169623507
uniform,3,21,20,0.23800000000000002,jeff_divergence,0.8045613334584265,6.9980952963244585,1.4432899320127035e-15,2.22797390951455,4.6847560024217225,6,10,3,2426,"(7, 2, 7)",16,"(0.438, 0.125, 0.438)",0.0810258803998358,0.7279958973621865
uniform,3,21,20,0.23800000000000002,jeff_divergence,0.8045613334584265,6.9980952963244585,1.4432899320127035e-15,2.22797390951455,4.6847560024217225,6,10,4,526,"(7, 7, 2)",16,"(0.438, 0.438, 0.125)",0.08102588039983537,0.8090217777620219
uniform,3,21,20,0.23800000000000002,jeff_divergence,0.8045613334584265,6.9980952963244585,1.4432899320127035e-15,2.22797390951455,4.6847560024217225,6,10,5,505,"(6, 6, 2)",14,"(0.429, 0.429, 0.143)",0.05320348576032496,0.8622252635223469
uniform,3,21,20,0.23800000000000002,jeff_divergence,0.8045613334584265,6.9980952963244585,1.4432899320127035e-15,2.22797390951455,4.6847560024217225,6,10,6,2025,"(6, 2, 6)",14,"(0.429, 0.143, 0.429)",0.053203485760324444,0.9154287492826713
uniform,3,21,20,0.23800000000000002,jeff_divergence,0.8045613334584265,6.9980952963244585,1.4432899320127035e-15,2.22797390951455,4.6847560024217225,6,10,7,2101,"(2, 6, 6)",14,"(0.143, 0.429, 0.429)",0.053203485760324284,0.9686322350429956
uniform,3,21,20,0.23800000000000002,jeff_divergence,0.8045613334584265,6.9980952963244585,1.4432899320127035e-15,2.22797390951455,4.6847560024217225,6,10,8,3621,"(2, 2, 10)",14,"(0.143, 0.143, 0.714)",0.010455921652325582,0.9790881566953211
uniform,3,21,20,0.23800000000000002,jeff_divergence,0.8045613334584265,6.9980952963244585,1.4432899320127035e-15,2.22797390951455,4.6847560024217225,6,10,9,581,"(2, 10, 2)",14,"(0.143, 0.714, 0.143)",0.010455921652325575,0.9895440783476467
uniform,3,21,20,0.23800000000000002,jeff_divergence,0.8045613334584265,6.9980952963244585,1.4432899320127035e-15,2.22797390951455,4.6847560024217225,6,10,10,429,"(10, 2, 2)",14,"(0.714, 0.143, 0.143)",0.01045592165232557,0.9999999999999722
uniform,3,21,20,0.333,jeff_divergence,1.37960791021881,4.917369161028162,2.7755575615628914e-16,2.762371579353277,6.785107058651143,7,10,1,2526,"(7, 7, 7)",21,"(0.333, 0.333, 0.333)",0.3275092606118658,0.3275092606118658
uniform,3,21,20,0.333,jeff_divergence,1.37960791021881,4.917369161028162,2.7755575615628914e-16,2.762371579353277,6.785107058651143,7,10,2,526,"(7, 7, 2)",16,"(0.438, 0.438, 0.125)",0.15830131977700765,0.4858105803888735
uniform,3,21,20,0.333,jeff_divergence,1.37960791021881,4.917369161028162,2.7755575615628914e-16,2.762371579353277,6.785107058651143,7,10,3,2426,"(7, 2, 7)",16,"(0.438, 0.125, 0.438)",0.15830131977700762,0.644111900165881
uniform,3,21,20,0.333,jeff_divergence,1.37960791021881,4.917369161028162,2.7755575615628914e-16,2.762371579353277,6.785107058651143,7,10,4,2521,"(2, 7, 7)",16,"(0.125, 0.438, 0.438)",0.15830131977700762,0.8024132199428886
uniform,3,21,20,0.333,jeff_divergence,1.37960791021881,4.917369161028162,2.7755575615628914e-16,2.762371579353277,6.785107058651143,7,10,5,2525,"(6, 7, 7)",20,"(0.300, 0.350, 0.350)",0.03559640110689766,0.8380096210497863
uniform,3,21,20,0.333,jeff_divergence,1.37960791021881,4.917369161028162,2.7755575615628914e-16,2.762371579353277,6.785107058651143,7,10,6,2506,"(7, 6, 7)",20,"(0.350, 0.300, 0.350)",0.0355964011068976,0.8736060221566839
uniform,3,21,20,0.333,jeff_divergence,1.37960791021881,4.917369161028162,2.7755575615628914e-16,2.762371579353277,6.785107058651143,7,10,7,2126,"(7, 7, 6)",20,"(0.350, 0.350, 0.300)",0.03559640110689742,0.9092024232635814
uniform,3,21,20,0.333,jeff_divergence,1.37960791021881,4.917369161028162,2.7755575615628914e-16,2.762371579353277,6.785107058651143,7,10,8,3221,"(2, 2, 9)",13,"(0.154, 0.154, 0.692)",0.030265858911920254,0.9394682821755016
uniform,3,21,20,0.333,jeff_divergence,1.37960791021881,4.917369161028162,2.7755575615628914e-16,2.762371579353277,6.785107058651143,7,10,9,428,"(9, 2, 2)",13,"(0.692, 0.154, 0.154)",0.03026585891192025,0.9697341410874218
uniform,3,21,20,0.333,jeff_divergence,1.37960791021881,4.917369161028162,2.7755575615628914e-16,2.762371579353277,6.785107058651143,7,10,10,561,"(2, 9, 2)",13,"(0.154, 0.692, 0.154)",0.03026585891192025,0.9999999999993421
uniform,3,21,20,0.465,jeff_divergence,1.916481924960507,3.5603010750541184,4.440892098500626e-16,4.156222582953993,17.829849039005154,19,34,1,2947,"(8, 8, 8)",24,"(0.333, 0.333, 0.333)",0.2164656939048833,0.2164656939048833
uniform,3,21,20,0.465,jeff_divergence,1.916481924960507,3.5603010750541184,4.440892098500626e-16,4.156222582953993,17.829849039005154,19,34,2,3228,"(9, 2, 9)",20,"(0.450, 0.100, 0.450)",0.09895040420589758,0.31541609811078086
uniform,3,21,20,0.465,jeff_divergence,1.916481924960507,3.5603010750541184,4.440892098500626e-16,4.156222582953993,17.829849039005154,19,34,3,3361,"(2, 9, 9)",20,"(0.100, 0.450, 0.450)",0.09895040420589758,0.41436650231667843
uniform,3,21,20,0.465,jeff_divergence,1.916481924960507,3.5603010750541184,4.440892098500626e-16,4.156222582953993,17.829849039005154,19,34,4,568,"(9, 9, 2)",20,"(0.450, 0.450, 0.100)",0.0989504042058975,0.5133169065225759
uniform,3,21,20,0.465,jeff_divergence,1.916481924960507,3.5603010750541184,4.440892098500626e-16,4.156222582953993,17.829849039005154,19,34,5,1748,"(9, 8, 5)",22,"(0.409, 0.364, 0.227)",0.03015012946546457,0.5434670359880405
uniform,3,21,20,0.465,jeff_divergence,1.916481924960507,3.5603010750541184,4.440892098500626e-16,4.156222582953993,17.829849039005154,19,34,6,1767,"(8, 9, 5)",22,"(0.364, 0.409, 0.227)",0.030150129465464567,0.573617165453505
uniform,3,21,20,0.465,jeff_divergence,1.916481924960507,3.5603010750541184,4.440892098500626e-16,4.156222582953993,17.829849039005154,19,34,7,2888,"(9, 5, 8)",22,"(0.409, 0.227, 0.364)",0.030150129465461237,0.6037672949189663
uniform,3,21,20,0.465,jeff_divergence,1.916481924960507,3.5603010750541184,4.440892098500626e-16,4.156222582953993,17.829849039005154,19,34,8,2964,"(5, 9, 8)",22,"(0.227, 0.409, 0.364)",0.030150129465461206,0.6339174243844276
uniform,3,21,20,0.465,jeff_divergence,1.916481924960507,3.5603010750541184,4.440892098500626e-16,4.156222582953993,17.829849039005154,19,34,9,3287,"(8, 5, 9)",22,"(0.364, 0.227, 0.409)",0.03015012946545715,0.6640675538498847
uniform,3,21,20,0.465,jeff_divergence,1.916481924960507,3.5603010750541184,4.440892098500626e-16,4.156222582953993,17.829849039005154,19,34,10,3344,"(5, 8, 9)",22,"(0.227, 0.364, 0.409)",0.030150129465456914,0.6942176833153416
uniform,3,21,20,0.65,jeff_divergence,2.4794417237441344,2.5339677614833906,4.996003610813204e-16,4.221613889497337,18.65659615733541,19,46,1,3368,"(9, 9, 9)",27,"(0.333, 0.333, 0.333)",0.18701437312051644,0.18701437312051644
uniform,3,21,20,0.65,jeff_divergence,2.4794417237441344,2.5339677614833906,4.996003610813204e-16,4.221613889497337,18.65659615733541,19,46,2,3689,"(10, 5, 10)",25,"(0.400, 0.200, 0.400)",0.09688699781689139,0.28390137093740786
uniform,3,21,20,0.65,jeff_divergence,2.4794417237441344,2.5339677614833906,4.996003610813204e-16,4.221613889497337,18.65659615733541,19,46,3,3784,"(5, 10, 10)",25,"(0.200, 0.400, 0.400)",0.09688699781689136,0.3807883687542992
uniform,3,21,20,0.65,jeff_divergence,2.4794417237441344,2.5339677614833906,4.996003610813204e-16,4.221613889497337,18.65659615733541,19,46,4,1789,"(10, 10, 5)",25,"(0.400, 0.400, 0.200)",0.09688699781689133,0.4776753665711906
uniform,3,21,20,0.65,jeff_divergence,2.4794417237441344,2.5339677614833906,4.996003610813204e-16,4.221613889497337,18.65659615733541,19,46,5,3781,"(2, 10, 10)",22,"(0.091, 0.455, 0.455)",0.06121903229504497,0.5388943988662356
uniform,3,21,20,0.65,jeff_divergence,2.4794417237441344,2.5339677614833906,4.996003610813204e-16,4.221613889497337,18.65659615733541,19,46,6,3629,"(10, 2, 10)",22,"(0.455, 0.091, 0.455)",0.06121903229504495,0.6001134311612806
uniform,3,21,20,0.65,jeff_divergence,2.4794417237441344,2.5339677614833906,4.996003610813204e-16,4.221613889497337,18.65659615733541,19,46,7,589,"(10, 10, 2)",22,"(0.455, 0.455, 0.091)",0.06121903229504487,0.6613324634563255
uniform,3,21,20,0.65,jeff_divergence,2.4794417237441344,2.5339677614833906,4.996003610813204e-16,4.221613889497337,18.65659615733541,19,46,8,1804,"(5, 11, 5)",21,"(0.238, 0.524, 0.238)",0.03004469123745248,0.6913771546937779
uniform,3,21,20,0.65,jeff_divergence,2.4794417237441344,2.5339677614833906,4.996003610813204e-16,4.221613889497337,18.65659615733541,19,46,9,1690,"(11, 5, 5)",21,"(0.524, 0.238, 0.238)",0.03004469123745246,0.7214218459312304
uniform,3,21,20,0.65,jeff_divergence,2.4794417237441344,2.5339677614833906,4.996003610813204e-16,4.221613889497337,18.65659615733541,19,46,10,4084,"(5, 5, 11)",21,"(0.238, 0.238, 0.524)",0.030044691237452424,0.7514665371686828
uniform,3,21,20,0.909,jeff_divergence,3.03046675255305,1.8157463473073268,1.942890293094024e-16,5.824119761382836,56.65454375988375,54,100,1,4189,"(10, 10, 11)",31,"(0.323, 0.323, 0.355)",0.04391104047555362,0.04391104047555362
uniform,3,21,20,0.909,jeff_divergence,3.03046675255305,1.8157463473073268,1.942890293094024e-16,5.824119761382836,56.65454375988375,54,100,2,3790,"(11, 10, 10)",31,"(0.355, 0.323, 0.323)",0.04391104047555239,0.08782208095110601
uniform,3,21,20,0.909,jeff_divergence,3.03046675255305,1.8157463473073268,1.942890293094024e-16,5.824119761382836,56.65454375988375,54,100,3,3809,"(10, 11, 10)",31,"(0.323, 0.355, 0.323)",0.04391104047555239,0.13173312142665838
uniform,3,21,20,0.909,jeff_divergence,3.03046675255305,1.8157463473073268,1.942890293094024e-16,5.824119761382836,56.65454375988375,54,100,4,1410,"(11, 11, 4)",26,"(0.423, 0.423, 0.154)",0.04197300329206104,0.17370612471871943
uniform,3,21,20,0.909,jeff_divergence,3.03046675255305,1.8157463473073268,1.942890293094024e-16,5.824119761382836,56.65454375988375,54,100,5,4203,"(4, 11, 11)",26,"(0.154, 0.423, 0.423)",0.04197300329206029,0.2156791280107797
uniform,3,21,20,0.909,jeff_divergence,3.03046675255305,1.8157463473073268,1.942890293094024e-16,5.824119761382836,56.65454375988375,54,100,6,4070,"(11, 4, 11)",26,"(0.423, 0.154, 0.423)",0.0419730032920602,0.2576521313028399
uniform,3,21,20,0.909,jeff_divergence,3.03046675255305,1.8157463473073268,1.942890293094024e-16,5.824119761382836,56.65454375988375,54,100,7,610,"(11, 11, 2)",24,"(0.458, 0.458, 0.083)",0.033356181983708745,0.2910083132865487
uniform,3,21,20,0.909,jeff_divergence,3.03046675255305,1.8157463473073268,1.942890293094024e-16,5.824119761382836,56.65454375988375,54,100,8,4030,"(11, 2, 11)",24,"(0.458, 0.083, 0.458)",0.03335618198370864,0.32436449527025735
uniform,3,21,20,0.909,jeff_divergence,3.03046675255305,1.8157463473073268,1.942890293094024e-16,5.824119761382836,56.65454375988375,54,100,9,4201,"(2, 11, 11)",24,"(0.083, 0.458, 0.458)",0.03335618198370864,0.357720677253966
uniform,3,21,20,0.909,jeff_divergence,3.03046675255305,1.8157463473073268,1.942890293094024e-16,5.824119761382836,56.65454375988375,54,100,10,4130,"(11, 7, 11)",29,"(0.379, 0.241, 0.379)",0.032717324697936825,0.3904380019519028
uniform,3,21,20,1.27,jeff_divergence,3.572198710051056,1.3089867579404644,9.71445146547012e-17,6.442727946362182,86.98700251684329,80,145,1,4610,"(11, 11, 12)",34,"(0.324, 0.324, 0.353)",0.03176622383395336,0.03176622383395336
uniform,3,21,20,1.27,jeff_divergence,3.572198710051056,1.3089867579404644,9.71445146547012e-17,6.442727946362182,86.98700251684329,80,145,2,4211,"(12, 11, 11)",34,"(0.353, 0.324, 0.324)",0.03176622383395264,0.063532447667906
uniform,3,21,20,1.27,jeff_divergence,3.572198710051056,1.3089867579404644,9.71445146547012e-17,6.442727946362182,86.98700251684329,80,145,3,4230,"(11, 12, 11)",34,"(0.324, 0.353, 0.324)",0.03176622383395263,0.09529867150185864
uniform,3,21,20,1.27,jeff_divergence,3.572198710051056,1.3089867579404644,9.71445146547012e-17,6.442727946362182,86.98700251684329,80,145,4,4623,"(4, 12, 12)",28,"(0.143, 0.429, 0.429)",0.031406211458746364,0.126704882960605
uniform,3,21,20,1.27,jeff_divergence,3.572198710051056,1.3089867579404644,9.71445146547012e-17,6.442727946362182,86.98700251684329,80,145,5,4471,"(12, 4, 12)",28,"(0.429, 0.143, 0.429)",0.031406211458746336,0.15811109441935134
uniform,3,21,20,1.27,jeff_divergence,3.572198710051056,1.3089867579404644,9.71445146547012e-17,6.442727946362182,86.98700251684329,80,145,6,1431,"(12, 12, 4)",28,"(0.429, 0.429, 0.143)",0.03140621145874488,0.18951730587809623
uniform,3,21,20,1.27,jeff_divergence,3.572198710051056,1.3089867579404644,9.71445146547012e-17,6.442727946362182,86.98700251684329,80,145,7,3031,"(12, 12, 8)",32,"(0.375, 0.375, 0.250)",0.029964563504366132,0.21948186938246236
uniform,3,21,20,1.27,jeff_divergence,3.572198710051056,1.3089867579404644,9.71445146547012e-17,6.442727946362182,86.98700251684329,80,145,8,4551,"(12, 8, 12)",32,"(0.375, 0.250, 0.375)",0.029964563504363717,0.24944643288682608
uniform,3,21,20,1.27,jeff_divergence,3.572198710051056,1.3089867579404644,9.71445146547012e-17,6.442727946362182,86.98700251684329,80,145,9,4627,"(8, 12, 12)",32,"(0.250, 0.375, 0.375)",0.029964563504363627,0.2794109963911897
uniform,3,21,20,1.27,jeff_divergence,3.572198710051056,1.3089867579404644,9.71445146547012e-17,6.442727946362182,86.98700251684329,80,145,10,2231,"(12, 12, 6)",30,"(0.400, 0.400, 0.200)",0.019975297317858715,0.29938629370904846
uniform,3,21,20,1.7750000000000001,jeff_divergence,4.097939263849469,0.9579806815535462,8.326672684688674e-17,7.094348193844767,136.6506198594659,137,241,1,4972,"(13, 9, 13)",35,"(0.371, 0.257, 0.371)",0.03535597955773595,0.03535597955773595
uniform,3,21,20,1.7750000000000001,jeff_divergence,4.097939263849469,0.9579806815535462,8.326672684688674e-17,7.094348193844767,136.6506198594659,137,241,2,5048,"(9, 13, 13)",35,"(0.257, 0.371, 0.371)",0.03535597955773588,0.07071195911547183
uniform,3,21,20,1.7750000000000001,jeff_divergence,4.097939263849469,0.9579806815535462,8.326672684688674e-17,7.094348193844767,136.6506198594659,137,241,3,3452,"(13, 13, 9)",35,"(0.371, 0.371, 0.257)",0.035355979557735326,0.10606793867320716
uniform,3,21,20,1.7750000000000001,jeff_divergence,4.097939263849469,0.9579806815535462,8.326672684688674e-17,7.094348193844767,136.6506198594659,137,241,4,4651,"(12, 13, 12)",37,"(0.324, 0.351, 0.324)",0.021986487316305297,0.12805442598951244
uniform,3,21,20,1.7750000000000001,jeff_divergence,4.097939263849469,0.9579806815535462,8.326672684688674e-17,7.094348193844767,136.6506198594659,137,241,5,4632,"(13, 12, 12)",37,"(0.351, 0.324, 0.324)",0.02198648731630511,0.15004091330581756
uniform,3,21,20,1.7750000000000001,jeff_divergence,4.097939263849469,0.9579806815535462,8.326672684688674e-17,7.094348193844767,136.6506198594659,137,241,6,5031,"(12, 12, 13)",37,"(0.324, 0.324, 0.351)",0.021986487316304495,0.17202740062212207
uniform,3,21,20,1.7750000000000001,jeff_divergence,4.097939263849469,0.9579806815535462,8.326672684688674e-17,7.094348193844767,136.6506198594659,137,241,7,3373,"(14, 9, 9)",32,"(0.438, 0.281, 0.281)",0.013766146836116839,0.18579354745823892
uniform,3,21,20,1.7750000000000001,jeff_divergence,4.097939263849469,0.9579806815535462,8.326672684688674e-17,7.094348193844767,136.6506198594659,137,241,8,3468,"(9, 14, 9)",32,"(0.281, 0.438, 0.281)",0.013766146836116162,0.19955969429435508
uniform,3,21,20,1.7750000000000001,jeff_divergence,4.097939263849469,0.9579806815535462,8.326672684688674e-17,7.094348193844767,136.6506198594659,137,241,9,5368,"(9, 9, 14)",32,"(0.281, 0.281, 0.438)",0.013766146836116138,0.2133258411304712
uniform,3,21,20,1.7750000000000001,jeff_divergence,4.097939263849469,0.9579806815535462,8.326672684688674e-17,7.094348193844767,136.6506198594659,137,241,10,3465,"(6, 14, 9)",29,"(0.207, 0.483, 0.310)",0.012216325685071786,0.22554216681554298
uniform,3,21,20,2.48,jeff_divergence,4.625077210490507,0.7053574623257535,2.0816681711721685e-17,7.9561266077315365,248.33204116290912,223,330,1,5053,"(14, 13, 13)",40,"(0.350, 0.325, 0.325)",0.014166708899428917,0.014166708899428917
uniform,3,21,20,2.48,jeff_divergence,4.625077210490507,0.7053574623257535,2.0816681711721685e-17,7.9561266077315365,248.33204116290912,223,330,2,5072,"(13, 14, 13)",40,"(0.325, 0.350, 0.325)",0.014166708899428612,0.02833341779885753
uniform,3,21,20,2.48,jeff_divergence,4.625077210490507,0.7053574623257535,2.0816681711721685e-17,7.9561266077315365,248.33204116290912,223,330,3,5452,"(13, 13, 14)",40,"(0.325, 0.325, 0.350)",0.014166708899409434,0.042500126698266964
uniform,3,21,20,2.48,jeff_divergence,4.625077210490507,0.7053574623257535,2.0816681711721685e-17,7.9561266077315365,248.33204116290912,223,330,4,5069,"(10, 14, 13)",37,"(0.270, 0.378, 0.351)",0.013011442367688288,0.05551156906595525
uniform,3,21,20,2.48,jeff_divergence,4.625077210490507,0.7053574623257535,2.0816681711721685e-17,7.9561266077315365,248.33204116290912,223,330,5,4993,"(14, 10, 13)",37,"(0.378, 0.270, 0.351)",0.013011442367688038,0.06852301143364328
uniform,3,21,20,2.48,jeff_divergence,4.625077210490507,0.7053574623257535,2.0816681711721685e-17,7.9561266077315365,248.33204116290912,223,330,6,3872,"(13, 14, 10)",37,"(0.351, 0.378, 0.270)",0.013011442367676328,0.08153445380131961
uniform,3,21,20,2.48,jeff_divergence,4.625077210490507,0.7053574623257535,2.0816681711721685e-17,7.9561266077315365,248.33204116290912,223,330,7,3853,"(14, 13, 10)",37,"(0.378, 0.351, 0.270)",0.013011442367675971,0.09454589616899559
uniform,3,21,20,2.48,jeff_divergence,4.625077210490507,0.7053574623257535,2.0816681711721685e-17,7.9561266077315365,248.33204116290912,223,330,8,5392,"(13, 10, 14)",37,"(0.351, 0.270, 0.378)",0.013011442367654695,0.10755733853665028
uniform,3,21,20,2.48,jeff_divergence,4.625077210490507,0.7053574623257535,2.0816681711721685e-17,7.9561266077315365,248.33204116290912,223,330,9,5449,"(10, 13, 14)",37,"(0.270, 0.351, 0.378)",0.013011442367654072,0.12056878090430435
uniform,3,21,20,2.48,jeff_divergence,4.625077210490507,0.7053574623257535,2.0816681711721685e-17,7.9561266077315365,248.33204116290912,223,330,10,5447,"(8, 13, 14)",35,"(0.229, 0.371, 0.400)",0.007927810176293817,0.12849659108059816
uniform,3,21,20,3.466,jeff_divergence,5.18201993070619,0.5151186695258578,2.0816681711721685e-17,8.319875615147879,319.5450691108539,313,531,1,5473,"(14, 14, 14)",42,"(0.333, 0.333, 0.333)",0.024495504956507666,0.024495504956507666
uniform,3,21,20,3.466,jeff_divergence,5.18201993070619,0.5151186695258578,2.0816681711721685e-17,8.319875615147879,319.5450691108539,313,531,2,4273,"(14, 14, 11)",39,"(0.359, 0.359, 0.282)",0.011627609486442068,0.03612311444294973
uniform,3,21,20,3.466,jeff_divergence,5.18201993070619,0.5151186695258578,2.0816681711721685e-17,8.319875615147879,319.5450691108539,313,531,3,5470,"(11, 14, 14)",39,"(0.282, 0.359, 0.359)",0.011627609486433717,0.04775072392938345
uniform,3,21,20,3.466,jeff_divergence,5.18201993070619,0.5151186695258578,2.0816681711721685e-17,8.319875615147879,319.5450691108539,313,531,4,5413,"(14, 11, 14)",39,"(0.359, 0.282, 0.359)",0.011627609486433023,0.05937833341581647
uniform,3,21,20,3.466,jeff_divergence,5.18201993070619,0.5151186695258578,2.0816681711721685e-17,8.319875615147879,319.5450691108539,313,531,5,4214,"(15, 11, 11)",37,"(0.405, 0.297, 0.297)",0.011432670583985923,0.07081100399980239
uniform,3,21,20,3.466,jeff_divergence,5.18201993070619,0.5151186695258578,2.0816681711721685e-17,8.319875615147879,319.5450691108539,313,531,6,4290,"(11, 15, 11)",37,"(0.297, 0.405, 0.297)",0.011432670583985827,0.08224367458378821
uniform,3,21,20,3.466,jeff_divergence,5.18201993070619,0.5151186695258578,2.0816681711721685e-17,8.319875615147879,319.5450691108539,313,531,7,5810,"(11, 11, 15)",37,"(0.297, 0.297, 0.405)",0.011432670583984754,0.09367634516777297
uniform,3,21,20,3.466,jeff_divergence,5.18201993070619,0.5151186695258578,2.0816681711721685e-17,8.319875615147879,319.5450691108539,313,531,8,3073,"(14, 14, 8)",36,"(0.389, 0.389, 0.222)",0.008217676396772802,0.10189402156454577
uniform,3,21,20,3.466,jeff_divergence,5.18201993070619,0.5151186695258578,2.0816681711721685e-17,8.319875615147879,319.5450691108539,313,531,9,5353,"(14, 8, 14)",36,"(0.389, 0.222, 0.389)",0.00821767639676938,0.11011169796131515
uniform,3,21,20,3.466,jeff_divergence,5.18201993070619,0.5151186695258578,2.0816681711721685e-17,8.319875615147879,319.5450691108539,313,531,10,5467,"(8, 14, 14)",36,"(0.222, 0.389, 0.389)",0.008217676396768686,0.11832937435808383
uniform,3,21,20,4.843,jeff_divergence,5.750302859357559,0.3759002544398143,8.673617379884035e-18,8.949098679641844,494.25052207444884,441,762,1,4694,"(15, 15, 12)",42,"(0.357, 0.357, 0.286)",0.009516421652903336,0.009516421652903336
uniform,3,21,20,4.843,jeff_divergence,5.750302859357559,0.3759002544398143,8.673617379884035e-18,8.949098679641844,494.25052207444884,441,762,2,5834,"(15, 12, 15)",42,"(0.357, 0.286, 0.357)",0.009516421652890843,0.01903284330579418
uniform,3,21,20,4.843,jeff_divergence,5.750302859357559,0.3759002544398143,8.673617379884035e-18,8.949098679641844,494.25052207444884,441,762,3,5891,"(12, 15, 15)",42,"(0.286, 0.357, 0.357)",0.009516421652890655,0.028549264958684834
uniform,3,21,20,4.843,jeff_divergence,5.750302859357559,0.3759002544398143,8.673617379884035e-18,8.949098679641844,494.25052207444884,441,762,4,5494,"(15, 15, 14)",44,"(0.341, 0.341, 0.318)",0.007761223827083408,0.036310488785768244
uniform,3,21,20,4.843,jeff_divergence,5.750302859357559,0.3759002544398143,8.673617379884035e-18,8.949098679641844,494.25052207444884,441,762,5,5874,"(15, 14, 15)",44,"(0.341, 0.318, 0.341)",0.007761223827072018,0.044071712612840264
uniform,3,21,20,4.843,jeff_divergence,5.750302859357559,0.3759002544398143,8.673617379884035e-18,8.949098679641844,494.25052207444884,441,762,6,5893,"(14, 15, 15)",44,"(0.318, 0.341, 0.341)",0.007761223827071917,0.05183293643991218
uniform,3,21,20,4.843,jeff_divergence,5.750302859357559,0.3759002544398143,8.673617379884035e-18,8.949098679641844,494.25052207444884,441,762,7,3894,"(15, 15, 10)",40,"(0.375, 0.375, 0.250)",0.00710856924547487,0.05894150568538705
uniform,3,21,20,4.843,jeff_divergence,5.750302859357559,0.3759002544398143,8.673617379884035e-18,8.949098679641844,494.25052207444884,441,762,8,5794,"(15, 10, 15)",40,"(0.375, 0.250, 0.375)",0.007108569245467201,0.06605007493085426
uniform,3,21,20,4.843,jeff_divergence,5.750302859357559,0.3759002544398143,8.673617379884035e-18,8.949098679641844,494.25052207444884,441,762,9,5889,"(10, 15, 15)",40,"(0.250, 0.375, 0.375)",0.0071085692454670585,0.07315864417632131
uniform,3,21,20,4.843,jeff_divergence,5.750302859357559,0.3759002544398143,8.673617379884035e-18,8.949098679641844,494.25052207444884,441,762,10,1094,"(15, 15, 3)",33,"(0.455, 0.455, 0.091)",0.005869841215458627,0.07902848539177994
uniform,3,21,20,6.767,jeff_divergence,6.35157667199576,0.2704030241386756,8.673617379884035e-18,9.47803980849125,713.1391555820985,619,1081,1,6294,"(15, 15, 16)",46,"(0.326, 0.326, 0.348)",0.005882408016789481,0.005882408016789481
uniform,3,21,20,6.767,jeff_divergence,6.35157667199576,0.2704030241386756,8.673617379884035e-18,9.47803980849125,713.1391555820985,619,1081,2,5895,"(16, 15, 15)",46,"(0.348, 0.326, 0.326)",0.005882408016789345,0.011764816033578825
uniform,3,21,20,6.767,jeff_divergence,6.35157667199576,0.2704030241386756,8.673617379884035e-18,9.47803980849125,713.1391555820985,619,1081,3,5914,"(15, 16, 15)",46,"(0.326, 0.348, 0.326)",0.005882408016789338,0.017647224050368164
uniform,3,21,20,6.767,jeff_divergence,6.35157667199576,0.2704030241386756,8.673617379884035e-18,9.47803980849125,713.1391555820985,619,1081,4,5912,"(13, 16, 15)",44,"(0.295, 0.364, 0.341)",0.0051306296057813255,0.02277785365614949
uniform,3,21,20,6.767,jeff_divergence,6.35157667199576,0.2704030241386756,8.673617379884035e-18,9.47803980849125,713.1391555820985,619,1081,5,5855,"(16, 13, 15)",44,"(0.364, 0.295, 0.341)",0.0051306296057812995,0.027908483261930787
uniform,3,21,20,6.767,jeff_divergence,6.35157667199576,0.2704030241386756,8.673617379884035e-18,9.47803980849125,713.1391555820985,619,1081,6,5114,"(15, 16, 13)",44,"(0.341, 0.364, 0.295)",0.005130629605780104,0.03303911286771089
uniform,3,21,20,6.767,jeff_divergence,6.35157667199576,0.2704030241386756,8.673617379884035e-18,9.47803980849125,713.1391555820985,619,1081,7,5095,"(16, 15, 13)",44,"(0.364, 0.341, 0.295)",0.0051306296057800575,0.03816974247349095
uniform,3,21,20,6.767,jeff_divergence,6.35157667199576,0.2704030241386756,8.673617379884035e-18,9.47803980849125,713.1391555820985,619,1081,8,6254,"(15, 13, 16)",44,"(0.341, 0.295, 0.364)",0.005130629605778477,0.04330037207926943
uniform,3,21,20,6.767,jeff_divergence,6.35157667199576,0.2704030241386756,8.673617379884035e-18,9.47803980849125,713.1391555820985,619,1081,9,6292,"(13, 15, 16)",44,"(0.295, 0.341, 0.364)",0.005130629605778446,0.048431001685047874
uniform,3,21,20,6.767,jeff_divergence,6.35157667199576,0.2704030241386756,8.673617379884035e-18,9.47803980849125,713.1391555820985,619,1081,10,5910,"(11, 16, 15)",42,"(0.262, 0.381, 0.357)",0.0037662256528634645,0.05219722733791134
uniform,3,21,20,9.457,jeff_divergence,6.955671409071957,0.19483422416904161,3.469446951953614e-18,10.145295297255517,1132.499970423115,1036,1806,1,6315,"(16, 16, 16)",48,"(0.333, 0.333, 0.333)",0.007429023150472151,0.007429023150472151
uniform,3,21,20,9.457,jeff_divergence,6.955671409071957,0.19483422416904161,3.469446951953614e-18,10.145295297255517,1132.499970423115,1036,1806,2,6313,"(14, 16, 16)",46,"(0.304, 0.348, 0.348)",0.004977487209695524,0.012406510360167676
uniform,3,21,20,9.457,jeff_divergence,6.955671409071957,0.19483422416904161,3.469446951953614e-18,10.145295297255517,1132.499970423115,1036,1806,3,6275,"(16, 14, 16)",46,"(0.348, 0.304, 0.348)",0.004977487209695512,0.01738399756986319
uniform,3,21,20,9.457,jeff_divergence,6.955671409071957,0.19483422416904161,3.469446951953614e-18,10.145295297255517,1132.499970423115,1036,1806,4,5515,"(16, 16, 14)",46,"(0.348, 0.348, 0.304)",0.004977487209695132,0.02236148477955832
uniform,3,21,20,9.457,jeff_divergence,6.955671409071957,0.19483422416904161,3.469446951953614e-18,10.145295297255517,1132.499970423115,1036,1806,5,6311,"(12, 16, 16)",44,"(0.273, 0.364, 0.364)",0.0037065602882550694,0.026068045067813392
uniform,3,21,20,9.457,jeff_divergence,6.955671409071957,0.19483422416904161,3.469446951953614e-18,10.145295297255517,1132.499970423115,1036,1806,6,6235,"(16, 12, 16)",44,"(0.364, 0.273, 0.364)",0.003706560288255063,0.029774605356068455
uniform,3,21,20,9.457,jeff_divergence,6.955671409071957,0.19483422416904161,3.469446951953614e-18,10.145295297255517,1132.499970423115,1036,1806,7,4715,"(16, 16, 12)",44,"(0.364, 0.364, 0.273)",0.003706560288254338,0.0334811656443228
uniform,3,21,20,9.457,jeff_divergence,6.955671409071957,0.19483422416904161,3.469446951953614e-18,10.145295297255517,1132.499970423115,1036,1806,8,6195,"(16, 10, 16)",42,"(0.381, 0.238, 0.381)",0.0033322341954390294,0.036813399839761826
uniform,3,21,20,9.457,jeff_divergence,6.955671409071957,0.19483422416904161,3.469446951953614e-18,10.145295297255517,1132.499970423115,1036,1806,9,6309,"(10, 16, 16)",42,"(0.238, 0.381, 0.381)",0.0033322341954390294,0.040145634035200856
uniform,3,21,20,9.457,jeff_divergence,6.955671409071957,0.19483422416904161,3.469446951953614e-18,10.145295297255517,1132.499970423115,1036,1806,10,3915,"(16, 16, 10)",42,"(0.381, 0.381, 0.238)",0.0033322341954386066,0.04347786823063946
uniform,3,21,20,13.215,jeff_divergence,7.582820215528679,0.13837698263832848,2.6020852139652106e-18,10.589003860462917,1540.3087630809503,1354,2285,1,6716,"(17, 16, 17)",50,"(0.340, 0.320, 0.340)",0.002417073733832629,0.002417073733832629
uniform,3,21,20,13.215,jeff_divergence,7.582820215528679,0.13837698263832848,2.6020852139652106e-18,10.589003860462917,1540.3087630809503,1354,2285,2,6735,"(16, 17, 17)",50,"(0.320, 0.340, 0.340)",0.0024170737338326115,0.00483414746766524
uniform,3,21,20,13.215,jeff_divergence,7.582820215528679,0.13837698263832848,2.6020852139652106e-18,10.589003860462917,1540.3087630809503,1354,2285,3,6336,"(17, 17, 16)",50,"(0.340, 0.340, 0.320)",0.002417073733832391,0.0072512212014976315
uniform,3,21,20,13.215,jeff_divergence,7.582820215528679,0.13837698263832848,2.6020852139652106e-18,10.589003860462917,1540.3087630809503,1354,2285,4,336,"(17, 17, 1)",35,"(0.486, 0.486, 0.029)",0.0021372795957329406,0.009388500797230573
uniform,3,21,20,13.215,jeff_divergence,7.582820215528679,0.13837698263832848,2.6020852139652106e-18,10.589003860462917,1540.3087630809503,1354,2285,5,6416,"(17, 1, 17)",35,"(0.486, 0.029, 0.486)",0.0021372795957329384,0.011525780392963512
uniform,3,21,20,13.215,jeff_divergence,7.582820215528679,0.13837698263832848,2.6020852139652106e-18,10.589003860462917,1540.3087630809503,1354,2285,6,6720,"(1, 17, 17)",35,"(0.029, 0.486, 0.486)",0.0021372795957329384,0.01366305998869645
uniform,3,21,20,13.215,jeff_divergence,7.582820215528679,0.13837698263832848,2.6020852139652106e-18,10.589003860462917,1540.3087630809503,1354,2285,7,6734,"(15, 17, 17)",49,"(0.306, 0.347, 0.347)",0.001919955307901892,0.015583015296598342
uniform,3,21,20,13.215,jeff_divergence,7.582820215528679,0.13837698263832848,2.6020852139652106e-18,10.589003860462917,1540.3087630809503,1354,2285,8,6696,"(17, 15, 17)",49,"(0.347, 0.306, 0.347)",0.001919955307901877,0.01750297060450022
uniform,3,21,20,13.215,jeff_divergence,7.582820215528679,0.13837698263832848,2.6020852139652106e-18,10.589003860462917,1540.3087630809503,1354,2285,9,5936,"(17, 17, 15)",49,"(0.347, 0.347, 0.306)",0.0019199553079016296,0.01942292591240185
uniform,3,21,20,13.215,jeff_divergence,7.582820215528679,0.13837698263832848,2.6020852139652106e-18,10.589003860462917,1540.3087630809503,1354,2285,10,4736,"(17, 17, 12)",46,"(0.370, 0.370, 0.261)",0.0018690970901911466,0.021292023002592995
uniform,3,21,20,18.467,jeff_divergence,8.215653017667373,0.09779747551366524,2.3852447794681098e-18,11.284874169549639,2495.086591504199,2166,3351,1,6736,"(17, 17, 17)",51,"(0.333, 0.333, 0.333)",0.002951437128087505,0.002951437128087505
uniform,3,21,20,18.467,jeff_divergence,8.215653017667373,0.09779747551366524,2.3852447794681098e-18,11.284874169549639,2495.086591504199,2166,3351,2,6734,"(15, 17, 17)",49,"(0.306, 0.347, 0.347)",0.00180289839792359,0.004754335526011095
uniform,3,21,20,18.467,jeff_divergence,8.215653017667373,0.09779747551366524,2.3852447794681098e-18,11.284874169549639,2495.086591504199,2166,3351,3,6696,"(17, 15, 17)",49,"(0.347, 0.306, 0.347)",0.0018028983979235878,0.006557233923934683
uniform,3,21,20,18.467,jeff_divergence,8.215653017667373,0.09779747551366524,2.3852447794681098e-18,11.284874169549639,2495.086591504199,2166,3351,4,5936,"(17, 17, 15)",49,"(0.347, 0.347, 0.306)",0.0018028983979231522,0.008360132321857835
uniform,3,21,20,18.467,jeff_divergence,8.215653017667373,0.09779747551366524,2.3852447794681098e-18,11.284874169549639,2495.086591504199,2166,3351,5,6676,"(17, 14, 17)",48,"(0.354, 0.292, 0.354)",0.001582955714268427,0.009943088036126261
uniform,3,21,20,18.467,jeff_divergence,8.215653017667373,0.09779747551366524,2.3852447794681098e-18,11.284874169549639,2495.086591504199,2166,3351,6,6733,"(14, 17, 17)",48,"(0.292, 0.354, 0.354)",0.0015829557142684266,0.011526043750394687
uniform,3,21,20,18.467,jeff_divergence,8.215653017667373,0.09779747551366524,2.3852447794681098e-18,11.284874169549639,2495.086591504199,2166,3351,7,5536,"(17, 17, 14)",48,"(0.354, 0.354, 0.292)",0.0015829557142681353,0.013108999464662822
uniform,3,21,20,18.467,jeff_divergence,8.215653017667373,0.09779747551366524,2.3852447794681098e-18,11.284874169549639,2495.086591504199,2166,3351,8,6725,"(6, 17, 17)",40,"(0.150, 0.425, 0.425)",0.0015313011136968725,0.014640300578359694
uniform,3,21,20,18.467,jeff_divergence,8.215653017667373,0.09779747551366524,2.3852447794681098e-18,11.284874169549639,2495.086591504199,2166,3351,9,6516,"(17, 6, 17)",40,"(0.425, 0.150, 0.425)",0.0015313011136968665,0.01617160169205656
uniform,3,21,20,18.467,jeff_divergence,8.215653017667373,0.09779747551366524,2.3852447794681098e-18,11.284874169549639,2495.086591504199,2166,3351,10,2336,"(17, 17, 6)",40,"(0.425, 0.425, 0.150)",0.0015313011136965727,0.01770290280575313
uniform,3,21,20,25.806,jeff_divergence,8.866213537706502,0.06781771775180495,1.0842021724855044e-18,11.537829779291126,2973.2597275648322,2906,4307,1,7157,"(18, 18, 18)",54,"(0.333, 0.333, 0.333)",0.0010830862924688692,0.0010830862924688692
uniform,3,21,20,25.806,jeff_divergence,8.866213537706502,0.06781771775180495,1.0842021724855044e-18,11.537829779291126,2973.2597275648322,2906,4307,2,7147,"(8, 18, 18)",44,"(0.182, 0.409, 0.409)",0.0010286657873577576,0.002111752079826627
uniform,3,21,20,25.806,jeff_divergence,8.866213537706502,0.06781771775180495,1.0842021724855044e-18,11.537829779291126,2973.2597275648322,2906,4307,3,6957,"(18, 8, 18)",44,"(0.409, 0.182, 0.409)",0.001028665787357757,0.0031404178671843837
uniform,3,21,20,25.806,jeff_divergence,8.866213537706502,0.06781771775180495,1.0842021724855044e-18,11.537829779291126,2973.2597275648322,2906,4307,4,3157,"(18, 18, 8)",44,"(0.409, 0.409, 0.182)",0.001028665787357721,0.004169083654542105
uniform,3,21,20,25.806,jeff_divergence,8.866213537706502,0.06781771775180495,1.0842021724855044e-18,11.537829779291126,2973.2597275648322,2906,4307,5,6757,"(18, 18, 17)",53,"(0.340, 0.340, 0.321)",0.0009968686090507184,0.0051659522635928235
uniform,3,21,20,25.806,jeff_divergence,8.866213537706502,0.06781771775180495,1.0842021724855044e-18,11.537829779291126,2973.2597275648322,2906,4307,6,7137,"(18, 17, 18)",53,"(0.340, 0.321, 0.340)",0.000996868609050529,0.006162820872643353
uniform,3,21,20,25.806,jeff_divergence,8.866213537706502,0.06781771775180495,1.0842021724855044e-18,11.537829779291126,2973.2597275648322,2906,4307,7,7156,"(17, 18, 18)",53,"(0.321, 0.340, 0.340)",0.0009968686090505276,0.00715968948169388
uniform,3,21,20,25.806,jeff_divergence,8.866213537706502,0.06781771775180495,1.0842021724855044e-18,11.537829779291126,2973.2597275648322,2906,4307,8,3557,"(18, 18, 9)",45,"(0.400, 0.400, 0.200)",0.0009923058225507029,0.008151995304244583
uniform,3,21,20,25.806,jeff_divergence,8.866213537706502,0.06781771775180495,1.0842021724855044e-18,11.537829779291126,2973.2597275648322,2906,4307,9,6977,"(18, 9, 18)",45,"(0.400, 0.200, 0.400)",0.0009923058225506398,0.009144301126795222
uniform,3,21,20,25.806,jeff_divergence,8.866213537706502,0.06781771775180495,1.0842021724855044e-18,11.537829779291126,2973.2597275648322,2906,4307,10,7148,"(9, 18, 18)",45,"(0.200, 0.400, 0.400)",0.0009923058225506385,0.010136606949345862
uniform,3,21,20,36.062,jeff_divergence,9.5213345852807,0.04630208704430693,8.131516293641283e-19,12.110760713383655,4422.850350546554,4164,5571,1,7157,"(18, 18, 18)",54,"(0.333, 0.333, 0.333)",0.0009410384027890594,0.0009410384027890594
uniform,3,21,20,36.062,jeff_divergence,9.5213345852807,0.04630208704430693,8.131516293641283e-19,12.110760713383655,4422.850350546554,4164,5571,2,6757,"(18, 18, 17)",53,"(0.340, 0.340, 0.321)",0.0008365045819940852,0.0017775429847831446
uniform,3,21,20,36.062,jeff_divergence,9.5213345852807,0.04630208704430693,8.131516293641283e-19,12.110760713383655,4422.850350546554,4164,5571,3,7156,"(17, 18, 18)",53,"(0.321, 0.340, 0.340)",0.0008365045819940852,0.0026140475667772297
uniform,3,21,20,36.062,jeff_divergence,9.5213345852807,0.04630208704430693,8.131516293641283e-19,12.110760713383655,4422.850350546554,4164,5571,4,7137,"(18, 17, 18)",53,"(0.340, 0.321, 0.340)",0.0008365045819940847,0.0034505521487713147
uniform,3,21,20,36.062,jeff_divergence,9.5213345852807,0.04630208704430693,8.131516293641283e-19,12.110760713383655,4422.850350546554,4164,5571,5,7147,"(8, 18, 18)",44,"(0.182, 0.409, 0.409)",0.0008314917942923052,0.0042820439430636195
uniform,3,21,20,36.062,jeff_divergence,9.5213345852807,0.04630208704430693,8.131516293641283e-19,12.110760713383655,4422.850350546554,4164,5571,6,6957,"(18, 8, 18)",44,"(0.409, 0.182, 0.409)",0.0008314917942923034,0.005113535737355923
uniform,3,21,20,36.062,jeff_divergence,9.5213345852807,0.04630208704430693,8.131516293641283e-19,12.110760713383655,4422.850350546554,4164,5571,7,3157,"(18, 18, 8)",44,"(0.409, 0.409, 0.182)",0.0008314917942922017,0.005945027531648124
uniform,3,21,20,36.062,jeff_divergence,9.5213345852807,0.04630208704430693,8.131516293641283e-19,12.110760713383655,4422.850350546554,4164,5571,8,5157,"(18, 18, 13)",49,"(0.367, 0.367, 0.265)",0.0008311021930403853,0.006776129724688509
uniform,3,21,20,36.062,jeff_divergence,9.5213345852807,0.04630208704430693,8.131516293641283e-19,12.110760713383655,4422.850350546554,4164,5571,9,7152,"(13, 18, 18)",49,"(0.265, 0.367, 0.367)",0.0008311021930401676,0.007607231917728677
uniform,3,21,20,36.062,jeff_divergence,9.5213345852807,0.04630208704430693,8.131516293641283e-19,12.110760713383655,4422.850350546554,4164,5571,10,7057,"(18, 13, 18)",49,"(0.367, 0.265, 0.367)",0.0008311021930401662,0.008438334110768842
uniform,3,21,20,50.394,jeff_divergence,10.182123008625037,0.03070666829224861,5.421010862427522e-19,12.374673930900457,5310.654398610046,5031,6595,1,7572,"(13, 19, 19)",51,"(0.255, 0.373, 0.373)",0.0005997022051237506,0.0005997022051237506
uniform,3,21,20,50.394,jeff_divergence,10.182123008625037,0.03070666829224861,5.421010862427522e-19,12.374673930900457,5310.654398610046,5031,6595,2,7458,"(19, 13, 19)",51,"(0.373, 0.255, 0.373)",0.0005997022051237499,0.0011994044102475005
uniform,3,21,20,50.394,jeff_divergence,10.182123008625037,0.03070666829224861,5.421010862427522e-19,12.374673930900457,5310.654398610046,5031,6595,3,5178,"(19, 19, 13)",51,"(0.373, 0.373, 0.255)",0.0005997022051236777,0.0017991066153711782
uniform,3,21,20,50.394,jeff_divergence,10.182123008625037,0.03070666829224861,5.421010862427522e-19,12.374673930900457,5310.654398610046,5031,6595,4,7438,"(19, 12, 19)",50,"(0.380, 0.240, 0.380)",0.0005922386349363228,0.002391345250307501
uniform,3,21,20,50.394,jeff_divergence,10.182123008625037,0.03070666829224861,5.421010862427522e-19,12.374673930900457,5310.654398610046,5031,6595,5,7571,"(12, 19, 19)",50,"(0.240, 0.380, 0.380)",0.0005922386349363227,0.0029835838852438237
uniform,3,21,20,50.394,jeff_divergence,10.182123008625037,0.03070666829224861,5.421010862427522e-19,12.374673930900457,5310.654398610046,5031,6595,6,4778,"(19, 19, 12)",50,"(0.380, 0.380, 0.240)",0.0005922386349362936,0.003575822520180117
uniform,3,21,20,50.394,jeff_divergence,10.182123008625037,0.03070666829224861,5.421010862427522e-19,12.374673930900457,5310.654398610046,5031,6595,7,378,"(19, 19, 1)",39,"(0.487, 0.487, 0.026)",0.0005816635003234467,0.004157486020503563
uniform,3,21,20,50.394,jeff_divergence,10.182123008625037,0.03070666829224861,5.421010862427522e-19,12.374673930900457,5310.654398610046,5031,6595,8,7218,"(19, 1, 19)",39,"(0.487, 0.026, 0.487)",0.0005816635003234466,0.00473914952082701
uniform,3,21,20,50.394,jeff_divergence,10.182123008625037,0.03070666829224861,5.421010862427522e-19,12.374673930900457,5310.654398610046,5031,6595,9,7560,"(1, 19, 19)",39,"(0.026, 0.487, 0.487)",0.0005816635003234466,0.005320813021150456
uniform,3,21,20,50.394,jeff_divergence,10.182123008625037,0.03070666829224861,5.421010862427522e-19,12.374673930900457,5310.654398610046,5031,6595,10,7478,"(19, 14, 19)",52,"(0.365, 0.269, 0.365)",0.000572206620878306,0.005893019642028762
uniform,3,21,20,70.421,jeff_divergence,10.835257654161147,0.01970241472732375,4.336808689942018e-19,12.60455790802791,6228.020198683722,5810,7392,1,7458,"(19, 13, 19)",51,"(0.373, 0.255, 0.373)",0.0005849932922298848,0.0005849932922298848
uniform,3,21,20,70.421,jeff_divergence,10.835257654161147,0.01970241472732375,4.336808689942018e-19,12.60455790802791,6228.020198683722,5810,7392,2,7572,"(13, 19, 19)",51,"(0.255, 0.373, 0.373)",0.0005849932922298848,0.0011699865844597697
uniform,3,21,20,70.421,jeff_divergence,10.835257654161147,0.01970241472732375,4.336808689942018e-19,12.60455790802791,6228.020198683722,5810,7392,3,5178,"(19, 19, 13)",51,"(0.373, 0.373, 0.255)",0.0005849932922298777,0.0017549798766896474
uniform,3,21,20,70.421,jeff_divergence,10.835257654161147,0.01970241472732375,4.336808689942018e-19,12.60455790802791,6228.020198683722,5810,7392,4,7578,"(19, 19, 19)",57,"(0.333, 0.333, 0.333)",0.0005823298378821071,0.0023373097145717543
uniform,3,21,20,70.421,jeff_divergence,10.835257654161147,0.01970241472732375,4.336808689942018e-19,12.60455790802791,6228.020198683722,5810,7392,5,7438,"(19, 12, 19)",50,"(0.380, 0.240, 0.380)",0.0005783737835476074,0.002915683498119362
uniform,3,21,20,70.421,jeff_divergence,10.835257654161147,0.01970241472732375,4.336808689942018e-19,12.60455790802791,6228.020198683722,5810,7392,6,7571,"(12, 19, 19)",50,"(0.240, 0.380, 0.380)",0.0005783737835476073,0.0034940572816669693
uniform,3,21,20,70.421,jeff_divergence,10.835257654161147,0.01970241472732375,4.336808689942018e-19,12.60455790802791,6228.020198683722,5810,7392,7,4778,"(19, 19, 12)",50,"(0.380, 0.380, 0.240)",0.0005783737835476045,0.004072431065214574
uniform,3,21,20,70.421,jeff_divergence,10.835257654161147,0.01970241472732375,4.336808689942018e-19,12.60455790802791,6228.020198683722,5810,7392,8,7576,"(17, 19, 19)",55,"(0.309, 0.345, 0.345)",0.0005596252395403906,0.004632056304754964
uniform,3,21,20,70.421,jeff_divergence,10.835257654161147,0.01970241472732375,4.336808689942018e-19,12.60455790802791,6228.020198683722,5810,7392,9,7538,"(19, 17, 19)",55,"(0.345, 0.309, 0.345)",0.0005596252395403904,0.0051916815442953545
uniform,3,21,20,70.421,jeff_divergence,10.835257654161147,0.01970241472732375,4.336808689942018e-19,12.60455790802791,6228.020198683722,5810,7392,10,6778,"(19, 19, 17)",55,"(0.345, 0.345, 0.309)",0.0005596252395403895,0.005751306783835744
uniform,3,21,20,98.407,jeff_divergence,11.49319768900839,0.011738835759886632,3.2526065174565133e-19,12.82886090572908,7275.652411691387,6560,7910,1,7578,"(19, 19, 19)",57,"(0.333, 0.333, 0.333)",0.000338777346893983,0.000338777346893983
uniform,3,21,20,98.407,jeff_divergence,11.49319768900839,0.011738835759886632,3.2526065174565133e-19,12.82886090572908,7275.652411691387,6560,7910,2,4378,"(19, 19, 11)",49,"(0.388, 0.388, 0.224)",0.0003300100555487297,0.0006687874024427127
uniform,3,21,20,98.407,jeff_divergence,11.49319768900839,0.011738835759886632,3.2526065174565133e-19,12.82886090572908,7275.652411691387,6560,7910,3,7418,"(19, 11, 19)",49,"(0.388, 0.224, 0.388)",0.0003300100555487292,0.000998797457991442
uniform,3,21,20,98.407,jeff_divergence,11.49319768900839,0.011738835759886632,3.2526065174565133e-19,12.82886090572908,7275.652411691387,6560,7910,4,7570,"(11, 19, 19)",49,"(0.224, 0.388, 0.388)",0.00033001005554872897,0.0013288075135401709
uniform,3,21,20,98.407,jeff_divergence,11.49319768900839,0.011738835759886632,3.2526065174565133e-19,12.82886090572908,7275.652411691387,6560,7910,5,7178,"(19, 19, 18)",56,"(0.339, 0.339, 0.321)",0.00032644527689347887,0.0016552527904336498
uniform,3,21,20,98.407,jeff_divergence,11.49319768900839,0.011738835759886632,3.2526065174565133e-19,12.82886090572908,7275.652411691387,6560,7910,6,7558,"(19, 18, 19)",56,"(0.339, 0.321, 0.339)",0.0003264452768934784,0.0019816980673271283
uniform,3,21,20,98.407,jeff_divergence,11.49319768900839,0.011738835759886632,3.2526065174565133e-19,12.82886090572908,7275.652411691387,6560,7910,7,7577,"(18, 19, 19)",56,"(0.321, 0.339, 0.339)",0.0003264452768934784,0.002308143344220607
uniform,3,21,20,98.407,jeff_divergence,11.49319768900839,0.011738835759886632,3.2526065174565133e-19,12.82886090572908,7275.652411691387,6560,7910,8,7699,"(20, 5, 20)",45,"(0.444, 0.111, 0.444)",0.0003218626742005513,0.002630006018421158
uniform,3,21,20,98.407,jeff_divergence,11.49319768900839,0.011738835759886632,3.2526065174565133e-19,12.82886090572908,7275.652411691387,6560,7910,9,7984,"(5, 20, 20)",45,"(0.111, 0.444, 0.444)",0.0003218626742005513,0.0029518686926217094
uniform,3,21,20,98.407,jeff_divergence,11.49319768900839,0.011738835759886632,3.2526065174565133e-19,12.82886090572908,7275.652411691387,6560,7910,10,1999,"(20, 20, 5)",45,"(0.444, 0.444, 0.111)",0.0003218626742005511,0.0032737313668222603
uniform,3,21,20,137.51500000000001,jeff_divergence,12.043590145844597,0.006950829771436583,1.6263032587282567e-19,12.858943652984758,7428.95541791568,6761,7930,1,399,"(20, 20, 1)",41,"(0.488, 0.488, 0.024)",0.000303334785358313,0.000303334785358313
uniform,3,21,20,137.51500000000001,jeff_divergence,12.043590145844597,0.006950829771436583,1.6263032587282567e-19,12.858943652984758,7428.95541791568,6761,7930,2,7619,"(20, 1, 20)",41,"(0.488, 0.024, 0.488)",0.00030333478535831293,0.0006066695707166259
uniform,3,21,20,137.51500000000001,jeff_divergence,12.043590145844597,0.006950829771436583,1.6263032587282567e-19,12.858943652984758,7428.95541791568,6761,7930,3,7980,"(1, 20, 20)",41,"(0.024, 0.488, 0.488)",0.00030333478535831293,0.0009100043560749388
uniform,3,21,20,137.51500000000001,jeff_divergence,12.043590145844597,0.006950829771436583,1.6263032587282567e-19,12.858943652984758,7428.95541791568,6761,7930,4,7958,"(19, 18, 20)",57,"(0.333, 0.316, 0.351)",0.00030087218294407914,0.0012108765390190178
uniform,3,21,20,137.51500000000001,jeff_divergence,12.043590145844597,0.006950829771436583,1.6263032587282567e-19,12.858943652984758,7428.95541791568,6761,7930,5,7977,"(18, 19, 20)",57,"(0.316, 0.333, 0.351)",0.0003008721829440791,0.001511748721963097
uniform,3,21,20,137.51500000000001,jeff_divergence,12.043590145844597,0.006950829771436583,1.6263032587282567e-19,12.858943652984758,7428.95541791568,6761,7930,6,7179,"(20, 19, 18)",57,"(0.351, 0.333, 0.316)",0.00030087218294407904,0.0018126209049071761
uniform,3,21,20,137.51500000000001,jeff_divergence,12.043590145844597,0.006950829771436583,1.6263032587282567e-19,12.858943652984758,7428.95541791568,6761,7930,7,7198,"(19, 20, 18)",57,"(0.333, 0.351, 0.316)",0.00030087218294407904,0.002113493087851255
uniform,3,21,20,137.51500000000001,jeff_divergence,12.043590145844597,0.006950829771436583,1.6263032587282567e-19,12.858943652984758,7428.95541791568,6761,7930,8,7597,"(18, 20, 19)",57,"(0.316, 0.351, 0.333)",0.0003008721829440788,0.002414365270795334
uniform,3,21,20,137.51500000000001,jeff_divergence,12.043590145844597,0.006950829771436583,1.6263032587282567e-19,12.858943652984758,7428.95541791568,6761,7930,9,7559,"(20, 18, 19)",57,"(0.351, 0.316, 0.333)",0.0003008721829440787,0.002715237453739413
uniform,3,21,20,137.51500000000001,jeff_divergence,12.043590145844597,0.006950829771436583,1.6263032587282567e-19,12.858943652984758,7428.95541791568,6761,7930,10,7199,"(20, 20, 18)",58,"(0.345, 0.345, 0.310)",0.00030047255650007603,0.003015710010239489
uniform,3,21,20,192.166,jeff_divergence,12.427026023711672,0.004550259473606868,1.6263032587282567e-19,12.879764347984912,7536.946037072821,6891,7957,1,7999,"(20, 20, 20)",60,"(0.333, 0.333, 0.333)",0.00029845013897945643,0.00029845013897945643
uniform,3,21,20,192.166,jeff_divergence,12.427026023711672,0.004550259473606868,1.6263032587282567e-19,12.879764347984912,7536.946037072821,6891,7957,2,7979,"(20, 19, 20)",59,"(0.339, 0.322, 0.339)",0.00029676216433157797,0.0005952123033110344
uniform,3,21,20,192.166,jeff_divergence,12.427026023711672,0.004550259473606868,1.6263032587282567e-19,12.879764347984912,7536.946037072821,6891,7957,3,7998,"(19, 20, 20)",59,"(0.322, 0.339, 0.339)",0.00029676216433157797,0.0008919744676426124
uniform,3,21,20,192.166,jeff_divergence,12.427026023711672,0.004550259473606868,1.6263032587282567e-19,12.879764347984912,7536.946037072821,6891,7957,4,7599,"(20, 20, 19)",59,"(0.339, 0.339, 0.322)",0.0002967621643315774,0.0011887366319741897
uniform,3,21,20,192.166,jeff_divergence,12.427026023711672,0.004550259473606868,1.6263032587282567e-19,12.879764347984912,7536.946037072821,6891,7957,5,7579,"(20, 19, 19)",58,"(0.345, 0.328, 0.328)",0.00029566351806179446,0.0014844001500359842
uniform,3,21,20,192.166,jeff_divergence,12.427026023711672,0.004550259473606868,1.6263032587282567e-19,12.879764347984912,7536.946037072821,6891,7957,6,7598,"(19, 20, 19)",58,"(0.328, 0.345, 0.328)",0.00029566351806179446,0.0017800636680977786
uniform,3,21,20,192.166,jeff_divergence,12.427026023711672,0.004550259473606868,1.6263032587282567e-19,12.879764347984912,7536.946037072821,6891,7957,7,7978,"(19, 19, 20)",58,"(0.328, 0.328, 0.345)",0.0002956635180617939,0.0020757271861595724
uniform,3,21,20,192.166,jeff_divergence,12.427026023711672,0.004550259473606868,1.6263032587282567e-19,12.879764347984912,7536.946037072821,6891,7957,8,7199,"(20, 20, 18)",58,"(0.345, 0.345, 0.310)",0.0002945697895356989,0.002370296975695271
uniform,3,21,20,192.166,jeff_divergence,12.427026023711672,0.004550259473606868,1.6263032587282567e-19,12.879764347984912,7536.946037072821,6891,7957,9,7959,"(20, 18, 20)",58,"(0.345, 0.310, 0.345)",0.0002945697895356989,0.00266486676523097
uniform,3,21,20,192.166,jeff_divergence,12.427026023711672,0.004550259473606868,1.6263032587282567e-19,12.879764347984912,7536.946037072821,6891,7957,10,7997,"(18, 20, 20)",58,"(0.310, 0.345, 0.345)",0.00029456978953569887,0.0029594365547666686
uniform,3,21,20,268.535,jeff_divergence,12.649674982143516,0.003548868907512322,1.0842021724855044e-19,12.89363744674117,7609.77164646565,6974,7993,1,7999,"(20, 20, 20)",60,"(0.333, 0.333, 0.333)",0.000291992048926005,0.000291992048926005
uniform,3,21,20,268.535,jeff_divergence,12.649674982143516,0.003548868907512322,1.0842021724855044e-19,12.89363744674117,7609.77164646565,6974,7993,2,7998,"(19, 20, 20)",59,"(0.322, 0.339, 0.339)",0.00029144556289597596,0.0005834376118219809
uniform,3,21,20,268.535,jeff_divergence,12.649674982143516,0.003548868907512322,1.0842021724855044e-19,12.89363744674117,7609.77164646565,6974,7993,3,7979,"(20, 19, 20)",59,"(0.339, 0.322, 0.339)",0.0002914455628959759,0.0008748831747179568
uniform,3,21,20,268.535,jeff_divergence,12.649674982143516,0.003548868907512322,1.0842021724855044e-19,12.89363744674117,7609.77164646565,6974,7993,4,7599,"(20, 20, 19)",59,"(0.339, 0.339, 0.322)",0.0002914455628959758,0.0011663287376139325
uniform,3,21,20,268.535,jeff_divergence,12.649674982143516,0.003548868907512322,1.0842021724855044e-19,12.89363744674117,7609.77164646565,6974,7993,5,7579,"(20, 19, 19)",58,"(0.345, 0.328, 0.328)",0.00029121206113954205,0.0014575407987534746
uniform,3,21,20,268.535,jeff_divergence,12.649674982143516,0.003548868907512322,1.0842021724855044e-19,12.89363744674117,7609.77164646565,6974,7993,6,7598,"(19, 20, 19)",58,"(0.328, 0.345, 0.328)",0.000291212061139542,0.0017487528598930167
uniform,3,21,20,268.535,jeff_divergence,12.649674982143516,0.003548868907512322,1.0842021724855044e-19,12.89363744674117,7609.77164646565,6974,7993,7,7978,"(19, 19, 20)",58,"(0.328, 0.328, 0.345)",0.0002912120611395419,0.0020399649210325584
uniform,3,21,20,268.535,jeff_divergence,12.649674982143516,0.003548868907512322,1.0842021724855044e-19,12.89363744674117,7609.77164646565,6974,7993,8,7199,"(20, 20, 18)",58,"(0.345, 0.345, 0.310)",0.0002899541640856253,0.0023299190851181835
uniform,3,21,20,268.535,jeff_divergence,12.649674982143516,0.003548868907512322,1.0842021724855044e-19,12.89363744674117,7609.77164646565,6974,7993,9,7959,"(20, 18, 20)",58,"(0.345, 0.310, 0.345)",0.0002899541640856252,0.0026198732492038086
uniform,3,21,20,268.535,jeff_divergence,12.649674982143516,0.003548868907512322,1.0842021724855044e-19,12.89363744674117,7609.77164646565,6974,7993,10,7997,"(18, 20, 20)",58,"(0.310, 0.345, 0.345)",0.0002899541640856252,0.0029098274132894337
uniform,3,21,20,375.254,jeff_divergence,12.768075554858491,0.003167476512129099,1.0842021724855044e-19,12.901098525339803,7649.228476315265,7027,8000,1,7999,"(20, 20, 20)",60,"(0.333, 0.333, 0.333)",0.000280623118411892,0.000280623118411892
uniform,3,21,20,375.254,jeff_divergence,12.768075554858491,0.003167476512129099,1.0842021724855044e-19,12.901098525339803,7649.228476315265,7027,8000,2,7998,"(19, 20, 20)",59,"(0.322, 0.339, 0.339)",0.00027518978375837906,0.0005558129021702711
uniform,3,21,20,375.254,jeff_divergence,12.768075554858491,0.003167476512129099,1.0842021724855044e-19,12.901098525339803,7649.228476315265,7027,8000,3,7599,"(20, 20, 19)",59,"(0.339, 0.339, 0.322)",0.00027518978375837895,0.0008310026859286501
uniform,3,21,20,375.254,jeff_divergence,12.768075554858491,0.003167476512129099,1.0842021724855044e-19,12.901098525339803,7649.228476315265,7027,8000,4,7979,"(20, 19, 20)",59,"(0.339, 0.322, 0.339)",0.00027518978375837895,0.001106192469687029
uniform,3,21,20,375.254,jeff_divergence,12.768075554858491,0.003167476512129099,1.0842021724855044e-19,12.901098525339803,7649.228476315265,7027,8000,5,7978,"(19, 19, 20)",58,"(0.328, 0.328, 0.345)",0.00027263685958934354,0.0013788293292763725
uniform,3,21,20,375.254,jeff_divergence,12.768075554858491,0.003167476512129099,1.0842021724855044e-19,12.901098525339803,7649.228476315265,7027,8000,6,7579,"(20, 19, 19)",58,"(0.345, 0.328, 0.328)",0.0002726368595893435,0.001651466188865716
uniform,3,21,20,375.254,jeff_divergence,12.768075554858491,0.003167476512129099,1.0842021724855044e-19,12.901098525339803,7649.228476315265,7027,8000,7,7598,"(19, 20, 19)",58,"(0.328, 0.345, 0.328)",0.0002726368595893435,0.0019241030484550593
uniform,3,21,20,375.254,jeff_divergence,12.768075554858491,0.003167476512129099,1.0842021724855044e-19,12.901098525339803,7649.228476315265,7027,8000,8,4459,"(20, 3, 12)",35,"(0.571, 0.086, 0.343)",0.0002665485824262645,0.002190651630881324
uniform,3,21,20,375.254,jeff_divergence,12.768075554858491,0.003167476512129099,1.0842021724855044e-19,12.901098525339803,7649.228476315265,7027,8000,9,4782,"(3, 20, 12)",35,"(0.086, 0.571, 0.343)",0.0002665485824262645,0.0024572002133075883
uniform,3,21,20,375.254,jeff_divergence,12.768075554858491,0.003167476512129099,1.0842021724855044e-19,12.901098525339803,7649.228476315265,7027,8000,10,7651,"(12, 3, 20)",35,"(0.343, 0.086, 0.571)",0.0002665485824262645,0.0027237487957338527
uniform,3,21,20,524.385,jeff_divergence,12.831026755674376,0.0030224479186923437,8.131516293641283e-20,12.903315241937332,7660.990632963916,7054,8000,1,1039,"(20, 12, 3)",35,"(0.571, 0.343, 0.086)",0.00028227824853032583,0.00028227824853032583
uniform,3,21,20,524.385,jeff_divergence,12.831026755674376,0.0030224479186923437,8.131516293641283e-20,12.903315241937332,7660.990632963916,7054,8000,2,1191,"(12, 20, 3)",35,"(0.343, 0.571, 0.086)",0.00028227824853032583,0.0005645564970606517
uniform,3,21,20,524.385,jeff_divergence,12.831026755674376,0.0030224479186923437,8.131516293641283e-20,12.903315241937332,7660.990632963916,7054,8000,3,4459,"(20, 3, 12)",35,"(0.571, 0.086, 0.343)",0.00028227824853032583,0.0008468347455909775
uniform,3,21,20,524.385,jeff_divergence,12.831026755674376,0.0030224479186923437,8.131516293641283e-20,12.903315241937332,7660.990632963916,7054,8000,4,4782,"(3, 20, 12)",35,"(0.086, 0.571, 0.343)",0.00028227824853032583,0.0011291129941213033
uniform,3,21,20,524.385,jeff_divergence,12.831026755674376,0.0030224479186923437,8.131516293641283e-20,12.903315241937332,7660.990632963916,7054,8000,5,7651,"(12, 3, 20)",35,"(0.343, 0.086, 0.571)",0.0002822782485303258,0.0014113912426516292
uniform,3,21,20,524.385,jeff_divergence,12.831026755674376,0.0030224479186923437,8.131516293641283e-20,12.903315241937332,7660.990632963916,7054,8000,6,7822,"(3, 12, 20)",35,"(0.086, 0.343, 0.571)",0.0002822782485303258,0.001693669491181955
uniform,3,21,20,524.385,jeff_divergence,12.831026755674376,0.0030224479186923437,8.131516293641283e-20,12.903315241937332,7660.990632963916,7054,8000,7,1859,"(20, 13, 5)",38,"(0.526, 0.342, 0.132)",0.0002750720798031051,0.00196874157098506
uniform,3,21,20,524.385,jeff_divergence,12.831026755674376,0.0030224479186923437,8.131516293641283e-20,12.903315241937332,7660.990632963916,7054,8000,8,4899,"(20, 5, 13)",38,"(0.526, 0.132, 0.342)",0.0002750720798031051,0.002243813650788165
uniform,3,21,20,524.385,jeff_divergence,12.831026755674376,0.0030224479186923437,8.131516293641283e-20,12.903315241937332,7660.990632963916,7054,8000,9,7692,"(13, 5, 20)",38,"(0.342, 0.132, 0.526)",0.0002750720798031051,0.00251888573059127
uniform,3,21,20,524.385,jeff_divergence,12.831026755674376,0.0030224479186923437,8.131516293641283e-20,12.903315241937332,7660.990632963916,7054,8000,10,1992,"(13, 20, 5)",38,"(0.342, 0.526, 0.132)",0.00027507207980310505,0.002793957810394375
uniform,3,21,20,732.783,jeff_divergence,12.864847667578935,0.0029666736520709697,8.131516293641283e-20,12.90349118763212,7661.924995721369,7067,8000,1,1039,"(20, 12, 3)",35,"(0.571, 0.343, 0.086)",0.0002965930304245191,0.0002965930304245191
uniform,3,21,20,732.783,jeff_divergence,12.864847667578935,0.0029666736520709697,8.131516293641283e-20,12.90349118763212,7661.924995721369,7067,8000,2,1191,"(12, 20, 3)",35,"(0.343, 0.571, 0.086)",0.0002965930304245191,0.0005931860608490382
uniform,3,21,20,732.783,jeff_divergence,12.864847667578935,0.0029666736520709697,8.131516293641283e-20,12.90349118763212,7661.924995721369,7067,8000,3,4459,"(20, 3, 12)",35,"(0.571, 0.086, 0.343)",0.0002965930304245191,0.0008897790912735572
uniform,3,21,20,732.783,jeff_divergence,12.864847667578935,0.0029666736520709697,8.131516293641283e-20,12.90349118763212,7661.924995721369,7067,8000,4,4782,"(3, 20, 12)",35,"(0.086, 0.571, 0.343)",0.0002965930304245191,0.0011863721216980763
uniform,3,21,20,732.783,jeff_divergence,12.864847667578935,0.0029666736520709697,8.131516293641283e-20,12.90349118763212,7661.924995721369,7067,8000,5,7651,"(12, 3, 20)",35,"(0.343, 0.086, 0.571)",0.0002965930304245191,0.0014829651521225955
uniform,3,21,20,732.783,jeff_divergence,12.864847667578935,0.0029666736520709697,8.131516293641283e-20,12.90349118763212,7661.924995721369,7067,8000,6,7822,"(3, 12, 20)",35,"(0.086, 0.343, 0.571)",0.0002965930304245191,0.0017795581825471147
uniform,3,21,20,732.783,jeff_divergence,12.864847667578935,0.0029666736520709697,8.131516293641283e-20,12.90349118763212,7661.924995721369,7067,8000,7,3078,"(19, 14, 8)",41,"(0.463, 0.341, 0.195)",0.00029146479266045237,0.002071022975207567
uniform,3,21,20,732.783,jeff_divergence,12.864847667578935,0.0029666736520709697,8.131516293641283e-20,12.90349118763212,7661.924995721369,7067,8000,8,3173,"(14, 19, 8)",41,"(0.341, 0.463, 0.195)",0.00029146479266045237,0.0023624877678680195
uniform,3,21,20,732.783,jeff_divergence,12.864847667578935,0.0029666736520709697,8.131516293641283e-20,12.90349118763212,7661.924995721369,7067,8000,9,5358,"(19, 8, 14)",41,"(0.463, 0.195, 0.341)",0.00029146479266045237,0.002653952560528472
uniform,3,21,20,732.783,jeff_divergence,12.864847667578935,0.0029666736520709697,8.131516293641283e-20,12.90349118763212,7661.924995721369,7067,8000,10,7353,"(14, 8, 19)",41,"(0.341, 0.195, 0.463)",0.00029146479266045237,0.0029454173531889244
uniform,3,21,20,1024.0,jeff_divergence,12.882310367103226,0.002946026712387,5.421010862427522e-20,12.90298872836646,7659.256978729579,7072,8000,1,3078,"(19, 14, 8)",41,"(0.463, 0.341, 0.195)",0.000309542826354881,0.000309542826354881
uniform,3,21,20,1024.0,jeff_divergence,12.882310367103226,0.002946026712387,5.421010862427522e-20,12.90298872836646,7659.256978729579,7072,8000,2,3173,"(14, 19, 8)",41,"(0.341, 0.463, 0.195)",0.000309542826354881,0.000619085652709762
uniform,3,21,20,1024.0,jeff_divergence,12.882310367103226,0.002946026712387,5.421010862427522e-20,12.90298872836646,7659.256978729579,7072,8000,3,5567,"(8, 19, 14)",41,"(0.195, 0.463, 0.341)",0.000309542826354881,0.000928628479064643
uniform,3,21,20,1024.0,jeff_divergence,12.882310367103226,0.002946026712387,5.421010862427522e-20,12.90298872836646,7659.256978729579,7072,8000,4,7353,"(14, 8, 19)",41,"(0.341, 0.195, 0.463)",0.000309542826354881,0.001238171305419524
uniform,3,21,20,1024.0,jeff_divergence,12.882310367103226,0.002946026712387,5.421010862427522e-20,12.90298872836646,7659.256978729579,7072,8000,5,5358,"(19, 8, 14)",41,"(0.463, 0.195, 0.341)",0.00030954282635488095,0.001547714131774405
uniform,3,21,20,1024.0,jeff_divergence,12.882310367103226,0.002946026712387,5.421010862427522e-20,12.90298872836646,7659.256978729579,7072,8000,6,7467,"(8, 14, 19)",41,"(0.195, 0.341, 0.463)",0.00030954282635488095,0.0018572569581292858
uniform,3,21,20,1024.0,jeff_divergence,12.882310367103226,0.002946026712387,5.421010862427522e-20,12.90298872836646,7659.256978729579,7072,8000,7,1039,"(20, 12, 3)",35,"(0.571, 0.343, 0.086)",0.0003080799114853792,0.002165336869614665
uniform,3,21,20,1024.0,jeff_divergence,12.882310367103226,0.002946026712387,5.421010862427522e-20,12.90298872836646,7659.256978729579,7072,8000,8,4459,"(20, 3, 12)",35,"(0.571, 0.086, 0.343)",0.0003080799114853792,0.002473416781100044
uniform,3,21,20,1024.0,jeff_divergence,12.882310367103226,0.002946026712387,5.421010862427522e-20,12.90298872836646,7659.256978729579,7072,8000,9,4782,"(3, 20, 12)",35,"(0.086, 0.571, 0.343)",0.0003080799114853792,0.002781496692585423
uniform,3,21,20,1024.0,jeff_divergence,12.882310367103226,0.002946026712387,5.421010862427522e-20,12.90298872836646,7659.256978729579,7072,8000,10,7651,"(12, 3, 20)",35,"(0.343, 0.086, 0.571)",0.0003080799114853792,0.003089576604070802
uniform,3,22,20,0.062,jeff_divergence,9.512710414440748e-10,11.638720072673724,7.771561172376096e-16,1.1419491822828827e-05,1.000007915419887,1,2,1,1263,"(4, 4, 4)",12,"(0.333, 0.333, 0.333)",0.9999994888741048,0.9999994888741048
uniform,3,22,20,0.062,jeff_divergence,9.512710414440748e-10,11.638720072673724,7.771561172376096e-16,1.1419491822828827e-05,1.000007915419887,1,2,2,1684,"(5, 5, 5)",15,"(0.333, 0.333, 0.333)",5.111081661204363e-07,0.999999999982271
uniform,3,22,20,0.062,jeff_divergence,9.512710414440748e-10,11.638720072673724,7.771561172376096e-16,1.1419491822828827e-05,1.000007915419887,1,2,3,1264,"(5, 4, 4)",13,"(0.385, 0.308, 0.308)",5.704975926486908e-12,0.999999999987976
uniform,3,22,20,0.062,jeff_divergence,9.512710414440748e-10,11.638720072673724,7.771561172376096e-16,1.1419491822828827e-05,1.000007915419887,1,2,4,1283,"(4, 5, 4)",13,"(0.308, 0.385, 0.308)",5.704975926486885e-12,0.9999999999936809
uniform,3,22,20,0.062,jeff_divergence,9.512710414440748e-10,11.638720072673724,7.771561172376096e-16,1.1419491822828827e-05,1.000007915419887,1,2,5,1663,"(4, 4, 5)",13,"(0.308, 0.308, 0.385)",5.7049759264866886e-12,0.9999999999993859
uniform,3,22,20,0.062,jeff_divergence,9.512710414440748e-10,11.638720072673724,7.771561172376096e-16,1.1419491822828827e-05,1.000007915419887,1,2,6,1284,"(5, 5, 4)",14,"(0.357, 0.357, 0.286)",2.0441460158123275e-13,0.9999999999995903
uniform,3,22,20,0.062,jeff_divergence,9.512710414440748e-10,11.638720072673724,7.771561172376096e-16,1.1419491822828827e-05,1.000007915419887,1,2,7,1683,"(4, 5, 5)",14,"(0.286, 0.357, 0.357)",2.0441460158122931e-13,0.9999999999997947
uniform,3,22,20,0.062,jeff_divergence,9.512710414440748e-10,11.638720072673724,7.771561172376096e-16,1.1419491822828827e-05,1.000007915419887,1,2,8,1664,"(5, 4, 5)",14,"(0.357, 0.286, 0.357)",2.0441460158122813e-13,0.9999999999999991
uniform,3,22,20,0.062,jeff_divergence,9.512710414440748e-10,11.638720072673724,7.771561172376096e-16,1.1419491822828827e-05,1.000007915419887,1,2,9,842,"(3, 3, 3)",9,"(0.333, 0.333, 0.333)",9.54606177497313e-16,1.0
uniform,3,22,20,0.062,jeff_divergence,9.512710414440748e-10,11.638720072673724,7.771561172376096e-16,1.1419491822828827e-05,1.000007915419887,1,2,10,2084,"(5, 5, 6)",16,"(0.312, 0.312, 0.375)",1.3531981662612905e-18,1.0
uniform,3,22,20,0.08700000000000001,jeff_divergence,2.6315819462138172e-11,11.638720005137944,6.661338147750939e-16,2.087122637699663e-07,1.0000001446683275,1,2,1,1263,"(4, 4, 4)",12,"(0.333, 0.333, 0.333)",0.9999999926654992,0.9999999926654992
uniform,3,22,20,0.08700000000000001,jeff_divergence,2.6315819462138172e-11,11.638720005137944,6.661338147750939e-16,2.087122637699663e-07,1.0000001446683275,1,2,2,1684,"(5, 5, 5)",15,"(0.333, 0.333, 0.333)",7.331886981252698e-09,0.9999999999973862
uniform,3,22,20,0.08700000000000001,jeff_divergence,2.6315819462138172e-11,11.638720005137944,6.661338147750939e-16,2.087122637699663e-07,1.0000001446683275,1,2,3,1264,"(5, 4, 4)",13,"(0.385, 0.308, 0.308)",8.576147678848419e-13,0.9999999999982438
uniform,3,22,20,0.08700000000000001,jeff_divergence,2.6315819462138172e-11,11.638720005137944,6.661338147750939e-16,2.087122637699663e-07,1.0000001446683275,1,2,4,1283,"(4, 5, 4)",13,"(0.308, 0.385, 0.308)",8.576147678848417e-13,0.9999999999991015
uniform,3,22,20,0.08700000000000001,jeff_divergence,2.6315819462138172e-11,11.638720005137944,6.661338147750939e-16,2.087122637699663e-07,1.0000001446683275,1,2,5,1663,"(4, 4, 5)",13,"(0.308, 0.308, 0.385)",8.576147678848052e-13,0.9999999999999591
uniform,3,22,20,0.08700000000000001,jeff_divergence,2.6315819462138172e-11,11.638720005137944,6.661338147750939e-16,2.087122637699663e-07,1.0000001446683275,1,2,6,1284,"(5, 5, 4)",14,"(0.357, 0.357, 0.286)",1.367065305536057e-14,0.9999999999999728
uniform,3,22,20,0.08700000000000001,jeff_divergence,2.6315819462138172e-11,11.638720005137944,6.661338147750939e-16,2.087122637699663e-07,1.0000001446683275,1,2,7,1683,"(4, 5, 5)",14,"(0.286, 0.357, 0.357)",1.3670653055360326e-14,0.9999999999999865
uniform,3,22,20,0.08700000000000001,jeff_divergence,2.6315819462138172e-11,11.638720005137944,6.661338147750939e-16,2.087122637699663e-07,1.0000001446683275,1,2,8,1664,"(5, 4, 5)",14,"(0.357, 0.286, 0.357)",1.3670653055360308e-14,1.0000000000000002
uniform,3,22,20,0.08700000000000001,jeff_divergence,2.6315819462138172e-11,11.638720005137944,6.661338147750939e-16,2.087122637699663e-07,1.0000001446683275,1,2,9,863,"(4, 4, 3)",11,"(0.364, 0.364, 0.273)",1.2827034986685703e-20,1.0000000000000002
uniform,3,22,20,0.08700000000000001,jeff_divergence,2.6315819462138172e-11,11.638720005137944,6.661338147750939e-16,2.087122637699663e-07,1.0000001446683275,1,2,10,1243,"(4, 3, 4)",11,"(0.364, 0.273, 0.364)",1.2827034986685652e-20,1.0000000000000002
uniform,3,22,20,0.122,jeff_divergence,1.617812010495282e-11,11.63872000425715,2.886579864025407e-15,1.3311214479589282e-08,1.0000000092266308,1,4,1,1263,"(4, 4, 4)",12,"(0.333, 0.333, 0.333)",0.9999999995274916,0.9999999995274916
uniform,3,22,20,0.122,jeff_divergence,1.617812010495282e-11,11.63872000425715,2.886579864025407e-15,1.3311214479589282e-08,1.0000000092266308,1,4,2,1283,"(4, 5, 4)",13,"(0.308, 0.385, 0.308)",1.281069848716292e-10,0.9999999996555986
uniform,3,22,20,0.122,jeff_divergence,1.617812010495282e-11,11.63872000425715,2.886579864025407e-15,1.3311214479589282e-08,1.0000000092266308,1,4,3,1264,"(5, 4, 4)",13,"(0.385, 0.308, 0.308)",1.28106984871629e-10,0.9999999997837056
uniform,3,22,20,0.122,jeff_divergence,1.617812010495282e-11,11.63872000425715,2.886579864025407e-15,1.3311214479589282e-08,1.0000000092266308,1,4,4,1663,"(4, 4, 5)",13,"(0.308, 0.308, 0.385)",1.2810698487162273e-10,0.9999999999118125
uniform,3,22,20,0.122,jeff_divergence,1.617812010495282e-11,11.63872000425715,2.886579864025407e-15,1.3311214479589282e-08,1.0000000092266308,1,4,5,1684,"(5, 5, 5)",15,"(0.333, 0.333, 0.333)",8.479711437149025e-11,0.9999999999966097
uniform,3,22,20,0.122,jeff_divergence,1.617812010495282e-11,11.63872000425715,2.886579864025407e-15,1.3311214479589282e-08,1.0000000092266308,1,4,6,1284,"(5, 5, 4)",14,"(0.357, 0.357, 0.286)",1.1300802889232587e-12,0.9999999999977398
uniform,3,22,20,0.122,jeff_divergence,1.617812010495282e-11,11.63872000425715,2.886579864025407e-15,1.3311214479589282e-08,1.0000000092266308,1,4,7,1664,"(5, 4, 5)",14,"(0.357, 0.286, 0.357)",1.130080288923231e-12,0.9999999999988699
uniform,3,22,20,0.122,jeff_divergence,1.617812010495282e-11,11.63872000425715,2.886579864025407e-15,1.3311214479589282e-08,1.0000000092266308,1,4,8,1683,"(4, 5, 5)",14,"(0.286, 0.357, 0.357)",1.1300802889232302e-12,1.0
uniform,3,22,20,0.122,jeff_divergence,1.617812010495282e-11,11.63872000425715,2.886579864025407e-15,1.3311214479589282e-08,1.0000000092266308,1,4,9,1262,"(3, 4, 4)",11,"(0.273, 0.364, 0.364)",6.386168729720189e-17,1.0
uniform,3,22,20,0.122,jeff_divergence,1.617812010495282e-11,11.63872000425715,2.886579864025407e-15,1.3311214479589282e-08,1.0000000092266308,1,4,10,863,"(4, 4, 3)",11,"(0.364, 0.364, 0.273)",6.386168729720188e-17,1.0
uniform,3,22,20,0.171,jeff_divergence,0.18668151135880795,10.487774239814069,4.440892098500626e-16,0.8263313063085229,1.7731705496753982,2,7,1,1263,"(4, 4, 4)",12,"(0.333, 0.333, 0.333)",0.8551646959982635,0.8551646959982635
uniform,3,22,20,0.171,jeff_divergence,0.18668151135880795,10.487774239814069,4.440892098500626e-16,0.8263313063085229,1.7731705496753982,2,7,2,505,"(6, 6, 2)",14,"(0.429, 0.429, 0.143)",0.048278273495035516,0.903442969493299
uniform,3,22,20,0.171,jeff_divergence,0.18668151135880795,10.487774239814069,4.440892098500626e-16,0.8263313063085229,1.7731705496753982,2,7,3,2025,"(6, 2, 6)",14,"(0.429, 0.143, 0.429)",0.048278273495035516,0.9517212429883346
uniform,3,22,20,0.171,jeff_divergence,0.18668151135880795,10.487774239814069,4.440892098500626e-16,0.8263313063085229,1.7731705496753982,2,7,4,2101,"(2, 6, 6)",14,"(0.143, 0.429, 0.429)",0.048278273495035516,0.9999995164833702
uniform,3,22,20,0.171,jeff_divergence,0.18668151135880795,10.487774239814069,4.440892098500626e-16,0.8263313063085229,1.7731705496753982,2,7,5,1284,"(5, 5, 4)",14,"(0.357, 0.357, 0.286)",1.61172209849438e-07,0.99999967765558
uniform,3,22,20,0.171,jeff_divergence,0.18668151135880795,10.487774239814069,4.440892098500626e-16,0.8263313063085229,1.7731705496753982,2,7,6,1683,"(4, 5, 5)",14,"(0.286, 0.357, 0.357)",1.6117220984936406e-07,0.9999998388277898
uniform,3,22,20,0.171,jeff_divergence,0.18668151135880795,10.487774239814069,4.440892098500626e-16,0.8263313063085229,1.7731705496753982,2,7,7,1664,"(5, 4, 5)",14,"(0.357, 0.286, 0.357)",1.611722098493631e-07,0.9999999999999996
uniform,3,22,20,0.171,jeff_divergence,0.18668151135880795,10.487774239814069,4.440892098500626e-16,0.8263313063085229,1.7731705496753982,2,7,8,1264,"(5, 4, 4)",13,"(0.385, 0.308, 0.308)",1.5277607871979982e-16,0.9999999999999997
uniform,3,22,20,0.171,jeff_divergence,0.18668151135880795,10.487774239814069,4.440892098500626e-16,0.8263313063085229,1.7731705496753982,2,7,9,1283,"(4, 5, 4)",13,"(0.308, 0.385, 0.308)",1.5277607871979684e-16,0.9999999999999998
uniform,3,22,20,0.171,jeff_divergence,0.18668151135880795,10.487774239814069,4.440892098500626e-16,0.8263313063085229,1.7731705496753982,2,7,10,1663,"(4, 4, 5)",13,"(0.308, 0.308, 0.385)",1.5277607871967698e-16,0.9999999999999999
uniform,3,22,20,0.23800000000000002,jeff_divergence,0.948753197924967,6.683485105582037,4.440892098500626e-16,2.0767721853378993,4.2186230567421985,4,10,1,2105,"(6, 6, 6)",18,"(0.333, 0.333, 0.333)",0.5172195656170642,0.5172195656170642
uniform,3,22,20,0.23800000000000002,jeff_divergence,0.948753197924967,6.683485105582037,4.440892098500626e-16,2.0767721853378993,4.2186230567421985,4,10,2,526,"(7, 7, 2)",16,"(0.438, 0.438, 0.125)",0.14100838389037465,0.6582279495074388
uniform,3,22,20,0.23800000000000002,jeff_divergence,0.948753197924967,6.683485105582037,4.440892098500626e-16,2.0767721853378993,4.2186230567421985,4,10,3,2426,"(7, 2, 7)",16,"(0.438, 0.125, 0.438)",0.14100838389037465,0.7992363333978134
uniform,3,22,20,0.23800000000000002,jeff_divergence,0.948753197924967,6.683485105582037,4.440892098500626e-16,2.0767721853378993,4.2186230567421985,4,10,4,2521,"(2, 7, 7)",16,"(0.125, 0.438, 0.438)",0.14100838389037462,0.940244717288188
uniform,3,22,20,0.23800000000000002,jeff_divergence,0.948753197924967,6.683485105582037,4.440892098500626e-16,2.0767721853378993,4.2186230567421985,4,10,5,3621,"(2, 2, 10)",14,"(0.143, 0.143, 0.714)",0.014200049740785047,0.9544447670289731
uniform,3,22,20,0.23800000000000002,jeff_divergence,0.948753197924967,6.683485105582037,4.440892098500626e-16,2.0767721853378993,4.2186230567421985,4,10,6,581,"(2, 10, 2)",14,"(0.143, 0.714, 0.143)",0.014200049740785045,0.9686448167697581
uniform,3,22,20,0.23800000000000002,jeff_divergence,0.948753197924967,6.683485105582037,4.440892098500626e-16,2.0767721853378993,4.2186230567421985,4,10,7,429,"(10, 2, 2)",14,"(0.714, 0.143, 0.143)",0.014200049740785042,0.9828448665105431
uniform,3,22,20,0.23800000000000002,jeff_divergence,0.948753197924967,6.683485105582037,4.440892098500626e-16,2.0767721853378993,4.2186230567421985,4,10,8,1705,"(6, 6, 5)",17,"(0.353, 0.353, 0.294)",0.0057183778298187625,0.9885632443403619
uniform,3,22,20,0.23800000000000002,jeff_divergence,0.948753197924967,6.683485105582037,4.440892098500626e-16,2.0767721853378993,4.2186230567421985,4,10,9,2104,"(5, 6, 6)",17,"(0.294, 0.353, 0.353)",0.005718377829818686,0.9942816221701806
uniform,3,22,20,0.23800000000000002,jeff_divergence,0.948753197924967,6.683485105582037,4.440892098500626e-16,2.0767721853378993,4.2186230567421985,4,10,10,2085,"(6, 5, 6)",17,"(0.353, 0.294, 0.353)",0.005718377829818672,0.9999999999999992
uniform,3,22,20,0.333,jeff_divergence,1.4542581702114843,4.899456829489906,1.27675647831893e-15,2.876723991087745,7.3448039942815875,8,28,1,2526,"(7, 7, 7)",21,"(0.333, 0.333, 0.333)",0.4215294741138512,0.4215294741138512
uniform,3,22,20,0.333,jeff_divergence,1.4542581702114843,4.899456829489906,1.27675647831893e-15,2.876723991087745,7.3448039942815875,8,28,2,2827,"(8, 2, 8)",18,"(0.444, 0.111, 0.444)",0.11302144279302868,0.53455091690688
uniform,3,22,20,0.333,jeff_divergence,1.4542581702114843,4.899456829489906,1.27675647831893e-15,2.876723991087745,7.3448039942815875,8,28,3,547,"(8, 8, 2)",18,"(0.444, 0.444, 0.111)",0.11302144279302867,0.6475723596999086
uniform,3,22,20,0.333,jeff_divergence,1.4542581702114843,4.899456829489906,1.27675647831893e-15,2.876723991087745,7.3448039942815875,8,28,4,2941,"(2, 8, 8)",18,"(0.111, 0.444, 0.444)",0.11302144279302866,0.7605938024929372
uniform,3,22,20,0.333,jeff_divergence,1.4542581702114843,4.899456829489906,1.27675647831893e-15,2.876723991087745,7.3448039942815875,8,28,5,2942,"(3, 8, 8)",19,"(0.158, 0.421, 0.421)",0.04312656275143284,0.8037203652443701
uniform,3,22,20,0.333,jeff_divergence,1.4542581702114843,4.899456829489906,1.27675647831893e-15,2.876723991087745,7.3448039942815875,8,28,6,947,"(8, 8, 3)",19,"(0.421, 0.421, 0.158)",0.04312656275143282,0.8468469279958029
uniform,3,22,20,0.333,jeff_divergence,1.4542581702114843,4.899456829489906,1.27675647831893e-15,2.876723991087745,7.3448039942815875,8,28,7,2847,"(8, 3, 8)",19,"(0.421, 0.158, 0.421)",0.04312656275143282,0.8899734907472356
uniform,3,22,20,0.333,jeff_divergence,1.4542581702114843,4.899456829489906,1.27675647831893e-15,2.876723991087745,7.3448039942815875,8,28,8,3621,"(2, 2, 10)",14,"(0.143, 0.143, 0.714)",0.014173416694861612,0.9041469074420972
uniform,3,22,20,0.333,jeff_divergence,1.4542581702114843,4.899456829489906,1.27675647831893e-15,2.876723991087745,7.3448039942815875,8,28,9,581,"(2, 10, 2)",14,"(0.143, 0.714, 0.143)",0.01417341669486161,0.9183203241369589
uniform,3,22,20,0.333,jeff_divergence,1.4542581702114843,4.899456829489906,1.27675647831893e-15,2.876723991087745,7.3448039942815875,8,28,10,429,"(10, 2, 2)",14,"(0.714, 0.143, 0.143)",0.014173416694861595,0.9324937408318205
uniform,3,22,20,0.465,jeff_divergence,1.9659329997905395,3.6059515548138665,2.0816681711721685e-16,3.739802162461197,13.35957457966374,15,31,1,2947,"(8, 8, 8)",24,"(0.333, 0.333, 0.333)",0.21962133054799657,0.21962133054799657
uniform,3,22,20,0.465,jeff_divergence,1.9659329997905395,3.6059515548138665,2.0816681711721685e-16,3.739802162461197,13.35957457966374,15,31,2,3228,"(9, 2, 9)",20,"(0.450, 0.100, 0.450)",0.09719853653726655,0.3168198670852631
uniform,3,22,20,0.465,jeff_divergence,1.9659329997905395,3.6059515548138665,2.0816681711721685e-16,3.739802162461197,13.35957457966374,15,31,3,3361,"(2, 9, 9)",20,"(0.100, 0.450, 0.450)",0.09719853653726654,0.4140184036225296
uniform,3,22,20,0.465,jeff_divergence,1.9659329997905395,3.6059515548138665,2.0816681711721685e-16,3.739802162461197,13.35957457966374,15,31,4,568,"(9, 9, 2)",20,"(0.450, 0.450, 0.100)",0.09719853653726646,0.5112169401597961
uniform,3,22,20,0.465,jeff_divergence,1.9659329997905395,3.6059515548138665,2.0816681711721685e-16,3.739802162461197,13.35957457966374,15,31,5,3288,"(9, 5, 9)",23,"(0.391, 0.217, 0.391)",0.09466769837069014,0.6058846385304862
uniform,3,22,20,0.465,jeff_divergence,1.9659329997905395,3.6059515548138665,2.0816681711721685e-16,3.739802162461197,13.35957457966374,15,31,6,3364,"(5, 9, 9)",23,"(0.217, 0.391, 0.391)",0.09466769837069014,0.7005523369011764
uniform,3,22,20,0.465,jeff_divergence,1.9659329997905395,3.6059515548138665,2.0816681711721685e-16,3.739802162461197,13.35957457966374,15,31,7,1768,"(9, 9, 5)",23,"(0.391, 0.391, 0.217)",0.09466769837069011,0.7952200352718665
uniform,3,22,20,0.465,jeff_divergence,1.9659329997905395,3.6059515548138665,2.0816681711721685e-16,3.739802162461197,13.35957457966374,15,31,8,601,"(2, 11, 2)",15,"(0.133, 0.733, 0.133)",0.01690561246435095,0.8121256477362174
uniform,3,22,20,0.465,jeff_divergence,1.9659329997905395,3.6059515548138665,2.0816681711721685e-16,3.739802162461197,13.35957457966374,15,31,9,430,"(11, 2, 2)",15,"(0.733, 0.133, 0.133)",0.016905612464350947,0.8290312602005684
uniform,3,22,20,0.465,jeff_divergence,1.9659329997905395,3.6059515548138665,2.0816681711721685e-16,3.739802162461197,13.35957457966374,15,31,10,4021,"(2, 2, 11)",15,"(0.133, 0.133, 0.733)",0.01690561246435091,0.8459368726649193
uniform,3,22,20,0.65,jeff_divergence,2.5437772525396354,2.5432370891037284,2.1510571102112408e-16,4.9341769789152075,30.57280417457591,28,55,1,3689,"(10, 5, 10)",25,"(0.400, 0.200, 0.400)",0.08938489040601649,0.08938489040601649
uniform,3,22,20,0.65,jeff_divergence,2.5437772525396354,2.5432370891037284,2.1510571102112408e-16,4.9341769789152075,30.57280417457591,28,55,2,3784,"(5, 10, 10)",25,"(0.200, 0.400, 0.400)",0.08938489040601637,0.17876978081203287
uniform,3,22,20,0.65,jeff_divergence,2.5437772525396354,2.5432370891037284,2.1510571102112408e-16,4.9341769789152075,30.57280417457591,28,55,3,1789,"(10, 10, 5)",25,"(0.400, 0.400, 0.200)",0.08938489040601127,0.26815467121804415
uniform,3,22,20,0.65,jeff_divergence,2.5437772525396354,2.5432370891037284,2.1510571102112408e-16,4.9341769789152075,30.57280417457591,28,55,4,3789,"(10, 10, 10)",30,"(0.333, 0.333, 0.333)",0.06066150643882745,0.3288161776568716
uniform,3,22,20,0.65,jeff_divergence,2.5437772525396354,2.5432370891037284,2.1510571102112408e-16,4.9341769789152075,30.57280417457591,28,55,5,3389,"(10, 10, 9)",29,"(0.345, 0.345, 0.310)",0.041856800590300725,0.3706729782471723
uniform,3,22,20,0.65,jeff_divergence,2.5437772525396354,2.5432370891037284,2.1510571102112408e-16,4.9341769789152075,30.57280417457591,28,55,6,3788,"(9, 10, 10)",29,"(0.310, 0.345, 0.345)",0.04185680059029971,0.41252977883747205
uniform,3,22,20,0.65,jeff_divergence,2.5437772525396354,2.5432370891037284,2.1510571102112408e-16,4.9341769789152075,30.57280417457591,28,55,7,3769,"(10, 9, 10)",29,"(0.345, 0.310, 0.345)",0.04185680059029964,0.4543865794277717
uniform,3,22,20,0.65,jeff_divergence,2.5437772525396354,2.5432370891037284,2.1510571102112408e-16,4.9341769789152075,30.57280417457591,28,55,8,4484,"(5, 5, 12)",22,"(0.227, 0.227, 0.545)",0.03216053590935148,0.4865471153371232
uniform,3,22,20,0.65,jeff_divergence,2.5437772525396354,2.5432370891037284,2.1510571102112408e-16,4.9341769789152075,30.57280417457591,28,55,9,1824,"(5, 12, 5)",22,"(0.227, 0.545, 0.227)",0.032160535909351265,0.5187076512464744
uniform,3,22,20,0.65,jeff_divergence,2.5437772525396354,2.5432370891037284,2.1510571102112408e-16,4.9341769789152075,30.57280417457591,28,55,10,1691,"(12, 5, 5)",22,"(0.545, 0.227, 0.227)",0.03216053590935123,0.5508681871558256
uniform,3,22,20,0.909,jeff_divergence,3.108898835086357,1.8074162856130975,1.942890293094024e-16,6.031871661178067,65.42960523343176,70,122,1,4210,"(11, 11, 11)",33,"(0.333, 0.333, 0.333)",0.11577565776193505,0.11577565776193505
uniform,3,22,20,0.909,jeff_divergence,3.108898835086357,1.8074162856130975,1.942890293094024e-16,6.031871661178067,65.42960523343176,70,122,2,4131,"(12, 7, 11)",30,"(0.400, 0.233, 0.367)",0.03288414376499557,0.14865980152693062
uniform,3,22,20,0.909,jeff_divergence,3.108898835086357,1.8074162856130975,1.942890293094024e-16,6.031871661178067,65.42960523343176,70,122,3,4226,"(7, 12, 11)",30,"(0.233, 0.400, 0.367)",0.0328841437649955,0.18154394529192613
uniform,3,22,20,0.909,jeff_divergence,3.108898835086357,1.8074162856130975,1.942890293094024e-16,6.031871661178067,65.42960523343176,70,122,4,2630,"(11, 12, 7)",30,"(0.367, 0.400, 0.233)",0.03288414376499374,0.21442808905691987
uniform,3,22,20,0.909,jeff_divergence,3.108898835086357,1.8074162856130975,1.942890293094024e-16,6.031871661178067,65.42960523343176,70,122,5,2611,"(12, 11, 7)",30,"(0.400, 0.367, 0.233)",0.032884143764993524,0.2473122328219134
uniform,3,22,20,0.909,jeff_divergence,3.108898835086357,1.8074162856130975,1.942890293094024e-16,6.031871661178067,65.42960523343176,70,122,6,4606,"(7, 11, 12)",30,"(0.233, 0.367, 0.400)",0.032884143764991706,0.2801963765869051
uniform,3,22,20,0.909,jeff_divergence,3.108898835086357,1.8074162856130975,1.942890293094024e-16,6.031871661178067,65.42960523343176,70,122,7,4530,"(11, 7, 12)",30,"(0.367, 0.233, 0.400)",0.03288414376499162,0.3130805203518967
uniform,3,22,20,0.909,jeff_divergence,3.108898835086357,1.8074162856130975,1.942890293094024e-16,6.031871661178067,65.42960523343176,70,122,8,4223,"(4, 12, 11)",27,"(0.148, 0.444, 0.407)",0.021355730577894767,0.33443625092979146
uniform,3,22,20,0.909,jeff_divergence,3.108898835086357,1.8074162856130975,1.942890293094024e-16,6.031871661178067,65.42960523343176,70,122,9,4071,"(12, 4, 11)",27,"(0.444, 0.148, 0.407)",0.021355730577894666,0.3557919815076861
uniform,3,22,20,0.909,jeff_divergence,3.108898835086357,1.8074162856130975,1.942890293094024e-16,6.031871661178067,65.42960523343176,70,122,10,1430,"(11, 12, 4)",27,"(0.407, 0.444, 0.148)",0.021355730577892196,0.3771477120855783
uniform,3,22,20,1.27,jeff_divergence,3.6376186429512343,1.3136768266698517,9.367506770274758e-17,6.624523690169648,98.668911628993,91,182,1,4631,"(12, 12, 12)",36,"(0.333, 0.333, 0.333)",0.07856570729467424,0.07856570729467424
uniform,3,22,20,1.27,jeff_divergence,3.6376186429512343,1.3136768266698517,9.367506770274758e-17,6.624523690169648,98.668911628993,91,182,2,3067,"(8, 14, 8)",30,"(0.267, 0.467, 0.267)",0.02152597397574816,0.1000916812704224
uniform,3,22,20,1.27,jeff_divergence,3.6376186429512343,1.3136768266698517,9.367506770274758e-17,6.624523690169648,98.668911628993,91,182,3,2953,"(14, 8, 8)",30,"(0.467, 0.267, 0.267)",0.021525973975748146,0.12161765524617055
uniform,3,22,20,1.27,jeff_divergence,3.6376186429512343,1.3136768266698517,9.367506770274758e-17,6.624523690169648,98.668911628993,91,182,4,5347,"(8, 8, 14)",30,"(0.267, 0.267, 0.467)",0.021525973975747743,0.14314362922191828
uniform,3,22,20,1.27,jeff_divergence,3.6376186429512343,1.3136768266698517,9.367506770274758e-17,6.624523690169648,98.668911628993,91,182,5,5027,"(8, 12, 13)",33,"(0.242, 0.364, 0.394)",0.01860003760671327,0.16174366682863156
uniform,3,22,20,1.27,jeff_divergence,3.6376186429512343,1.3136768266698517,9.367506770274758e-17,6.624523690169648,98.668911628993,91,182,6,4951,"(12, 8, 13)",33,"(0.364, 0.242, 0.394)",0.018600037606713193,0.18034370443534475
uniform,3,22,20,1.27,jeff_divergence,3.6376186429512343,1.3136768266698517,9.367506770274758e-17,6.624523690169648,98.668911628993,91,182,7,3051,"(12, 13, 8)",33,"(0.364, 0.394, 0.242)",0.01860003760670708,0.19894374204205184
uniform,3,22,20,1.27,jeff_divergence,3.6376186429512343,1.3136768266698517,9.367506770274758e-17,6.624523690169648,98.668911628993,91,182,8,3032,"(13, 12, 8)",33,"(0.394, 0.364, 0.242)",0.0186000376067059,0.21754377964875773
uniform,3,22,20,1.27,jeff_divergence,3.6376186429512343,1.3136768266698517,9.367506770274758e-17,6.624523690169648,98.668911628993,91,182,9,4552,"(13, 8, 12)",33,"(0.394, 0.242, 0.364)",0.018600037606692967,0.2361438172554507
uniform,3,22,20,1.27,jeff_divergence,3.6376186429512343,1.3136768266698517,9.367506770274758e-17,6.624523690169648,98.668911628993,91,182,10,4647,"(8, 13, 12)",33,"(0.242, 0.394, 0.364)",0.018600037606692807,0.2547438548621435
uniform,3,22,20,1.7750000000000001,jeff_divergence,4.164645821898383,0.9603021539725712,3.9898639947466563e-17,7.114299136874908,138.55348001457068,123,224,1,5052,"(13, 13, 13)",39,"(0.333, 0.333, 0.333)",0.05302033391684087,0.05302033391684087
uniform,3,22,20,1.7750000000000001,jeff_divergence,4.164645821898383,0.9603021539725712,3.9898639947466563e-17,7.114299136874908,138.55348001457068,123,224,2,5368,"(9, 9, 14)",32,"(0.281, 0.281, 0.438)",0.015294597120750104,0.06831493103759098
uniform,3,22,20,1.7750000000000001,jeff_divergence,4.164645821898383,0.9603021539725712,3.9898639947466563e-17,7.114299136874908,138.55348001457068,123,224,3,3373,"(14, 9, 9)",32,"(0.438, 0.281, 0.281)",0.015294597120747322,0.0836095281583383
uniform,3,22,20,1.7750000000000001,jeff_divergence,4.164645821898383,0.9603021539725712,3.9898639947466563e-17,7.114299136874908,138.55348001457068,123,224,4,3468,"(9, 14, 9)",32,"(0.281, 0.438, 0.281)",0.01529459712074706,0.09890412527908536
uniform,3,22,20,1.7750000000000001,jeff_divergence,4.164645821898383,0.9603021539725712,3.9898639947466563e-17,7.114299136874908,138.55348001457068,123,224,5,5308,"(9, 6, 14)",29,"(0.310, 0.207, 0.483)",0.013660661179574204,0.11256478645865957
uniform,3,22,20,1.7750000000000001,jeff_divergence,4.164645821898383,0.9603021539725712,3.9898639947466563e-17,7.114299136874908,138.55348001457068,123,224,6,5365,"(6, 9, 14)",29,"(0.207, 0.310, 0.483)",0.0136606611795742,0.12622544763823376
uniform,3,22,20,1.7750000000000001,jeff_divergence,4.164645821898383,0.9603021539725712,3.9898639947466563e-17,7.114299136874908,138.55348001457068,123,224,7,2173,"(14, 9, 6)",29,"(0.483, 0.310, 0.207)",0.013660661179573916,0.13988610881780766
uniform,3,22,20,1.7750000000000001,jeff_divergence,4.164645821898383,0.9603021539725712,3.9898639947466563e-17,7.114299136874908,138.55348001457068,123,224,8,2268,"(9, 14, 6)",29,"(0.310, 0.483, 0.207)",0.013660661179573777,0.15354676999738143
uniform,3,22,20,1.7750000000000001,jeff_divergence,4.164645821898383,0.9603021539725712,3.9898639947466563e-17,7.114299136874908,138.55348001457068,123,224,9,3313,"(14, 6, 9)",29,"(0.483, 0.207, 0.310)",0.013660661179573094,0.16720743117695452
uniform,3,22,20,1.7750000000000001,jeff_divergence,4.164645821898383,0.9603021539725712,3.9898639947466563e-17,7.114299136874908,138.55348001457068,123,224,10,3465,"(6, 14, 9)",29,"(0.207, 0.483, 0.310)",0.013660661179573052,0.18086809235652757
uniform,3,22,20,3.466,jeff_divergence,5.246210495641458,0.5177626904436288,3.122502256758253e-17,8.463937465100432,353.1010901752337,342,626,1,5834,"(15, 12, 15)",42,"(0.357, 0.286, 0.357)",0.012764985706335802,0.012764985706335802
uniform,3,22,20,3.466,jeff_divergence,5.246210495641458,0.5177626904436288,3.122502256758253e-17,8.463937465100432,353.1010901752337,342,626,2,5891,"(12, 15, 15)",42,"(0.286, 0.357, 0.357)",0.012764985706335738,0.02552997141267154
uniform,3,22,20,3.466,jeff_divergence,5.246210495641458,0.5177626904436288,3.122502256758253e-17,8.463937465100432,353.1010901752337,342,626,3,4694,"(15, 15, 12)",42,"(0.357, 0.357, 0.286)",0.012764985706326174,0.03829495711899772
uniform,3,22,20,3.466,jeff_divergence,5.246210495641458,0.5177626904436288,3.122502256758253e-17,8.463937465100432,353.1010901752337,342,626,4,6231,"(12, 12, 16)",40,"(0.300, 0.300, 0.400)",0.010651865749240663,0.048946822868238385
uniform,3,22,20,3.466,jeff_divergence,5.246210495641458,0.5177626904436288,3.122502256758253e-17,8.463937465100432,353.1010901752337,342,626,5,4711,"(12, 16, 12)",40,"(0.300, 0.400, 0.300)",0.010651865749239708,0.05959868861747809
uniform,3,22,20,3.466,jeff_divergence,5.246210495641458,0.5177626904436288,3.122502256758253e-17,8.463937465100432,353.1010901752337,342,626,6,4635,"(16, 12, 12)",40,"(0.400, 0.300, 0.300)",0.010651865749239625,0.07025055436671772
uniform,3,22,20,3.466,jeff_divergence,5.246210495641458,0.5177626904436288,3.122502256758253e-17,8.463937465100432,353.1010901752337,342,626,7,5494,"(15, 15, 14)",44,"(0.341, 0.341, 0.318)",0.009812475817136202,0.08006303018385393
uniform,3,22,20,3.466,jeff_divergence,5.246210495641458,0.5177626904436288,3.122502256758253e-17,8.463937465100432,353.1010901752337,342,626,8,5893,"(14, 15, 15)",44,"(0.318, 0.341, 0.341)",0.009812475817131301,0.08987550600098523
uniform,3,22,20,3.466,jeff_divergence,5.246210495641458,0.5177626904436288,3.122502256758253e-17,8.463937465100432,353.1010901752337,342,626,9,5874,"(15, 14, 15)",44,"(0.341, 0.318, 0.341)",0.009812475817131256,0.09968798181811649
uniform,3,22,20,3.466,jeff_divergence,5.246210495641458,0.5177626904436288,3.122502256758253e-17,8.463937465100432,353.1010901752337,342,626,10,3094,"(15, 15, 8)",38,"(0.395, 0.395, 0.211)",0.007455603535288098,0.10714358535340458
uniform,3,22,20,4.843,jeff_divergence,5.824108171424349,0.3758449167127972,9.107298248878237e-18,9.028969533690585,522.3849538831745,461,762,1,5914,"(15, 16, 15)",46,"(0.326, 0.348, 0.326)",0.007061964302914059,0.007061964302914059
uniform,3,22,20,4.843,jeff_divergence,5.824108171424349,0.3758449167127972,9.107298248878237e-18,9.028969533690585,522.3849538831745,461,762,2,5895,"(16, 15, 15)",46,"(0.348, 0.326, 0.326)",0.007061964302913773,0.014123928605827831
uniform,3,22,20,4.843,jeff_divergence,5.824108171424349,0.3758449167127972,9.107298248878237e-18,9.028969533690585,522.3849538831745,461,762,3,6294,"(15, 15, 16)",46,"(0.326, 0.326, 0.348)",0.0070619643029028924,0.021185892908730724
uniform,3,22,20,4.843,jeff_divergence,5.824108171424349,0.3758449167127972,9.107298248878237e-18,9.028969533690585,522.3849538831745,461,762,4,6231,"(12, 12, 16)",40,"(0.300, 0.300, 0.400)",0.006911463764195502,0.028097356672926226
uniform,3,22,20,4.843,jeff_divergence,5.824108171424349,0.3758449167127972,9.107298248878237e-18,9.028969533690585,522.3849538831745,461,762,5,4635,"(16, 12, 12)",40,"(0.400, 0.300, 0.300)",0.006911463764194209,0.03500882043712043
uniform,3,22,20,4.843,jeff_divergence,5.824108171424349,0.3758449167127972,9.107298248878237e-18,9.028969533690585,522.3849538831745,461,762,6,4711,"(12, 16, 12)",40,"(0.300, 0.400, 0.300)",0.00691146376419379,0.041920284201314224
uniform,3,22,20,4.843,jeff_divergence,5.824108171424349,0.3758449167127972,9.107298248878237e-18,9.028969533690585,522.3849538831745,461,762,7,715,"(16, 16, 2)",34,"(0.471, 0.471, 0.059)",0.005237268848538707,0.04715755304985293
uniform,3,22,20,4.843,jeff_divergence,5.824108171424349,0.3758449167127972,9.107298248878237e-18,9.028969533690585,522.3849538831745,461,762,8,6301,"(2, 16, 16)",34,"(0.059, 0.471, 0.471)",0.005237268848538675,0.052394821898391605
uniform,3,22,20,4.843,jeff_divergence,5.824108171424349,0.3758449167127972,9.107298248878237e-18,9.028969533690585,522.3849538831745,461,762,9,6035,"(16, 2, 16)",34,"(0.471, 0.059, 0.471)",0.00523726884853867,0.05763209074693028
uniform,3,22,20,4.843,jeff_divergence,5.824108171424349,0.3758449167127972,9.107298248878237e-18,9.028969533690585,522.3849538831745,461,762,10,315,"(16, 16, 1)",33,"(0.485, 0.485, 0.030)",0.004394886268595282,0.062026977015525564
uniform,3,22,20,6.767,jeff_divergence,6.42119774040016,0.27142574702418093,8.673617379884035e-18,9.757126526997768,865.3419463843773,808,1355,1,6315,"(16, 16, 16)",48,"(0.333, 0.333, 0.333)",0.010974495998916898,0.010974495998916898
uniform,3,22,20,6.767,jeff_divergence,6.42119774040016,0.27142574702418093,8.673617379884035e-18,9.757126526997768,865.3419463843773,808,1355,2,5476,"(17, 14, 14)",45,"(0.378, 0.311, 0.311)",0.0052549118800409335,0.01622940787895783
uniform,3,22,20,6.767,jeff_divergence,6.42119774040016,0.27142574702418093,8.673617379884035e-18,9.757126526997768,865.3419463843773,808,1355,3,5533,"(14, 17, 14)",45,"(0.311, 0.378, 0.311)",0.005254911880040821,0.02148431975899865
uniform,3,22,20,6.767,jeff_divergence,6.42119774040016,0.27142574702418093,8.673617379884035e-18,9.757126526997768,865.3419463843773,808,1355,4,6673,"(14, 14, 17)",45,"(0.311, 0.311, 0.378)",0.005254911880040104,0.026739231639038755
uniform,3,22,20,6.767,jeff_divergence,6.42119774040016,0.27142574702418093,8.673617379884035e-18,9.757126526997768,865.3419463843773,808,1355,5,6215,"(16, 11, 16)",43,"(0.372, 0.256, 0.372)",0.004742087279231956,0.03148131891827071
uniform,3,22,20,6.767,jeff_divergence,6.42119774040016,0.27142574702418093,8.673617379884035e-18,9.757126526997768,865.3419463843773,808,1355,6,6310,"(11, 16, 16)",43,"(0.256, 0.372, 0.372)",0.0047420872792315275,0.036223406197502236
uniform,3,22,20,6.767,jeff_divergence,6.42119774040016,0.27142574702418093,8.673617379884035e-18,9.757126526997768,865.3419463843773,808,1355,7,4315,"(16, 16, 11)",43,"(0.372, 0.372, 0.256)",0.0047420872792234385,0.04096549347672568
uniform,3,22,20,6.767,jeff_divergence,6.42119774040016,0.27142574702418093,8.673617379884035e-18,9.757126526997768,865.3419463843773,808,1355,8,1515,"(16, 16, 4)",36,"(0.444, 0.444, 0.111)",0.004461750611236244,0.04542724408796192
uniform,3,22,20,6.767,jeff_divergence,6.42119774040016,0.27142574702418093,8.673617379884035e-18,9.757126526997768,865.3419463843773,808,1355,9,6075,"(16, 4, 16)",36,"(0.444, 0.111, 0.444)",0.004461750611236077,0.049888994699198
uniform,3,22,20,6.767,jeff_divergence,6.42119774040016,0.27142574702418093,8.673617379884035e-18,9.757126526997768,865.3419463843773,808,1355,10,6303,"(4, 16, 16)",36,"(0.111, 0.444, 0.444)",0.0044617506112360605,0.05435074531043406
uniform,3,22,20,9.457,jeff_divergence,7.017646621182476,0.1963845402923573,4.7704895589362195e-18,10.121619187435284,1114.066153495414,967,1783,1,5936,"(17, 17, 15)",49,"(0.347, 0.347, 0.306)",0.003599282816938977,0.003599282816938977
uniform,3,22,20,9.457,jeff_divergence,7.017646621182476,0.1963845402923573,4.7704895589362195e-18,10.121619187435284,1114.066153495414,967,1783,2,6734,"(15, 17, 17)",49,"(0.306, 0.347, 0.347)",0.003599282816934126,0.007198565633873103
uniform,3,22,20,9.457,jeff_divergence,7.017646621182476,0.1963845402923573,4.7704895589362195e-18,10.121619187435284,1114.066153495414,967,1783,3,6696,"(17, 15, 17)",49,"(0.347, 0.306, 0.347)",0.003599282816934113,0.010797848450807217
uniform,3,22,20,9.457,jeff_divergence,7.017646621182476,0.1963845402923573,4.7704895589362195e-18,10.121619187435284,1114.066153495414,967,1783,4,5136,"(17, 17, 13)",47,"(0.362, 0.362, 0.277)",0.003268708069690677,0.014066556520497894
uniform,3,22,20,9.457,jeff_divergence,7.017646621182476,0.1963845402923573,4.7704895589362195e-18,10.121619187435284,1114.066153495414,967,1783,5,6732,"(13, 17, 17)",47,"(0.277, 0.362, 0.362)",0.0032687080696900636,0.017335264590187957
uniform,3,22,20,9.457,jeff_divergence,7.017646621182476,0.1963845402923573,4.7704895589362195e-18,10.121619187435284,1114.066153495414,967,1783,6,6656,"(17, 13, 17)",47,"(0.362, 0.277, 0.362)",0.0032687080696900315,0.020603972659877987
uniform,3,22,20,9.457,jeff_divergence,7.017646621182476,0.1963845402923573,4.7704895589362195e-18,10.121619187435284,1114.066153495414,967,1783,7,6736,"(17, 17, 17)",51,"(0.333, 0.333, 0.333)",0.003127009327581099,0.023730981987459085
uniform,3,22,20,9.457,jeff_divergence,7.017646621182476,0.1963845402923573,4.7704895589362195e-18,10.121619187435284,1114.066153495414,967,1783,8,1536,"(17, 17, 4)",38,"(0.447, 0.447, 0.105)",0.003073225041160745,0.02680420702861983
uniform,3,22,20,9.457,jeff_divergence,7.017646621182476,0.1963845402923573,4.7704895589362195e-18,10.121619187435284,1114.066153495414,967,1783,9,6476,"(17, 4, 17)",38,"(0.447, 0.105, 0.447)",0.003073225041160602,0.02987743206978043
uniform,3,22,20,9.457,jeff_divergence,7.017646621182476,0.1963845402923573,4.7704895589362195e-18,10.121619187435284,1114.066153495414,967,1783,10,6723,"(4, 17, 17)",38,"(0.105, 0.447, 0.447)",0.0030732250411606007,0.03295065711094103
uniform,3,22,20,13.215,jeff_divergence,7.6598200350733,0.13869427427936745,2.6020852139652106e-18,10.879868879791928,1884.3730383178697,1722,2888,1,7136,"(17, 17, 18)",52,"(0.327, 0.327, 0.346)",0.0021216648052014226,0.0021216648052014226
uniform,3,22,20,13.215,jeff_divergence,7.6598200350733,0.13869427427936745,2.6020852139652106e-18,10.879868879791928,1884.3730383178697,1722,2888,2,6756,"(17, 18, 17)",52,"(0.327, 0.346, 0.327)",0.002121664805199114,0.004243329610400536
uniform,3,22,20,13.215,jeff_divergence,7.6598200350733,0.13869427427936745,2.6020852139652106e-18,10.879868879791928,1884.3730383178697,1722,2888,3,6737,"(18, 17, 17)",52,"(0.346, 0.327, 0.327)",0.00212166480519903,0.006364994415599566
uniform,3,22,20,13.215,jeff_divergence,7.6598200350733,0.13869427427936745,2.6020852139652106e-18,10.879868879791928,1884.3730383178697,1722,2888,4,6817,"(18, 1, 18)",37,"(0.486, 0.027, 0.486)",0.0019229314106557923,0.008287925826255357
uniform,3,22,20,13.215,jeff_divergence,7.6598200350733,0.13869427427936745,2.6020852139652106e-18,10.879868879791928,1884.3730383178697,1722,2888,5,357,"(18, 18, 1)",37,"(0.486, 0.486, 0.027)",0.001922931410655792,0.010210857236911149
uniform,3,22,20,13.215,jeff_divergence,7.6598200350733,0.13869427427936745,2.6020852139652106e-18,10.879868879791928,1884.3730383178697,1722,2888,6,7140,"(1, 18, 18)",37,"(0.027, 0.486, 0.486)",0.0019229314106557907,0.01213378864756694
uniform,3,22,20,13.215,jeff_divergence,7.6598200350733,0.13869427427936745,2.6020852139652106e-18,10.879868879791928,1884.3730383178697,1722,2888,7,7094,"(15, 15, 18)",48,"(0.312, 0.312, 0.375)",0.0016957050720620482,0.013829493719628988
uniform,3,22,20,13.215,jeff_divergence,7.6598200350733,0.13869427427936745,2.6020852139652106e-18,10.879868879791928,1884.3730383178697,1722,2888,8,5954,"(15, 18, 15)",48,"(0.312, 0.375, 0.312)",0.0016957050720598234,0.015525198791688812
uniform,3,22,20,13.215,jeff_divergence,7.6598200350733,0.13869427427936745,2.6020852139652106e-18,10.879868879791928,1884.3730383178697,1722,2888,9,5897,"(18, 15, 15)",48,"(0.375, 0.312, 0.312)",0.001695705072059791,0.017220903863748603
uniform,3,22,20,13.215,jeff_divergence,7.6598200350733,0.13869427427936745,2.6020852139652106e-18,10.879868879791928,1884.3730383178697,1722,2888,10,2337,"(18, 17, 6)",41,"(0.439, 0.415, 0.146)",0.0015974308557538137,0.018818334719502415
uniform,3,22,20,18.467,jeff_divergence,8.282279369904622,0.09870476182499502,1.951563910473908e-18,11.314982821235894,2547.7055291954985,2458,3909,1,6357,"(18, 18, 16)",52,"(0.346, 0.346, 0.308)",0.0020450409142323107,0.0020450409142323107
uniform,3,22,20,18.467,jeff_divergence,8.282279369904622,0.09870476182499502,1.951563910473908e-18,11.314982821235894,2547.7055291954985,2458,3909,2,7155,"(16, 18, 18)",52,"(0.308, 0.346, 0.346)",0.002045040914231803,0.004090081828464114
uniform,3,22,20,18.467,jeff_divergence,8.282279369904622,0.09870476182499502,1.951563910473908e-18,11.314982821235894,2547.7055291954985,2458,3909,3,7117,"(18, 16, 18)",52,"(0.346, 0.308, 0.346)",0.002045040914231787,0.006135122742695901
uniform,3,22,20,18.467,jeff_divergence,8.282279369904622,0.09870476182499502,1.951563910473908e-18,11.314982821235894,2547.7055291954985,2458,3909,4,7145,"(6, 18, 18)",42,"(0.143, 0.429, 0.429)",0.0018637137966318255,0.007998836539327727
uniform,3,22,20,18.467,jeff_divergence,8.282279369904622,0.09870476182499502,1.951563910473908e-18,11.314982821235894,2547.7055291954985,2458,3909,5,6917,"(18, 6, 18)",42,"(0.429, 0.143, 0.429)",0.0018637137966318203,0.009862550335959548
uniform,3,22,20,18.467,jeff_divergence,8.282279369904622,0.09870476182499502,1.951563910473908e-18,11.314982821235894,2547.7055291954985,2458,3909,6,2357,"(18, 18, 6)",42,"(0.429, 0.429, 0.143)",0.0018637137966316985,0.011726264132591247
uniform,3,22,20,18.467,jeff_divergence,8.282279369904622,0.09870476182499502,1.951563910473908e-18,11.314982821235894,2547.7055291954985,2458,3909,7,7157,"(18, 18, 18)",54,"(0.333, 0.333, 0.333)",0.0018325009431765845,0.013558765075767832
uniform,3,22,20,18.467,jeff_divergence,8.282279369904622,0.09870476182499502,1.951563910473908e-18,11.314982821235894,2547.7055291954985,2458,3909,8,5157,"(18, 18, 13)",49,"(0.367, 0.367, 0.265)",0.0018201099503980034,0.015378875026165835
uniform,3,22,20,18.467,jeff_divergence,8.282279369904622,0.09870476182499502,1.951563910473908e-18,11.314982821235894,2547.7055291954985,2458,3909,9,7057,"(18, 13, 18)",49,"(0.367, 0.265, 0.367)",0.0018201099503979946,0.01719898497656383
uniform,3,22,20,18.467,jeff_divergence,8.282279369904622,0.09870476182499502,1.951563910473908e-18,11.314982821235894,2547.7055291954985,2458,3909,10,7152,"(13, 18, 18)",49,"(0.265, 0.367, 0.367)",0.0018201099503979926,0.019019094926961824
uniform,3,22,20,25.806,jeff_divergence,8.927401883273534,0.06895061283607327,1.0842021724855044e-18,11.652353881503696,3218.904102758043,3046,4686,1,7983,"(4, 20, 20)",44,"(0.091, 0.455, 0.455)",0.000895693069003457,0.000895693069003457
uniform,3,22,20,25.806,jeff_divergence,8.927401883273534,0.06895061283607327,1.0842021724855044e-18,11.652353881503696,3218.904102758043,3046,4686,2,7679,"(20, 4, 20)",44,"(0.455, 0.091, 0.455)",0.0008956930690034528,0.0017913861380069098
uniform,3,22,20,25.806,jeff_divergence,8.927401883273534,0.06895061283607327,1.0842021724855044e-18,11.652353881503696,3218.904102758043,3046,4686,3,1599,"(20, 20, 4)",44,"(0.455, 0.455, 0.091)",0.0008956930690034053,0.0026870792070103153
uniform,3,22,20,25.806,jeff_divergence,8.927401883273534,0.06895061283607327,1.0842021724855044e-18,11.652353881503696,3218.904102758043,3046,4686,4,378,"(19, 19, 1)",39,"(0.487, 0.487, 0.026)",0.0008938913758026365,0.0035809705828129517
uniform,3,22,20,25.806,jeff_divergence,8.927401883273534,0.06895061283607327,1.0842021724855044e-18,11.652353881503696,3218.904102758043,3046,4686,5,7560,"(1, 19, 19)",39,"(0.026, 0.487, 0.487)",0.0008938913758026359,0.004474861958615588
uniform,3,22,20,25.806,jeff_divergence,8.927401883273534,0.06895061283607327,1.0842021724855044e-18,11.652353881503696,3218.904102758043,3046,4686,6,7218,"(19, 1, 19)",39,"(0.487, 0.026, 0.487)",0.0008938913758026352,0.0053687533344182236
uniform,3,22,20,25.806,jeff_divergence,8.927401883273534,0.06895061283607327,1.0842021724855044e-18,11.652353881503696,3218.904102758043,3046,4686,7,7178,"(19, 19, 18)",56,"(0.339, 0.339, 0.321)",0.0008248660673352047,0.006193619401753428
uniform,3,22,20,25.806,jeff_divergence,8.927401883273534,0.06895061283607327,1.0842021724855044e-18,11.652353881503696,3218.904102758043,3046,4686,8,7558,"(19, 18, 19)",56,"(0.339, 0.321, 0.339)",0.0008248660673351679,0.007018485469088596
uniform,3,22,20,25.806,jeff_divergence,8.927401883273534,0.06895061283607327,1.0842021724855044e-18,11.652353881503696,3218.904102758043,3046,4686,9,7577,"(18, 19, 19)",56,"(0.321, 0.339, 0.339)",0.0008248660673351663,0.007843351536423761
uniform,3,22,20,25.806,jeff_divergence,8.927401883273534,0.06895061283607327,1.0842021724855044e-18,11.652353881503696,3218.904102758043,3046,4686,10,3578,"(19, 19, 9)",47,"(0.404, 0.404, 0.191)",0.0007993292331703709,0.008642680769594133
uniform,3,22,20,36.062,jeff_divergence,9.539854235534023,0.04879649171768999,9.75781955236954e-19,11.993443136530509,4077.4264458131192,4053,5692,1,7578,"(19, 19, 19)",57,"(0.333, 0.333, 0.333)",0.0008681618149021041,0.0008681618149021041
uniform,3,22,20,36.062,jeff_divergence,9.539854235534023,0.04879649171768999,9.75781955236954e-19,11.993443136530509,4077.4264458131192,4053,5692,2,7358,"(19, 8, 19)",46,"(0.413, 0.174, 0.413)",0.000836319012242016,0.00170448082714412
uniform,3,22,20,36.062,jeff_divergence,9.539854235534023,0.04879649171768999,9.75781955236954e-19,11.993443136530509,4077.4264458131192,4053,5692,3,7567,"(8, 19, 19)",46,"(0.174, 0.413, 0.413)",0.0008363190122420159,0.002540799839386136
uniform,3,22,20,36.062,jeff_divergence,9.539854235534023,0.04879649171768999,9.75781955236954e-19,11.993443136530509,4077.4264458131192,4053,5692,4,3178,"(19, 19, 8)",46,"(0.413, 0.413, 0.174)",0.0008363190122420153,0.0033771188516281514
uniform,3,22,20,36.062,jeff_divergence,9.539854235534023,0.04879649171768999,9.75781955236954e-19,11.993443136530509,4077.4264458131192,4053,5692,5,7568,"(9, 19, 19)",47,"(0.191, 0.404, 0.404)",0.0008181541334506768,0.004195272985078828
uniform,3,22,20,36.062,jeff_divergence,9.539854235534023,0.04879649171768999,9.75781955236954e-19,11.993443136530509,4077.4264458131192,4053,5692,6,7378,"(19, 9, 19)",47,"(0.404, 0.191, 0.404)",0.0008181541334506762,0.005013427118529505
uniform,3,22,20,36.062,jeff_divergence,9.539854235534023,0.04879649171768999,9.75781955236954e-19,11.993443136530509,4077.4264458131192,4053,5692,7,3578,"(19, 19, 9)",47,"(0.404, 0.404, 0.191)",0.0008181541334506611,0.005831581251980166
uniform,3,22,20,36.062,jeff_divergence,9.539854235534023,0.04879649171768999,9.75781955236954e-19,11.993443136530509,4077.4264458131192,4053,5692,8,7518,"(19, 16, 19)",54,"(0.352, 0.296, 0.352)",0.0007853019476755907,0.006616883199655756
uniform,3,22,20,36.062,jeff_divergence,9.539854235534023,0.04879649171768999,9.75781955236954e-19,11.993443136530509,4077.4264458131192,4053,5692,9,7575,"(16, 19, 19)",54,"(0.296, 0.352, 0.352)",0.0007853019476755904,0.007402185147331346
uniform,3,22,20,36.062,jeff_divergence,9.539854235534023,0.04879649171768999,9.75781955236954e-19,11.993443136530509,4077.4264458131192,4053,5692,10,6378,"(19, 19, 16)",54,"(0.352, 0.352, 0.296)",0.0007853019476754837,0.00818748709500683
uniform,3,22,20,50.394,jeff_divergence,10.17726237037605,0.033757690770545024,3.2526065174565133e-19,12.357934645917181,5249.392094521294,5026,6470,1,7983,"(4, 20, 20)",44,"(0.091, 0.455, 0.455)",0.0006048937158410383,0.0006048937158410383
uniform,3,22,20,50.394,jeff_divergence,10.17726237037605,0.033757690770545024,3.2526065174565133e-19,12.357934645917181,5249.392094521294,5026,6470,2,7679,"(20, 4, 20)",44,"(0.455, 0.091, 0.455)",0.000604893715841038,0.0012097874316820763
uniform,3,22,20,50.394,jeff_divergence,10.17726237037605,0.033757690770545024,3.2526065174565133e-19,12.357934645917181,5249.392094521294,5026,6470,3,1599,"(20, 20, 4)",44,"(0.455, 0.455, 0.091)",0.0006048937158410348,0.0018146811475231112
uniform,3,22,20,50.394,jeff_divergence,10.17726237037605,0.033757690770545024,3.2526065174565133e-19,12.357934645917181,5249.392094521294,5026,6470,4,1999,"(20, 20, 5)",45,"(0.444, 0.444, 0.111)",0.0005973728510039377,0.0024120539985270487
uniform,3,22,20,50.394,jeff_divergence,10.17726237037605,0.033757690770545024,3.2526065174565133e-19,12.357934645917181,5249.392094521294,5026,6470,5,7984,"(5, 20, 20)",45,"(0.111, 0.444, 0.444)",0.0005973728510039364,0.003009426849530985
uniform,3,22,20,50.394,jeff_divergence,10.17726237037605,0.033757690770545024,3.2526065174565133e-19,12.357934645917181,5249.392094521294,5026,6470,6,7699,"(20, 5, 20)",45,"(0.444, 0.111, 0.444)",0.000597372851003936,0.003606799700534921
uniform,3,22,20,50.394,jeff_divergence,10.17726237037605,0.033757690770545024,3.2526065174565133e-19,12.357934645917181,5249.392094521294,5026,6470,7,1199,"(20, 20, 3)",43,"(0.465, 0.465, 0.070)",0.00056644721148883,0.004173246912023751
uniform,3,22,20,50.394,jeff_divergence,10.17726237037605,0.033757690770545024,3.2526065174565133e-19,12.357934645917181,5249.392094521294,5026,6470,8,7659,"(20, 3, 20)",43,"(0.465, 0.070, 0.465)",0.0005664472114888297,0.00473969412351258
uniform,3,22,20,50.394,jeff_divergence,10.17726237037605,0.033757690770545024,3.2526065174565133e-19,12.357934645917181,5249.392094521294,5026,6470,9,7982,"(3, 20, 20)",43,"(0.070, 0.465, 0.465)",0.0005664472114888296,0.00530614133500141
uniform,3,22,20,50.394,jeff_divergence,10.17726237037605,0.033757690770545024,3.2526065174565133e-19,12.357934645917181,5249.392094521294,5026,6470,10,2399,"(20, 20, 6)",46,"(0.435, 0.435, 0.130)",0.0005398657689239649,0.005846007103925375
uniform,3,22,20,70.421,jeff_divergence,10.789291171110145,0.023426880731768206,3.2526065174565133e-19,12.443485971284744,5570.094046968374,5509,7072,1,7679,"(20, 4, 20)",44,"(0.455, 0.091, 0.455)",0.0005294971611294627,0.0005294971611294627
uniform,3,22,20,70.421,jeff_divergence,10.789291171110145,0.023426880731768206,3.2526065174565133e-19,12.443485971284744,5570.094046968374,5509,7072,2,7983,"(4, 20, 20)",44,"(0.091, 0.455, 0.455)",0.0005294971611294627,0.0010589943222589254
uniform,3,22,20,70.421,jeff_divergence,10.789291171110145,0.023426880731768206,3.2526065174565133e-19,12.443485971284744,5570.094046968374,5509,7072,3,1599,"(20, 20, 4)",44,"(0.455, 0.455, 0.091)",0.000529497161129462,0.0015884914833883875
uniform,3,22,20,70.421,jeff_divergence,10.789291171110145,0.023426880731768206,3.2526065174565133e-19,12.443485971284744,5570.094046968374,5509,7072,4,7699,"(20, 5, 20)",45,"(0.444, 0.111, 0.444)",0.0005226990268642296,0.0021111905102526173
uniform,3,22,20,70.421,jeff_divergence,10.789291171110145,0.023426880731768206,3.2526065174565133e-19,12.443485971284744,5570.094046968374,5509,7072,5,7984,"(5, 20, 20)",45,"(0.111, 0.444, 0.444)",0.0005226990268642296,0.002633889537116847
uniform,3,22,20,70.421,jeff_divergence,10.789291171110145,0.023426880731768206,3.2526065174565133e-19,12.443485971284744,5570.094046968374,5509,7072,6,1999,"(20, 20, 5)",45,"(0.444, 0.444, 0.111)",0.0005226990268642269,0.0031565885639810738
uniform,3,22,20,70.421,jeff_divergence,10.789291171110145,0.023426880731768206,3.2526065174565133e-19,12.443485971284744,5570.094046968374,5509,7072,7,7659,"(20, 3, 20)",43,"(0.465, 0.070, 0.465)",0.0005143684010014577,0.0036709569649825313
uniform,3,22,20,70.421,jeff_divergence,10.789291171110145,0.023426880731768206,3.2526065174565133e-19,12.443485971284744,5570.094046968374,5509,7072,8,7982,"(3, 20, 20)",43,"(0.070, 0.465, 0.465)",0.0005143684010014577,0.004185325365983989
uniform,3,22,20,70.421,jeff_divergence,10.789291171110145,0.023426880731768206,3.2526065174565133e-19,12.443485971284744,5570.094046968374,5509,7072,9,1199,"(20, 20, 3)",43,"(0.465, 0.465, 0.070)",0.0005143684010014576,0.004699693766985447
uniform,3,22,20,70.421,jeff_divergence,10.789291171110145,0.023426880731768206,3.2526065174565133e-19,12.443485971284744,5570.094046968374,5509,7072,10,7859,"(20, 13, 20)",53,"(0.377, 0.245, 0.377)",0.0005105682477281277,0.005210262014713574
uniform,3,22,20,98.407,jeff_divergence,11.381301234882072,0.016271304336194725,2.710505431213761e-19,12.58599288063679,6148.389642476538,6022,7595,1,7879,"(20, 14, 20)",54,"(0.370, 0.259, 0.370)",0.0004880274286021416,0.0004880274286021416
uniform,3,22,20,98.407,jeff_divergence,11.381301234882072,0.016271304336194725,2.710505431213761e-19,12.58599288063679,6148.389642476538,6022,7595,2,7993,"(14, 20, 20)",54,"(0.259, 0.370, 0.370)",0.00048802742860214155,0.0009760548572042831
uniform,3,22,20,98.407,jeff_divergence,11.381301234882072,0.016271304336194725,2.710505431213761e-19,12.58599288063679,6148.389642476538,6022,7595,3,5599,"(20, 20, 14)",54,"(0.370, 0.370, 0.259)",0.00048802742860214106,0.0014640822858064241
uniform,3,22,20,98.407,jeff_divergence,11.381301234882072,0.016271304336194725,2.710505431213761e-19,12.58599288063679,6148.389642476538,6022,7595,4,7679,"(20, 4, 20)",44,"(0.455, 0.091, 0.455)",0.0004799553987490081,0.0019440376845554323
uniform,3,22,20,98.407,jeff_divergence,11.381301234882072,0.016271304336194725,2.710505431213761e-19,12.58599288063679,6148.389642476538,6022,7595,5,7983,"(4, 20, 20)",44,"(0.091, 0.455, 0.455)",0.0004799553987490081,0.0024239930833044403
uniform,3,22,20,98.407,jeff_divergence,11.381301234882072,0.016271304336194725,2.710505431213761e-19,12.58599288063679,6148.389642476538,6022,7595,6,1599,"(20, 20, 4)",44,"(0.455, 0.455, 0.091)",0.00047995539874900794,0.0029039484820534483
uniform,3,22,20,98.407,jeff_divergence,11.381301234882072,0.016271304336194725,2.710505431213761e-19,12.58599288063679,6148.389642476538,6022,7595,7,1999,"(20, 20, 5)",45,"(0.444, 0.444, 0.111)",0.00047954680352376333,0.0033834952855772114
uniform,3,22,20,98.407,jeff_divergence,11.381301234882072,0.016271304336194725,2.710505431213761e-19,12.58599288063679,6148.389642476538,6022,7595,8,7699,"(20, 5, 20)",45,"(0.444, 0.111, 0.444)",0.00047954680352375027,0.0038630420891009615
uniform,3,22,20,98.407,jeff_divergence,11.381301234882072,0.016271304336194725,2.710505431213761e-19,12.58599288063679,6148.389642476538,6022,7595,9,7984,"(5, 20, 20)",45,"(0.111, 0.444, 0.444)",0.0004795468035237502,0.004342588892624712
uniform,3,22,20,98.407,jeff_divergence,11.381301234882072,0.016271304336194725,2.710505431213761e-19,12.58599288063679,6148.389642476538,6022,7595,10,5999,"(20, 20, 15)",55,"(0.364, 0.364, 0.273)",0.0004789890333423553,0.0048215779259670665
uniform,3,22,20,137.51500000000001,jeff_divergence,11.904611955639707,0.011725067191170273,2.168404344971009e-19,12.68949623532869,6605.702289438729,6418,7794,1,7983,"(4, 20, 20)",44,"(0.091, 0.455, 0.455)",0.0004498376095307808,0.0004498376095307808
uniform,3,22,20,137.51500000000001,jeff_divergence,11.904611955639707,0.011725067191170273,2.168404344971009e-19,12.68949623532869,6605.702289438729,6418,7794,2,1599,"(20, 20, 4)",44,"(0.455, 0.455, 0.091)",0.00044983760953078074,0.0008996752190615616
uniform,3,22,20,137.51500000000001,jeff_divergence,11.904611955639707,0.011725067191170273,2.168404344971009e-19,12.68949623532869,6605.702289438729,6418,7794,3,7679,"(20, 4, 20)",44,"(0.455, 0.091, 0.455)",0.0004498376095307807,0.0013495128285923423
uniform,3,22,20,137.51500000000001,jeff_divergence,11.904611955639707,0.011725067191170273,2.168404344971009e-19,12.68949623532869,6605.702289438729,6418,7794,4,5999,"(20, 20, 15)",55,"(0.364, 0.364, 0.273)",0.0004459786049386782,0.0017954914335310205
uniform,3,22,20,137.51500000000001,jeff_divergence,11.904611955639707,0.011725067191170273,2.168404344971009e-19,12.68949623532869,6605.702289438729,6418,7794,5,7899,"(20, 15, 20)",55,"(0.364, 0.273, 0.364)",0.00044597860493867677,0.0022414700384696972
uniform,3,22,20,137.51500000000001,jeff_divergence,11.904611955639707,0.011725067191170273,2.168404344971009e-19,12.68949623532869,6605.702289438729,6418,7794,6,7994,"(15, 20, 20)",55,"(0.273, 0.364, 0.364)",0.00044597860493867677,0.002687448643408374
uniform,3,22,20,137.51500000000001,jeff_divergence,11.904611955639707,0.011725067191170273,2.168404344971009e-19,12.68949623532869,6605.702289438729,6418,7794,7,7919,"(20, 16, 20)",56,"(0.357, 0.286, 0.357)",0.0004328156951040899,0.003120264338512464
uniform,3,22,20,137.51500000000001,jeff_divergence,11.904611955639707,0.011725067191170273,2.168404344971009e-19,12.68949623532869,6605.702289438729,6418,7794,8,7995,"(16, 20, 20)",56,"(0.286, 0.357, 0.357)",0.00043281569510408987,0.0035530800336165537
uniform,3,22,20,137.51500000000001,jeff_divergence,11.904611955639707,0.011725067191170273,2.168404344971009e-19,12.68949623532869,6605.702289438729,6418,7794,9,6399,"(20, 20, 16)",56,"(0.357, 0.357, 0.286)",0.0004328156951040887,0.003985895728720643
uniform,3,22,20,137.51500000000001,jeff_divergence,11.904611955639707,0.011725067191170273,2.168404344971009e-19,12.68949623532869,6605.702289438729,6418,7794,10,7659,"(20, 3, 20)",43,"(0.465, 0.070, 0.465)",0.00041987630911916876,0.004405772037839812
uniform,3,22,20,192.166,jeff_divergence,12.284051752779158,0.009351845822903122,1.6263032587282567e-19,12.746176328594675,6870.3902261817675,6658,7882,1,5999,"(20, 20, 15)",55,"(0.364, 0.364, 0.273)",0.00042379838372810655,0.00042379838372810655
uniform,3,22,20,192.166,jeff_divergence,12.284051752779158,0.009351845822903122,1.6263032587282567e-19,12.746176328594675,6870.3902261817675,6658,7882,2,7994,"(15, 20, 20)",55,"(0.273, 0.364, 0.364)",0.0004237983837281059,0.0008475967674562125
uniform,3,22,20,192.166,jeff_divergence,12.284051752779158,0.009351845822903122,1.6263032587282567e-19,12.746176328594675,6870.3902261817675,6658,7882,3,7899,"(20, 15, 20)",55,"(0.364, 0.273, 0.364)",0.0004237983837281058,0.0012713951511843184
uniform,3,22,20,192.166,jeff_divergence,12.284051752779158,0.009351845822903122,1.6263032587282567e-19,12.746176328594675,6870.3902261817675,6658,7882,4,5997,"(18, 20, 15)",53,"(0.340, 0.377, 0.283)",0.0004219308719671078,0.001693326023151426
uniform,3,22,20,192.166,jeff_divergence,12.284051752779158,0.009351845822903122,1.6263032587282567e-19,12.746176328594675,6870.3902261817675,6658,7882,5,5959,"(20, 18, 15)",53,"(0.377, 0.340, 0.283)",0.00042193087196710767,0.002115256895118534
uniform,3,22,20,192.166,jeff_divergence,12.284051752779158,0.009351845822903122,1.6263032587282567e-19,12.746176328594675,6870.3902261817675,6658,7882,6,7099,"(20, 15, 18)",53,"(0.377, 0.283, 0.340)",0.00042193087196710767,0.0025371877670856413
uniform,3,22,20,192.166,jeff_divergence,12.284051752779158,0.009351845822903122,1.6263032587282567e-19,12.746176328594675,6870.3902261817675,6658,7882,7,7194,"(15, 20, 18)",53,"(0.283, 0.377, 0.340)",0.00042193087196710767,0.002959118639052749
uniform,3,22,20,192.166,jeff_divergence,12.284051752779158,0.009351845822903122,1.6263032587282567e-19,12.746176328594675,6870.3902261817675,6658,7882,8,7897,"(18, 15, 20)",53,"(0.340, 0.283, 0.377)",0.0004219308719671076,0.0033810495110198563
uniform,3,22,20,192.166,jeff_divergence,12.284051752779158,0.009351845822903122,1.6263032587282567e-19,12.746176328594675,6870.3902261817675,6658,7882,9,7954,"(15, 18, 20)",53,"(0.283, 0.340, 0.377)",0.0004219308719671076,0.003802980382986964
uniform,3,22,20,192.166,jeff_divergence,12.284051752779158,0.009351845822903122,1.6263032587282567e-19,12.746176328594675,6870.3902261817675,6658,7882,10,6794,"(15, 20, 17)",52,"(0.288, 0.385, 0.327)",0.0004195062787836311,0.004222486661770595
uniform,3,22,20,268.535,jeff_divergence,12.51230541194774,0.008326257103417225,1.6263032587282567e-19,12.773795972004983,7003.187370486793,6775,7936,1,5959,"(20, 18, 15)",53,"(0.377, 0.340, 0.283)",0.0004234845794854824,0.0004234845794854824
uniform,3,22,20,268.535,jeff_divergence,12.51230541194774,0.008326257103417225,1.6263032587282567e-19,12.773795972004983,7003.187370486793,6775,7936,2,5997,"(18, 20, 15)",53,"(0.340, 0.377, 0.283)",0.00042348457948548234,0.0008469691589709648
uniform,3,22,20,268.535,jeff_divergence,12.51230541194774,0.008326257103417225,1.6263032587282567e-19,12.773795972004983,7003.187370486793,6775,7936,3,7954,"(15, 18, 20)",53,"(0.283, 0.340, 0.377)",0.0004234845794854808,0.0012704537384564457
uniform,3,22,20,268.535,jeff_divergence,12.51230541194774,0.008326257103417225,1.6263032587282567e-19,12.773795972004983,7003.187370486793,6775,7936,4,7897,"(18, 15, 20)",53,"(0.340, 0.283, 0.377)",0.00042348457948548077,0.0016939383179419266
uniform,3,22,20,268.535,jeff_divergence,12.51230541194774,0.008326257103417225,1.6263032587282567e-19,12.773795972004983,7003.187370486793,6775,7936,5,7194,"(15, 20, 18)",53,"(0.283, 0.377, 0.340)",0.00042348457948548007,0.0021174228974274066
uniform,3,22,20,268.535,jeff_divergence,12.51230541194774,0.008326257103417225,1.6263032587282567e-19,12.773795972004983,7003.187370486793,6775,7936,6,7099,"(20, 15, 18)",53,"(0.377, 0.283, 0.340)",0.00042348457948548,0.0025409074769128866
uniform,3,22,20,268.535,jeff_divergence,12.51230541194774,0.008326257103417225,1.6263032587282567e-19,12.773795972004983,7003.187370486793,6775,7936,7,7995,"(16, 20, 20)",56,"(0.286, 0.357, 0.357)",0.00041505158566929474,0.0029559590625821814
uniform,3,22,20,268.535,jeff_divergence,12.51230541194774,0.008326257103417225,1.6263032587282567e-19,12.773795972004983,7003.187370486793,6775,7936,8,7919,"(20, 16, 20)",56,"(0.357, 0.286, 0.357)",0.0004150515856692947,0.003371010648251476
uniform,3,22,20,268.535,jeff_divergence,12.51230541194774,0.008326257103417225,1.6263032587282567e-19,12.773795972004983,7003.187370486793,6775,7936,9,6399,"(20, 20, 16)",56,"(0.357, 0.357, 0.286)",0.0004150515856692945,0.0037860622339207705
uniform,3,22,20,268.535,jeff_divergence,12.51230541194774,0.008326257103417225,1.6263032587282567e-19,12.773795972004983,7003.187370486793,6775,7936,10,7896,"(17, 15, 20)",52,"(0.327, 0.288, 0.385)",0.0004041198511544136,0.0041901820850751845
uniform,3,22,20,375.254,jeff_divergence,12.639930667785421,0.007915847492629472,1.6263032587282567e-19,12.79213988459411,7092.801633784415,6851,7984,1,5959,"(20, 18, 15)",53,"(0.377, 0.340, 0.283)",0.0004232315112316835,0.0004232315112316835
uniform,3,22,20,375.254,jeff_divergence,12.639930667785421,0.007915847492629472,1.6263032587282567e-19,12.79213988459411,7092.801633784415,6851,7984,2,5997,"(18, 20, 15)",53,"(0.340, 0.377, 0.283)",0.00042323151123168344,0.0008464630224633669
uniform,3,22,20,375.254,jeff_divergence,12.639930667785421,0.007915847492629472,1.6263032587282567e-19,12.79213988459411,7092.801633784415,6851,7984,3,7954,"(15, 18, 20)",53,"(0.283, 0.340, 0.377)",0.0004232315112316825,0.0012696945336950493
uniform,3,22,20,375.254,jeff_divergence,12.639930667785421,0.007915847492629472,1.6263032587282567e-19,12.79213988459411,7092.801633784415,6851,7984,4,7897,"(18, 15, 20)",53,"(0.340, 0.283, 0.377)",0.00042323151123168246,0.0016929260449267318
uniform,3,22,20,375.254,jeff_divergence,12.639930667785421,0.007915847492629472,1.6263032587282567e-19,12.79213988459411,7092.801633784415,6851,7984,5,7099,"(20, 15, 18)",53,"(0.377, 0.283, 0.340)",0.0004232315112316822,0.002116157556158414
uniform,3,22,20,375.254,jeff_divergence,12.639930667785421,0.007915847492629472,1.6263032587282567e-19,12.79213988459411,7092.801633784415,6851,7984,6,7194,"(15, 20, 18)",53,"(0.283, 0.377, 0.340)",0.0004232315112316821,0.002539389067390096
uniform,3,22,20,375.254,jeff_divergence,12.639930667785421,0.007915847492629472,1.6263032587282567e-19,12.79213988459411,7092.801633784415,6851,7984,7,7896,"(17, 15, 20)",52,"(0.327, 0.288, 0.385)",0.0003899705219299986,0.0029293595893200948
uniform,3,22,20,375.254,jeff_divergence,12.639930667785421,0.007915847492629472,1.6263032587282567e-19,12.79213988459411,7092.801633784415,6851,7984,8,7934,"(15, 17, 20)",52,"(0.288, 0.327, 0.385)",0.0003899705219299986,0.0033193301112500934
uniform,3,22,20,375.254,jeff_divergence,12.639930667785421,0.007915847492629472,1.6263032587282567e-19,12.79213988459411,7092.801633784415,6851,7984,9,5939,"(20, 17, 15)",52,"(0.385, 0.327, 0.288)",0.0003899705219299984,0.0037093006331800917
uniform,3,22,20,375.254,jeff_divergence,12.639930667785421,0.007915847492629472,1.6263032587282567e-19,12.79213988459411,7092.801633784415,6851,7984,10,5996,"(17, 20, 15)",52,"(0.327, 0.385, 0.288)",0.00038997052192999836,0.00409927115511009
uniform,3,22,20,524.385,jeff_divergence,12.712198045842428,0.007749640531995982,1.0842021724855044e-19,12.801993970743808,7141.413653101184,6899,8000,1,5997,"(18, 20, 15)",53,"(0.340, 0.377, 0.283)",0.0004311458069437843,0.0004311458069437843
uniform,3,22,20,524.385,jeff_divergence,12.712198045842428,0.007749640531995982,1.0842021724855044e-19,12.801993970743808,7141.413653101184,6899,8000,2,5959,"(20, 18, 15)",53,"(0.377, 0.340, 0.283)",0.00043114580694378417,0.0008622916138875684
uniform,3,22,20,524.385,jeff_divergence,12.712198045842428,0.007749640531995982,1.0842021724855044e-19,12.801993970743808,7141.413653101184,6899,8000,3,7897,"(18, 15, 20)",53,"(0.340, 0.283, 0.377)",0.0004311458069437838,0.0012934374208313521
uniform,3,22,20,524.385,jeff_divergence,12.712198045842428,0.007749640531995982,1.0842021724855044e-19,12.801993970743808,7141.413653101184,6899,8000,4,7954,"(15, 18, 20)",53,"(0.283, 0.340, 0.377)",0.0004311458069437837,0.0017245832277751358
uniform,3,22,20,524.385,jeff_divergence,12.712198045842428,0.007749640531995982,1.0842021724855044e-19,12.801993970743808,7141.413653101184,6899,8000,5,7194,"(15, 20, 18)",53,"(0.283, 0.377, 0.340)",0.00043114580694378357,0.0021557290347189195
uniform,3,22,20,524.385,jeff_divergence,12.712198045842428,0.007749640531995982,1.0842021724855044e-19,12.801993970743808,7141.413653101184,6899,8000,6,7099,"(20, 15, 18)",53,"(0.377, 0.283, 0.340)",0.0004311458069437835,0.002586874841662703
uniform,3,22,20,524.385,jeff_divergence,12.712198045842428,0.007749640531995982,1.0842021724855044e-19,12.801993970743808,7141.413653101184,6899,8000,7,5998,"(19, 20, 15)",54,"(0.352, 0.370, 0.278)",0.00038274989558228286,0.0029696247372449857
uniform,3,22,20,524.385,jeff_divergence,12.712198045842428,0.007749640531995982,1.0842021724855044e-19,12.801993970743808,7141.413653101184,6899,8000,8,5979,"(20, 19, 15)",54,"(0.370, 0.352, 0.278)",0.0003827498955822828,0.0033523746328272684
uniform,3,22,20,524.385,jeff_divergence,12.712198045842428,0.007749640531995982,1.0842021724855044e-19,12.801993970743808,7141.413653101184,6899,8000,9,7898,"(19, 15, 20)",54,"(0.352, 0.278, 0.370)",0.00038274989558228064,0.003735124528409549
uniform,3,22,20,524.385,jeff_divergence,12.712198045842428,0.007749640531995982,1.0842021724855044e-19,12.801993970743808,7141.413653101184,6899,8000,10,7974,"(15, 19, 20)",54,"(0.278, 0.352, 0.370)",0.00038274989558228064,0.00411787442399183
uniform,3,22,20,732.783,jeff_divergence,12.753207726221886,0.007682102116547549,1.0842021724855044e-19,12.805369845020738,7158.143968709128,6923,8000,1,5997,"(18, 20, 15)",53,"(0.340, 0.377, 0.283)",0.0004445961125370635,0.0004445961125370635
uniform,3,22,20,732.783,jeff_divergence,12.753207726221886,0.007682102116547549,1.0842021724855044e-19,12.805369845020738,7158.143968709128,6923,8000,2,5959,"(20, 18, 15)",53,"(0.377, 0.340, 0.283)",0.00044459611253706345,0.0008891922250741269
uniform,3,22,20,732.783,jeff_divergence,12.753207726221886,0.007682102116547549,1.0842021724855044e-19,12.805369845020738,7158.143968709128,6923,8000,3,7194,"(15, 20, 18)",53,"(0.283, 0.377, 0.340)",0.00044459611253706323,0.0013337883376111901
uniform,3,22,20,732.783,jeff_divergence,12.753207726221886,0.007682102116547549,1.0842021724855044e-19,12.805369845020738,7158.143968709128,6923,8000,4,7897,"(18, 15, 20)",53,"(0.340, 0.283, 0.377)",0.00044459611253706323,0.0017783844501482533
uniform,3,22,20,732.783,jeff_divergence,12.753207726221886,0.007682102116547549,1.0842021724855044e-19,12.805369845020738,7158.143968709128,6923,8000,5,7954,"(15, 18, 20)",53,"(0.283, 0.340, 0.377)",0.00044459611253706323,0.0022229805626853166
uniform,3,22,20,732.783,jeff_divergence,12.753207726221886,0.007682102116547549,1.0842021724855044e-19,12.805369845020738,7158.143968709128,6923,8000,6,7099,"(20, 15, 18)",53,"(0.377, 0.283, 0.340)",0.0004445961125370632,0.00266757667522238
uniform,3,22,20,732.783,jeff_divergence,12.753207726221886,0.007682102116547549,1.0842021724855044e-19,12.805369845020738,7158.143968709128,6923,8000,7,5979,"(20, 19, 15)",54,"(0.370, 0.352, 0.278)",0.00037909653402349913,0.003046673209245879
uniform,3,22,20,732.783,jeff_divergence,12.753207726221886,0.007682102116547549,1.0842021724855044e-19,12.805369845020738,7158.143968709128,6923,8000,8,5998,"(19, 20, 15)",54,"(0.352, 0.370, 0.278)",0.00037909653402349913,0.0034257697432693783
uniform,3,22,20,732.783,jeff_divergence,12.753207726221886,0.007682102116547549,1.0842021724855044e-19,12.805369845020738,7158.143968709128,6923,8000,9,7898,"(19, 15, 20)",54,"(0.352, 0.278, 0.370)",0.0003790965340234981,0.0038048662772928762
uniform,3,22,20,732.783,jeff_divergence,12.753207726221886,0.007682102116547549,1.0842021724855044e-19,12.805369845020738,7158.143968709128,6923,8000,10,7974,"(15, 19, 20)",54,"(0.278, 0.352, 0.370)",0.00037909653402349805,0.004183962811316375
uniform,3,22,20,1024.0,jeff_divergence,12.775537447254738,0.007655742803241333,1.0842021724855044e-19,12.806094695413638,7161.7413243416095,6932,8000,1,5997,"(18, 20, 15)",53,"(0.340, 0.377, 0.283)",0.0004577911728306241,0.0004577911728306241
uniform,3,22,20,1024.0,jeff_divergence,12.775537447254738,0.007655742803241333,1.0842021724855044e-19,12.806094695413638,7161.7413243416095,6932,8000,2,5959,"(20, 18, 15)",53,"(0.377, 0.340, 0.283)",0.00045779117283062403,0.0009155823456612482
uniform,3,22,20,1024.0,jeff_divergence,12.775537447254738,0.007655742803241333,1.0842021724855044e-19,12.806094695413638,7161.7413243416095,6932,8000,3,7099,"(20, 15, 18)",53,"(0.377, 0.283, 0.340)",0.00045779117283062403,0.0013733735184918723
uniform,3,22,20,1024.0,jeff_divergence,12.775537447254738,0.007655742803241333,1.0842021724855044e-19,12.806094695413638,7161.7413243416095,6932,8000,4,7194,"(15, 20, 18)",53,"(0.283, 0.377, 0.340)",0.00045779117283062403,0.0018311646913224964
uniform,3,22,20,1024.0,jeff_divergence,12.775537447254738,0.007655742803241333,1.0842021724855044e-19,12.806094695413638,7161.7413243416095,6932,8000,5,7897,"(18, 15, 20)",53,"(0.340, 0.283, 0.377)",0.00045779117283062403,0.0022889558641531202
uniform,3,22,20,1024.0,jeff_divergence,12.775537447254738,0.007655742803241333,1.0842021724855044e-19,12.806094695413638,7161.7413243416095,6932,8000,6,7954,"(15, 18, 20)",53,"(0.283, 0.340, 0.377)",0.000457791172830624,0.002746747036983744
uniform,3,22,20,1024.0,jeff_divergence,12.775537447254738,0.007655742803241333,1.0842021724855044e-19,12.806094695413638,7161.7413243416095,6932,8000,7,5979,"(20, 19, 15)",54,"(0.370, 0.352, 0.278)",0.0003772980696228016,0.003124045106606546
uniform,3,22,20,1024.0,jeff_divergence,12.775537447254738,0.007655742803241333,1.0842021724855044e-19,12.806094695413638,7161.7413243416095,6932,8000,8,5998,"(19, 20, 15)",54,"(0.352, 0.370, 0.278)",0.0003772980696228016,0.0035013431762293476
uniform,3,22,20,1024.0,jeff_divergence,12.775537447254738,0.007655742803241333,1.0842021724855044e-19,12.806094695413638,7161.7413243416095,6932,8000,9,7974,"(15, 19, 20)",54,"(0.278, 0.352, 0.370)",0.00037729806962280126,0.003878641245852149
uniform,3,22,20,1024.0,jeff_divergence,12.775537447254738,0.007655742803241333,1.0842021724855044e-19,12.806094695413638,7161.7413243416095,6932,8000,10,7898,"(19, 15, 20)",54,"(0.352, 0.278, 0.370)",0.0003772980696228012,0.00425593931547495
