generation,timestep,channel_beta,rate,distortion,expected_true_probs_surprisal,prop_max_hit
0,0,0.0625,1.3963072167215212e-05,11.167619424429674,0.6931471805599441,0.0
0,1,0.0625,1.3963072167215212e-05,11.167619424429674,0.7520386983881371,0.0
1,0,0.0625,1.3963072167215212e-05,11.167619424429674,1.7298276089251856,0.0
1,1,0.0625,1.3963072167215212e-05,11.167619424429674,1.7887191518826264,7.585019064520606e-151
2,0,0.0625,1.3963072167215212e-05,11.167619424429674,1.7298280473013448,0.0
2,1,0.0625,1.3963072167215212e-05,11.167619424429674,1.7887195914888427,1.4543574414478797e-150
3,0,0.0625,1.3963072167215212e-05,11.167619424429674,1.729828047301666,0.0
3,1,0.0625,1.3963072167215212e-05,11.167619424429674,1.7887195914891643,1.4543579130854098e-150
4,0,0.0625,1.3963072167215212e-05,11.167619424429674,1.7298280473016656,0.0
4,1,0.0625,1.3963072167215212e-05,11.167619424429674,1.7887195914891638,1.454357913085752e-150
5,0,0.0625,1.3963072167215212e-05,11.167619424429674,1.7298280473016652,0.0
5,1,0.0625,1.3963072167215212e-05,11.167619424429674,1.7887195914891636,1.4543579130857514e-150
6,0,0.0625,1.3963072167215212e-05,11.167619424429674,1.729828047301665,0.0
6,1,0.0625,1.3963072167215212e-05,11.167619424429674,1.7887195914891632,1.4543579130857514e-150
7,0,0.0625,1.3963072167215212e-05,11.167619424429674,1.7298280473016645,0.0
7,1,0.0625,1.3963072167215212e-05,11.167619424429674,1.788719591489163,1.454357913085751e-150
8,0,0.0625,1.3963072167215212e-05,11.167619424429674,1.729828047301664,0.0
8,1,0.0625,1.3963072167215212e-05,11.167619424429674,1.7887195914891625,1.4543579130857504e-150
9,0,0.0625,1.3963072167215212e-05,11.167619424429674,1.7298280473016636,0.0
9,1,0.0625,1.3963072167215212e-05,11.167619424429674,1.788719591489162,1.4543579130857504e-150
10,0,0.0625,1.3963072167215212e-05,11.167619424429674,1.7298280473016634,0.0
10,1,0.0625,1.3963072167215212e-05,11.167619424429674,1.7887195914891616,1.4543579130857498e-150
11,0,0.0625,1.3963072167215212e-05,11.167619424429674,1.729828047301663,0.0
11,1,0.0625,1.3963072167215212e-05,11.167619424429674,1.7887195914891612,1.4543579130857498e-150
12,0,0.0625,1.3963072167215212e-05,11.167619424429674,1.7298280473016625,0.0
12,1,0.0625,1.3963072167215212e-05,11.167619424429674,1.7887195914891607,1.4543579130857493e-150
13,0,0.0625,1.3963072167215212e-05,11.167619424429674,1.7298280473016623,0.0
13,1,0.0625,1.3963072167215212e-05,11.167619424429674,1.7887195914891603,1.454357913085749e-150
14,0,0.0625,1.3963072167215212e-05,11.167619424429674,1.7298280473016618,0.0
14,1,0.0625,1.3963072167215212e-05,11.167619424429674,1.7887195914891598,1.4543579130857485e-150
15,0,0.0625,1.3963072167215212e-05,11.167619424429674,1.7298280473016614,0.0
15,1,0.0625,1.3963072167215212e-05,11.167619424429674,1.7887195914891594,1.4543579130857485e-150
16,0,0.0625,1.3963072167215212e-05,11.167619424429674,1.729828047301661,0.0
16,1,0.0625,1.3963072167215212e-05,11.167619424429674,1.7887195914891592,1.454357913085748e-150
17,0,0.0625,1.3963072167215212e-05,11.167619424429674,1.7298280473016607,0.0
17,1,0.0625,1.3963072167215212e-05,11.167619424429674,1.7887195914891587,1.4543579130857476e-150
18,0,0.0625,1.3963072167215212e-05,11.167619424429674,1.7298280473016603,0.0
18,1,0.0625,1.3963072167215212e-05,11.167619424429674,1.7887195914891585,1.4543579130857474e-150
19,0,0.0625,1.3963072167215212e-05,11.167619424429674,1.7298280473016598,0.0
19,1,0.0625,1.3963072167215212e-05,11.167619424429674,1.788719591489158,1.4543579130857468e-150
0,0,0.0873383218223026,1.6299112895252934e-06,11.16760119110021,0.6931471805599441,0.0
0,1,0.0873383218223026,1.6299112895252934e-06,11.16760119110021,0.7520386983881371,0.0
1,0,0.0873383218223026,1.6299112895252934e-06,11.16760119110021,1.7298220186042097,0.0
1,1,0.0873383218223026,1.6299112895252934e-06,11.16760119110021,1.7887135423053644,1.2132103100918885e-183
2,0,0.0873383218223026,1.6299112895252934e-06,11.16760119110021,1.7298220493181784,0.0
2,1,0.0873383218223026,1.6299112895252934e-06,11.16760119110021,1.788713573419559,2.8637758700472144e-183
3,0,0.0873383218223026,1.6299112895252934e-06,11.16760119110021,1.7298220493181802,0.0
3,1,0.0873383218223026,1.6299112895252934e-06,11.16760119110021,1.7887135734195605,2.8637759672483245e-183
4,0,0.0873383218223026,1.6299112895252934e-06,11.16760119110021,1.72982204931818,0.0
4,1,0.0873383218223026,1.6299112895252934e-06,11.16760119110021,1.7887135734195603,2.863775967248329e-183
5,0,0.0873383218223026,1.6299112895252934e-06,11.16760119110021,1.7298220493181797,0.0
5,1,0.0873383218223026,1.6299112895252934e-06,11.16760119110021,1.7887135734195598,2.863775967248329e-183
6,0,0.0873383218223026,1.6299112895252934e-06,11.16760119110021,1.7298220493181795,0.0
6,1,0.0873383218223026,1.6299112895252934e-06,11.16760119110021,1.7887135734195598,2.8637759672483287e-183
7,0,0.0873383218223026,1.6299112895252934e-06,11.16760119110021,1.7298220493181795,0.0
7,1,0.0873383218223026,1.6299112895252934e-06,11.16760119110021,1.7887135734195594,2.8637759672483283e-183
8,0,0.0873383218223026,1.6299112895252934e-06,11.16760119110021,1.7298220493181793,0.0
8,1,0.0873383218223026,1.6299112895252934e-06,11.16760119110021,1.7887135734195594,2.863775967248328e-183
9,0,0.0873383218223026,1.6299112895252934e-06,11.16760119110021,1.729822049318179,0.0
9,1,0.0873383218223026,1.6299112895252934e-06,11.16760119110021,1.7887135734195592,2.863775967248328e-183
10,0,0.0873383218223026,1.6299112895252934e-06,11.16760119110021,1.7298220493181788,0.0
10,1,0.0873383218223026,1.6299112895252934e-06,11.16760119110021,1.788713573419559,2.863775967248328e-183
11,0,0.0873383218223026,1.6299112895252934e-06,11.16760119110021,1.7298220493181786,0.0
11,1,0.0873383218223026,1.6299112895252934e-06,11.16760119110021,1.7887135734195587,2.863775967248327e-183
12,0,0.0873383218223026,1.6299112895252934e-06,11.16760119110021,1.7298220493181784,0.0
12,1,0.0873383218223026,1.6299112895252934e-06,11.16760119110021,1.7887135734195587,2.863775967248327e-183
13,0,0.0873383218223026,1.6299112895252934e-06,11.16760119110021,1.7298220493181782,0.0
13,1,0.0873383218223026,1.6299112895252934e-06,11.16760119110021,1.7887135734195583,2.8637759672483266e-183
14,0,0.0873383218223026,1.6299112895252934e-06,11.16760119110021,1.729822049318178,0.0
14,1,0.0873383218223026,1.6299112895252934e-06,11.16760119110021,1.7887135734195583,2.863775967248326e-183
15,0,0.0873383218223026,1.6299112895252934e-06,11.16760119110021,1.729822049318178,0.0
15,1,0.0873383218223026,1.6299112895252934e-06,11.16760119110021,1.788713573419558,2.8637759672483258e-183
16,0,0.0873383218223026,1.6299112895252934e-06,11.16760119110021,1.7298220493181777,0.0
16,1,0.0873383218223026,1.6299112895252934e-06,11.16760119110021,1.7887135734195578,2.8637759672483258e-183
17,0,0.0873383218223026,1.6299112895252934e-06,11.16760119110021,1.7298220493181775,0.0
17,1,0.0873383218223026,1.6299112895252934e-06,11.16760119110021,1.7887135734195576,2.8637759672483254e-183
18,0,0.0873383218223026,1.6299112895252934e-06,11.16760119110021,1.7298220493181773,0.0
18,1,0.0873383218223026,1.6299112895252934e-06,11.16760119110021,1.7887135734195576,2.863775967248325e-183
19,0,0.0873383218223026,1.6299112895252934e-06,11.16760119110021,1.729822049318177,0.0
19,1,0.0873383218223026,1.6299112895252934e-06,11.16760119110021,1.7887135734195572,2.8637759672483245e-183
0,0,0.1220477193397777,1.8367413049653976e-06,11.167599358453131,0.6931471805599441,0.0
0,1,0.1220477193397777,1.8367413049653976e-06,11.167599358453131,0.7520386983881371,0.0
1,0,0.1220477193397777,1.8367413049653976e-06,11.167599358453131,1.7298214538030137,0.0
1,1,0.1220477193397777,1.8367413049653976e-06,11.167599358453131,1.7887130012613683,4.362300389316924e-213
2,0,0.1220477193397777,1.8367413049653976e-06,11.167599358453131,1.7298214241952043,0.0
2,1,0.1220477193397777,1.8367413049653976e-06,11.167599358453131,1.7887129744647052,1.2515081054619304e-212
3,0,0.1220477193397777,1.8367413049653976e-06,11.167599358453131,1.7298214241952017,0.0
3,1,0.1220477193397777,1.8367413049653976e-06,11.167599358453131,1.7887129744647026,1.2515081104894703e-212
4,0,0.1220477193397777,1.8367413049653976e-06,11.167599358453131,1.7298214241952015,0.0
4,1,0.1220477193397777,1.8367413049653976e-06,11.167599358453131,1.7887129744647023,1.2515081104894697e-212
5,0,0.1220477193397777,1.8367413049653976e-06,11.167599358453131,1.729821424195201,0.0
5,1,0.1220477193397777,1.8367413049653976e-06,11.167599358453131,1.788712974464702,1.2515081104894697e-212
6,0,0.1220477193397777,1.8367413049653976e-06,11.167599358453131,1.7298214241952008,0.0
6,1,0.1220477193397777,1.8367413049653976e-06,11.167599358453131,1.7887129744647017,1.2515081104894697e-212
7,0,0.1220477193397777,1.8367413049653976e-06,11.167599358453131,1.7298214241952004,0.0
7,1,0.1220477193397777,1.8367413049653976e-06,11.167599358453131,1.7887129744647012,1.2515081104894692e-212
8,0,0.1220477193397777,1.8367413049653976e-06,11.167599358453131,1.7298214241952,0.0
8,1,0.1220477193397777,1.8367413049653976e-06,11.167599358453131,1.7887129744647008,1.251508110489469e-212
9,0,0.1220477193397777,1.8367413049653976e-06,11.167599358453131,1.7298214241951997,0.0
9,1,0.1220477193397777,1.8367413049653976e-06,11.167599358453131,1.7887129744647003,1.2515081104894687e-212
10,0,0.1220477193397777,1.8367413049653976e-06,11.167599358453131,1.7298214241951992,0.0
10,1,0.1220477193397777,1.8367413049653976e-06,11.167599358453131,1.7887129744647,1.2515081104894684e-212
11,0,0.1220477193397777,1.8367413049653976e-06,11.167599358453131,1.7298214241951988,0.0
11,1,0.1220477193397777,1.8367413049653976e-06,11.167599358453131,1.7887129744646997,1.2515081104894681e-212
12,0,0.1220477193397777,1.8367413049653976e-06,11.167599358453131,1.7298214241951984,0.0
12,1,0.1220477193397777,1.8367413049653976e-06,11.167599358453131,1.7887129744646992,1.2515081104894676e-212
13,0,0.1220477193397777,1.8367413049653976e-06,11.167599358453131,1.7298214241951981,0.0
13,1,0.1220477193397777,1.8367413049653976e-06,11.167599358453131,1.7887129744646986,1.2515081104894676e-212
14,0,0.1220477193397777,1.8367413049653976e-06,11.167599358453131,1.7298214241951977,0.0
14,1,0.1220477193397777,1.8367413049653976e-06,11.167599358453131,1.7887129744646981,1.2515081104894674e-212
15,0,0.1220477193397777,1.8367413049653976e-06,11.167599358453131,1.7298214241951972,0.0
15,1,0.1220477193397777,1.8367413049653976e-06,11.167599358453131,1.788712974464698,1.251508110489467e-212
16,0,0.1220477193397777,1.8367413049653976e-06,11.167599358453131,1.7298214241951968,0.0
16,1,0.1220477193397777,1.8367413049653976e-06,11.167599358453131,1.7887129744646975,1.2515081104894666e-212
17,0,0.1220477193397777,1.8367413049653976e-06,11.167599358453131,1.7298214241951966,0.0
17,1,0.1220477193397777,1.8367413049653976e-06,11.167599358453131,1.7887129744646972,1.2515081104894663e-212
18,0,0.1220477193397777,1.8367413049653976e-06,11.167599358453131,1.7298214241951961,0.0
18,1,0.1220477193397777,1.8367413049653976e-06,11.167599358453131,1.7887129744646968,1.251508110489466e-212
19,0,0.1220477193397777,1.8367413049653976e-06,11.167599358453131,1.7298214241951957,0.0
19,1,0.1220477193397777,1.8367413049653976e-06,11.167599358453131,1.7887129744646963,1.2515081104894658e-212
0,0,0.1705510878300092,0.1269243106116253,10.409146179034142,0.6931471805599441,0.0
0,1,0.1705510878300092,0.1269243106116253,10.409146179034142,0.7520386983881371,0.0
1,0,0.1705510878300092,0.1269243106116253,10.409146179034142,1.63522973190081,0.0
1,1,0.1705510878300092,0.1269243106116253,10.409146179034142,1.7014745822911839,1.5680885965338663e-124
2,0,0.1705510878300092,0.1269243106116253,10.409146179034142,1.6440461282376382,0.0
2,1,0.1705510878300092,0.1269243106116253,10.409146179034142,1.7096817253721501,3.039203154340592e-124
3,0,0.1705510878300092,0.1269243106116253,10.409146179034142,1.6440614379319944,0.0
3,1,0.1705510878300092,0.1269243106116253,10.409146179034142,1.7096997552891384,2.9803560809532967e-124
4,0,0.1705510878300092,0.1269243106116253,10.409146179034142,1.6440565677015582,0.0
4,1,0.1705510878300092,0.1269243106116253,10.409146179034142,1.7096954391610537,2.979235118223516e-124
5,0,0.1705510878300092,0.1269243106116253,10.409146179034142,1.6440562784306532,0.0
5,1,0.1705510878300092,0.1269243106116253,10.409146179034142,1.7096951799704874,2.9792087062594902e-124
6,0,0.1705510878300092,0.1269243106116253,10.409146179034142,1.6440562649159338,0.0
6,1,0.1705510878300092,0.1269243106116253,10.409146179034142,1.7096951678308892,2.979207901284671e-124
7,0,0.1705510878300092,0.1269243106116253,10.409146179034142,1.6440562643236816,0.0
7,1,0.1705510878300092,0.1269243106116253,10.409146179034142,1.709695167298488,2.979207871832246e-124
8,0,0.1705510878300092,0.1269243106116253,10.409146179034142,1.6440562642982588,0.0
8,1,0.1705510878300092,0.1269243106116253,10.409146179034142,1.7096951672756289,2.9792078706522803e-124
9,0,0.1705510878300092,0.1269243106116253,10.409146179034142,1.6440562642971752,0.0
9,1,0.1705510878300092,0.1269243106116253,10.409146179034142,1.709695167274654,2.979207870603233e-124
10,0,0.1705510878300092,0.1269243106116253,10.409146179034142,1.644056264297129,0.0
10,1,0.1705510878300092,0.1269243106116253,10.409146179034142,1.7096951672746126,2.979207870601166e-124
11,0,0.1705510878300092,0.1269243106116253,10.409146179034142,1.644056264297127,0.0
11,1,0.1705510878300092,0.1269243106116253,10.409146179034142,1.7096951672746106,2.9792078706010783e-124
12,0,0.1705510878300092,0.1269243106116253,10.409146179034142,1.6440562642971266,0.0
12,1,0.1705510878300092,0.1269243106116253,10.409146179034142,1.7096951672746106,2.979207870601074e-124
13,0,0.1705510878300092,0.1269243106116253,10.409146179034142,1.6440562642971266,0.0
13,1,0.1705510878300092,0.1269243106116253,10.409146179034142,1.7096951672746106,2.979207870601074e-124
14,0,0.1705510878300092,0.1269243106116253,10.409146179034142,1.6440562642971266,0.0
14,1,0.1705510878300092,0.1269243106116253,10.409146179034142,1.7096951672746106,2.9792078706010737e-124
15,0,0.1705510878300092,0.1269243106116253,10.409146179034142,1.6440562642971266,0.0
15,1,0.1705510878300092,0.1269243106116253,10.409146179034142,1.7096951672746106,2.9792078706010737e-124
16,0,0.1705510878300092,0.1269243106116253,10.409146179034142,1.6440562642971266,0.0
16,1,0.1705510878300092,0.1269243106116253,10.409146179034142,1.7096951672746106,2.9792078706010737e-124
17,0,0.1705510878300092,0.1269243106116253,10.409146179034142,1.6440562642971266,0.0
17,1,0.1705510878300092,0.1269243106116253,10.409146179034142,1.7096951672746106,2.9792078706010737e-124
18,0,0.1705510878300092,0.1269243106116253,10.409146179034142,1.6440562642971266,0.0
18,1,0.1705510878300092,0.1269243106116253,10.409146179034142,1.7096951672746106,2.9792078706010737e-124
19,0,0.1705510878300092,0.1269243106116253,10.409146179034142,1.6440562642971266,0.0
19,1,0.1705510878300092,0.1269243106116253,10.409146179034142,1.7096951672746106,2.9792078706010737e-124
0,0,0.2383303327366585,0.8106429220517719,6.98165616081444,0.6931471805599441,0.0
0,1,0.2383303327366585,0.8106429220517719,6.98165616081444,0.7520386983881371,0.0
1,0,0.2383303327366585,0.8106429220517719,6.98165616081444,1.176483333736377,0.0
1,1,0.2383303327366585,0.8106429220517719,6.98165616081444,1.2782706834951236,1.632772922529835e-68
2,0,0.2383303327366585,0.8106429220517719,6.98165616081444,1.30611879645346,0.0
2,1,0.2383303327366585,0.8106429220517719,6.98165616081444,1.399163664873765,6.962498052290197e-69
3,0,0.2383303327366585,0.8106429220517719,6.98165616081444,1.3272905621523399,0.0
3,1,0.2383303327366585,0.8106429220517719,6.98165616081444,1.419000062831206,3.426345928053096e-69
4,0,0.2383303327366585,0.8106429220517719,6.98165616081444,1.3302790021060114,0.0
4,1,0.2383303327366585,0.8106429220517719,6.98165616081444,1.4218344055591383,3.020908771495361e-69
5,0,0.2383303327366585,0.8106429220517719,6.98165616081444,1.3305179992941485,0.0
5,1,0.2383303327366585,0.8106429220517719,6.98165616081444,1.4220763246457993,2.9616229762350133e-69
6,0,0.2383303327366585,0.8106429220517719,6.98165616081444,1.3304558211499875,0.0
6,1,0.2383303327366585,0.8106429220517719,6.98165616081444,1.4220252252352188,2.950683416511119e-69
7,0,0.2383303327366585,0.8106429220517719,6.98165616081444,1.3304088610459954,0.0
7,1,0.2383303327366585,0.8106429220517719,6.98165616081444,1.421983798392038,2.9482997215443145e-69
8,0,0.2383303327366585,0.8106429220517719,6.98165616081444,1.3303885077170572,0.0
8,1,0.2383303327366585,0.8106429220517719,6.98165616081444,1.4219656091860626,2.9477178032943976e-69
9,0,0.2383303327366585,0.8106429220517719,6.98165616081444,1.3303809346512028,0.0
9,1,0.2383303327366585,0.8106429220517719,6.98165616081444,1.4219588076332308,2.947563504397102e-69
10,0,0.2383303327366585,0.8106429220517719,6.98165616081444,1.330378296671628,0.0
10,1,0.2383303327366585,0.8106429220517719,6.98165616081444,1.4219564327435938,2.947519970873464e-69
11,0,0.2383303327366585,0.8106429220517719,6.98165616081444,1.3303774079351625,0.0
11,1,0.2383303327366585,0.8106429220517719,6.98165616081444,1.4219556316284565,2.947507116471735e-69
12,0,0.2383303327366585,0.8106429220517719,6.98165616081444,1.3303771139265517,0.0
12,1,0.2383303327366585,0.8106429220517719,6.98165616081444,1.421955366418567,2.9475031982488974e-69
13,0,0.2383303327366585,0.8106429220517719,6.98165616081444,1.330377017665617,0.0
13,1,0.2383303327366585,0.8106429220517719,6.98165616081444,1.421955279551131,2.947501978328042e-69
14,0,0.2383303327366585,0.8106429220517719,6.98165616081444,1.3303769863380326,0.0
14,1,0.2383303327366585,0.8106429220517719,6.98165616081444,1.4219552512738496,2.947501593300789e-69
15,0,0.2383303327366585,0.8106429220517719,6.98165616081444,1.330376976178694,0.0
15,1,0.2383303327366585,0.8106429220517719,6.98165616081444,1.4219552421024089,2.9475014707376285e-69
16,0,0.2383303327366585,0.8106429220517719,6.98165616081444,1.3303769728909998,0.0
16,1,0.2383303327366585,0.8106429220517719,6.98165616081444,1.4219552391341612,2.947501431517004e-69
17,0,0.2383303327366585,0.8106429220517719,6.98165616081444,1.3303769718283895,0.0
17,1,0.2383303327366585,0.8106429220517719,6.98165616081444,1.4219552381747507,2.9475014189259104e-69
18,0,0.2383303327366585,0.8106429220517719,6.98165616081444,1.3303769714852016,0.0
18,1,0.2383303327366585,0.8106429220517719,6.98165616081444,1.4219552378648836,2.9475014148758883e-69
19,0,0.2383303327366585,0.8106429220517719,6.98165616081444,1.3303769713744134,0.0
19,1,0.2383303327366585,0.8106429220517719,6.98165616081444,1.4219552377648503,2.9475014135716367e-69
0,0,0.333045940809132,1.3874836666758474,4.897125547365642,0.6931471805599441,0.0
0,1,0.333045940809132,1.3874836666758474,4.897125547365642,0.7520386983881371,0.0
1,0,0.333045940809132,1.3874836666758474,4.897125547365642,0.5823036842093825,0.0
1,1,0.333045940809132,1.3874836666758474,4.897125547365642,0.7210575006543176,8.314745545037714e-89
2,0,0.333045940809132,1.3874836666758474,4.897125547365642,0.892273928123263,0.0
2,1,0.333045940809132,1.3874836666758474,4.897125547365642,1.009957251162446,1.6753675808304962e-88
3,0,0.333045940809132,1.3874836666758474,4.897125547365642,1.0498063936626854,0.0
3,1,0.333045940809132,1.3874836666758474,4.897125547365642,1.1570862624921183,8.287917944757947e-89
4,0,0.333045940809132,1.3874836666758474,4.897125547365642,1.1282143675530643,0.0
4,1,0.333045940809132,1.3874836666758474,4.897125547365642,1.2304239427491914,4.9536756193627367e-89
5,0,0.333045940809132,1.3874836666758474,4.897125547365642,1.167216449305172,0.0
5,1,0.333045940809132,1.3874836666758474,4.897125547365642,1.2669701715261552,3.5893665537419274e-89
6,0,0.333045940809132,1.3874836666758474,4.897125547365642,1.1865143650941794,0.0
6,1,0.333045940809132,1.3874836666758474,4.897125547365642,1.2850944524432086,3.001895514213157e-89
7,0,0.333045940809132,1.3874836666758474,4.897125547365642,1.195968838047605,0.0
7,1,0.333045940809132,1.3874836666758474,4.897125547365642,1.2940003327131473,2.7354214559130088e-89
8,0,0.333045940809132,1.3874836666758474,4.897125547365642,1.2005324559629134,0.0
8,1,0.333045940809132,1.3874836666758474,4.897125547365642,1.2983162217200683,2.608410279663736e-89
9,0,0.333045940809132,1.3874836666758474,4.897125547365642,1.2026887476108812,0.0
9,1,0.333045940809132,1.3874836666758474,4.897125547365642,1.3003667206973544,2.545127085357954e-89
10,0,0.333045940809132,1.3874836666758474,4.897125547365642,1.2036763059709323,0.0
10,1,0.333045940809132,1.3874836666758474,4.897125547365642,1.3013134307908616,2.5123851620999115e-89
11,0,0.333045940809132,1.3874836666758474,4.897125547365642,1.204107339790534,0.0
11,1,0.333045940809132,1.3874836666758474,4.897125547365642,1.3017319410973005,2.4949140843826227e-89
12,0,0.333045940809132,1.3874836666758474,4.897125547365642,1.2042806190939992,0.0
12,1,0.333045940809132,1.3874836666758474,4.897125547365642,1.3019040724400446,2.485358440049987e-89
13,0,0.333045940809132,1.3874836666758474,4.897125547365642,1.204339400803608,0.0
13,1,0.333045940809132,1.3874836666758474,4.897125547365642,1.3019655565907273,2.4800286536164072e-89
14,0,0.333045940809132,1.3874836666758474,4.897125547365642,1.2043506914145756,0.0
14,1,0.333045940809132,1.3874836666758474,4.897125547365642,1.301980280940135,2.477009206788976e-89
15,0,0.333045940809132,1.3874836666758474,4.897125547365642,1.2043447082312766,0.0
15,1,0.333045940809132,1.3874836666758474,4.897125547365642,1.3019773299789128,2.475277075239324e-89
16,0,0.333045940809132,1.3874836666758474,4.897125547365642,1.204334310217318,0.0
16,1,0.333045940809132,1.3874836666758474,4.897125547365642,1.3019692747212372,2.4742732422147845e-89
17,0,0.333045940809132,1.3874836666758474,4.897125547365642,1.2043244255844197,0.0
17,1,0.333045940809132,1.3874836666758474,4.897125547365642,1.301961078893327,2.4736865619328042e-89
18,0,0.333045940809132,1.3874836666758474,4.897125547365642,1.2043165346842553,0.0
18,1,0.333045940809132,1.3874836666758474,4.897125547365642,1.3019543552190163,2.473341252965212e-89
19,0,0.333045940809132,1.3874836666758474,4.897125547365642,1.2043107416307757,0.0
19,1,0.333045940809132,1.3874836666758474,4.897125547365642,1.301949346654705,2.473136790937108e-89
0,0,0.4654027769599926,1.903315222285056,3.5933798834644293,0.6931471805599441,0.0
0,1,0.4654027769599926,1.903315222285056,3.5933798834644293,0.7520386983881371,0.0
1,0,0.4654027769599926,1.903315222285056,3.5933798834644293,-0.022445406168694337,0.0
1,1,0.4654027769599926,1.903315222285056,3.5933798834644293,0.1422301842248181,3.4736955149287047e-72
2,0,0.4654027769599926,1.903315222285056,3.5933798834644293,0.2927351143851351,0.0
2,1,0.4654027769599926,1.903315222285056,3.5933798834644293,0.4370662281491222,1.4743641278207057e-71
3,0,0.4654027769599926,1.903315222285056,3.5933798834644293,0.5236155298128807,0.0
3,1,0.4654027769599926,1.903315222285056,3.5933798834644293,0.6534554956048384,9.745293013886208e-72
4,0,0.4654027769599926,1.903315222285056,3.5933798834644293,0.6820980863931168,0.0
4,1,0.4654027769599926,1.903315222285056,3.5933798834644293,0.8021227507678541,6.425653455047967e-72
5,0,0.4654027769599926,1.903315222285056,3.5933798834644293,0.789222510054272,0.0
5,1,0.4654027769599926,1.903315222285056,3.5933798834644293,0.9026934950317578,4.429462832070394e-72
6,0,0.4654027769599926,1.903315222285056,3.5933798834644293,0.8610377564429028,0.0
6,1,0.4654027769599926,1.903315222285056,3.5933798834644293,0.9701702665490816,3.229008123999816e-72
7,0,0.4654027769599926,1.903315222285056,3.5933798834644293,0.9088904307851754,0.0
7,1,0.4654027769599926,1.903315222285056,3.5933798834644293,1.0151718498867488,2.496341219495638e-72
8,0,0.4654027769599926,1.903315222285056,3.5933798834644293,0.9406027649381725,0.0
8,1,0.4654027769599926,1.903315222285056,3.5933798834644293,1.045024235644728,2.0413740654412708e-72
9,0,0.4654027769599926,1.903315222285056,3.5933798834644293,0.9615050724036227,0.0
9,1,0.4654027769599926,1.903315222285056,3.5933798834644293,1.0647227819434333,1.7538992920555305e-72
10,0,0.4654027769599926,1.903315222285056,3.5933798834644293,0.9752036183996312,0.0
10,1,0.4654027769599926,1.903315222285056,3.5933798834644293,1.0776492590581628,1.5691889935816483e-72
11,0,0.4654027769599926,1.903315222285056,3.5933798834644293,0.9841248646975728,0.0
11,1,0.4654027769599926,1.903315222285056,3.5933798834644293,1.0860805699803344,1.448620138234057e-72
12,0,0.4654027769599926,1.903315222285056,3.5933798834644293,0.9898936401984306,0.0
12,1,0.4654027769599926,1.903315222285056,3.5933798834644293,1.0915424717803384,1.3687602700608007e-72
13,0,0.4654027769599926,1.903315222285056,3.5933798834644293,0.9935930867482727,0.0
13,1,0.4654027769599926,1.903315222285056,3.5933798834644293,1.095052852636901,1.315152968848184e-72
14,0,0.4654027769599926,1.903315222285056,3.5933798834644293,0.9959420367840373,0.0
14,1,0.4654027769599926,1.903315222285056,3.5933798834644293,1.0972878242070812,1.2787311822612445e-72
15,0,0.4654027769599926,1.903315222285056,3.5933798834644293,0.9974153637814289,0.0
15,1,0.4654027769599926,1.903315222285056,3.5933798834644293,1.09869447557691,1.253716635797913e-72
16,0,0.4654027769599926,1.903315222285056,3.5933798834644293,0.9983252496820879,0.0
16,1,0.4654027769599926,1.903315222285056,3.5933798834644293,1.0995670534092397,1.2363706285608337e-72
17,0,0.4654027769599926,1.903315222285056,3.5933798834644293,0.9988758275647842,0.0
17,1,0.4654027769599926,1.903315222285056,3.5933798834644293,1.1000982140981148,1.224239446423074e-72
18,0,0.4654027769599926,1.903315222285056,3.5933798834644293,0.9991997767233614,0.0
18,1,0.4654027769599926,1.903315222285056,3.5933798834644293,1.1004133698342908,1.215691347518652e-72
19,0,0.4654027769599926,1.903315222285056,3.5933798834644293,0.9993827370910043,0.0
19,1,0.4654027769599926,1.903315222285056,3.5933798834644293,1.1005936184011698,1.2096280217960223e-72
0,0,0.6503599601780028,2.485502329778181,2.5294805202723545,0.6931471805599441,0.0
0,1,0.6503599601780028,2.485502329778181,2.5294805202723545,0.7520386983881371,0.0
1,0,0.6503599601780028,2.485502329778181,2.5294805202723545,-0.5532197729269696,0.0
1,1,0.6503599601780028,2.485502329778181,2.5294805202723545,-0.3710979516164373,1.8791866250819607e-44
2,0,0.6503599601780028,2.485502329778181,2.5294805202723545,-0.17384072406830173,0.0
2,1,0.6503599601780028,2.485502329778181,2.5294805202723545,-0.014396563402236995,1.795965921275171e-43
3,0,0.6503599601780028,2.485502329778181,2.5294805202723545,0.11541482191928903,0.0
3,1,0.6503599601780028,2.485502329778181,2.5294805202723545,0.2580936626450723,1.2788069530063824e-43
4,0,0.6503599601780028,2.485502329778181,2.5294805202723545,0.3285347239304318,0.0
4,1,0.6503599601780028,2.485502329778181,2.5294805202723545,0.4589070916788939,9.1338689765352e-44
5,0,0.6503599601780028,2.485502329778181,2.5294805202723545,0.4843778910119231,0.0
5,1,0.6503599601780028,2.485502329778181,2.5294805202723545,0.6057830555215218,6.611629794267487e-44
6,0,0.6503599601780028,2.485502329778181,2.5294805202723545,0.5976494688555575,0.0
6,1,0.6503599601780028,2.485502329778181,2.5294805202723545,0.7125623684512216,4.876140233125754e-44
7,0,0.6503599601780028,2.485502329778181,2.5294805202723545,0.6795627932569025,0.0
7,1,0.6503599601780028,2.485502329778181,2.5294805202723545,0.7898015492908765,3.682596594211327e-44
8,0,0.6503599601780028,2.485502329778181,2.5294805202723545,0.7385309328267815,0.0
8,1,0.6503599601780028,2.485502329778181,2.5294805202723545,0.8454219827472336,2.859792693322189e-44
9,0,0.6503599601780028,2.485502329778181,2.5294805202723545,0.7807967406202637,0.0
9,1,0.6503599601780028,2.485502329778181,2.5294805202723545,0.8853024255884697,2.289865650932336e-44
10,0,0.6503599601780028,2.485502329778181,2.5294805202723545,0.8109570971537019,0.0
10,1,0.6503599601780028,2.485502329778181,2.5294805202723545,0.9137722551718566,1.892544553075072e-44
11,0,0.6503599601780028,2.485502329778181,2.5294805202723545,0.832377697250459,0.0
11,1,0.6503599601780028,2.485502329778181,2.5294805202723545,0.9340018019737626,1.6134537478768176e-44
12,0,0.6503599601780028,2.485502329778181,2.5294805202723545,0.8475118257146437,0.0
12,1,0.6503599601780028,2.485502329778181,2.5294805202723545,0.9483023580246522,1.4157964345249157e-44
13,0,0.6503599601780028,2.485502329778181,2.5294805202723545,0.8581410164289154,0.0
13,1,0.6503599601780028,2.485502329778181,2.5294805202723545,0.9583526837112215,1.2746162142358514e-44
14,0,0.6503599601780028,2.485502329778181,2.5294805202723545,0.8655546511839387,0.0
14,1,0.6503599601780028,2.485502329778181,2.5294805202723545,0.9653680577618284,1.1729101649753215e-44
15,0,0.6503599601780028,2.485502329778181,2.5294805202723545,0.8706829387432196,0.0
15,1,0.6503599601780028,2.485502329778181,2.5294805202723545,0.9702254566841807,1.0990228675700985e-44
16,0,0.6503599601780028,2.485502329778181,2.5294805202723545,0.8741948205012184,0.0
16,1,0.6503599601780028,2.485502329778181,2.5294805202723545,0.9735557274776963,1.0449069501339659e-44
17,0,0.6503599601780028,2.485502329778181,2.5294805202723545,0.8765697458810402,0.0
17,1,0.6503599601780028,2.485502329778181,2.5294805202723545,0.9758111683079136,1.0049624289600727e-44
18,0,0.6503599601780028,2.485502329778181,2.5294805202723545,0.8781501119355799,0.0
18,1,0.6503599601780028,2.485502329778181,2.5294805202723545,0.9773149102759469,9.752603128840623e-45
19,0,0.6503599601780028,2.485502329778181,2.5294805202723545,0.8791794653932761,0.0
19,1,0.6503599601780028,2.485502329778181,2.5294805202723545,0.978296897552072,9.530209119793119e-45
0,0,0.9088215600378616,3.027486905756101,1.821161706107492,0.6931471805599441,0.0
0,1,0.9088215600378616,3.027486905756101,1.821161706107492,0.7520386983881371,0.0
1,0,0.9088215600378616,3.027486905756101,1.821161706107492,-0.8737024842800991,0.0
1,1,0.9088215600378616,3.027486905756101,1.821161706107492,-0.6770766020415616,1.1305701144268932e-59
2,0,0.9088215600378616,3.027486905756101,1.821161706107492,-0.5199271344206572,0.0
2,1,0.9088215600378616,3.027486905756101,1.821161706107492,-0.3448469014317713,3.910717722884482e-58
3,0,0.9088215600378616,3.027486905756101,1.821161706107492,-0.21282458572512503,0.0
3,1,0.9088215600378616,3.027486905756101,1.821161706107492,-0.056669484275793824,3.0076415093744025e-58
4,0,0.9088215600378616,3.027486905756101,1.821161706107492,0.03156432569382441,0.0
4,1,0.9088215600378616,3.027486905756101,1.821161706107492,0.17298373682115986,2.2001094601920767e-58
5,0,0.9088215600378616,3.027486905756101,1.821161706107492,0.22430719722029124,0.0
5,1,0.9088215600378616,3.027486905756101,1.821161706107492,0.35435089440160367,1.6223721999451163e-58
6,0,0.9088215600378616,3.027486905756101,1.821161706107492,0.37517947913810135,0.0
6,1,0.9088215600378616,3.027486905756101,1.821161706107492,0.4964680545477237,1.2160800712519296e-58
7,0,0.9088215600378616,3.027486905756101,1.821161706107492,0.49253852891913125,0.0
7,1,0.9088215600378616,3.027486905756101,1.821161706107492,0.6071020756559891,9.27964818988677e-59
8,0,0.9088215600378616,3.027486905756101,1.821161706107492,0.5833431041627459,0.0
8,1,0.9088215600378616,3.027486905756101,1.821161706107492,0.6927508191980087,7.211445921077106e-59
9,0,0.9088215600378616,3.027486905756101,1.821161706107492,0.6532680670032986,0.0
9,1,0.9088215600378616,3.027486905756101,1.821161706107492,0.7587315619181758,5.709394876580823e-59
10,0,0.9088215600378616,3.027486905756101,1.821161706107492,0.7068739567322597,0.0
10,1,0.9088215600378616,3.027486905756101,1.821161706107492,0.8093277726047811,4.6070200319035325e-59
11,0,0.9088215600378616,3.027486905756101,1.821161706107492,0.7477877422905657,0.0
11,1,0.9088215600378616,3.027486905756101,1.821161706107492,0.8479517953811753,3.790273992087764e-59
12,0,0.9088215600378616,3.027486905756101,1.821161706107492,0.7788718560948609,0.0
12,1,0.9088215600378616,3.027486905756101,1.821161706107492,0.8772998595315256,3.179856309952057e-59
13,0,0.9088215600378616,3.027486905756101,1.821161706107492,0.802372137823776,0.0
13,1,0.9088215600378616,3.027486905756101,1.821161706107492,0.8994891731673532,2.7199176268886027e-59
14,0,0.9088215600378616,3.027486905756101,1.821161706107492,0.8200424488541684,0.0
14,1,0.9088215600378616,3.027486905756101,1.821161706107492,0.9161741326602291,2.370691643023399e-59
15,0,0.9088215600378616,3.027486905756101,1.821161706107492,0.8332471371923118,0.0
15,1,0.9088215600378616,3.027486905756101,1.821161706107492,0.9286422647005499,2.1035898910066245e-59
16,0,0.9088215600378616,3.027486905756101,1.821161706107492,0.8430439529303329,0.0
16,1,0.9088215600378616,3.027486905756101,1.821161706107492,0.9378920723021401,1.8978796998749922e-59
17,0,0.9088215600378616,3.027486905756101,1.821161706107492,0.8502504060243212,0.0
17,1,0.9088215600378616,3.027486905756101,1.821161706107492,0.9446954493639316,1.738402965764131e-59
18,0,0.9088215600378616,3.027486905756101,1.821161706107492,0.8554964538775317,0.0
18,1,0.9088215600378616,3.027486905756101,1.821161706107492,0.9496473001129198,1.6139917218458729e-59
19,0,0.9088215600378616,3.027486905756101,1.821161706107492,0.8592660902940998,0.0
19,1,0.9088215600378616,3.027486905756101,1.821161706107492,0.9532047411019421,1.516356980248809e-59
0,0,1.2699991982341428,3.574385502815874,1.3087275474280942,0.6931471805599441,0.0
0,1,1.2699991982341428,3.574385502815874,1.3087275474280942,0.7520386983881371,0.0
1,0,1.2699991982341428,3.574385502815874,1.3087275474280942,-0.42217991188260456,0.0
1,1,1.2699991982341428,3.574385502815874,1.3087275474280942,-0.2793116820034137,2.0952021358319884e-75
2,0,1.2699991982341428,3.574385502815874,1.3087275474280942,-0.7011727734868394,0.0
2,1,1.2699991982341428,3.574385502815874,1.3087275474280942,-0.533938340625,2.4364347610145953e-73
3,0,1.2699991982341428,3.574385502815874,1.3087275474280942,-0.6344778875870428,0.0
3,1,1.2699991982341428,3.574385502815874,1.3087275474280942,-0.46730717149237005,3.125750600861728e-73
4,0,1.2699991982341428,3.574385502815874,1.3087275474280942,-0.44675610165912755,0.0
4,1,1.2699991982341428,3.574385502815874,1.3087275474280942,-0.28850895209271676,3.009006707777125e-73
5,0,1.2699991982341428,3.574385502815874,1.3087275474280942,-0.23344745205792827,0.0
5,1,1.2699991982341428,3.574385502815874,1.3087275474280942,-0.08635439361679907,2.6134530139391727e-73
6,0,1.2699991982341428,3.574385502815874,1.3087275474280942,-0.032632147642226605,0.0
6,1,1.2699991982341428,3.574385502815874,1.3087275474280942,0.10372409549021003,2.1685799338489216e-73
7,0,1.2699991982341428,3.574385502815874,1.3087275474280942,0.14272795199078142,0.0
7,1,1.2699991982341428,3.574385502815874,1.3087275474280942,0.2696763991638936,1.7632522322520997e-73
8,0,1.2699991982341428,3.574385502815874,1.3087275474280942,0.29034068280289427,0.0
8,1,1.2699991982341428,3.574385502815874,1.3087275474280942,0.40939351218650005,1.4236906398712194e-73
9,0,1.2699991982341428,3.574385502815874,1.3087275474280942,0.41214501959286354,0.0
9,1,1.2699991982341428,3.574385502815874,1.3087275474280942,0.5247145307422334,1.1503011301151102e-73
10,0,1.2699991982341428,3.574385502815874,1.3087275474280942,0.5114831539874325,0.0
10,1,1.2699991982341428,3.574385502815874,1.3087275474280942,0.6187909951364824,9.343912738994727e-74
11,0,1.2699991982341428,3.574385502815874,1.3087275474280942,0.5918978719869692,0.0
11,1,1.2699991982341428,3.574385502815874,1.3087275474280942,0.6949635355444322,7.65319272088902e-74
12,0,1.2699991982341428,3.574385502815874,1.3087275474280942,0.6566573553836904,0.0
12,1,1.2699991982341428,3.574385502815874,1.3087275474280942,0.7563163647414001,6.3324677327391944e-74
13,0,1.2699991982341428,3.574385502815874,1.3087275474280942,0.7086008657717004,0.0
13,1,1.2699991982341428,3.574385502815874,1.3087275474280942,0.8055315291562024,5.299671608487546e-74
14,0,1.2699991982341428,3.574385502815874,1.3087275474280942,0.7501213706802705,0.0
14,1,1.2699991982341428,3.574385502815874,1.3087275474280942,0.8448715913405282,4.489538125937064e-74
15,0,1.2699991982341428,3.574385502815874,1.3087275474280942,0.7832022949483995,0.0
15,1,1.2699991982341428,3.574385502815874,1.3087275474280942,0.8762134077678579,3.8513701964802856e-74
16,0,1.2699991982341428,3.574385502815874,1.3087275474280942,0.8094716233177364,0.0
16,1,1.2699991982341428,3.574385502815874,1.3087275474280942,0.9010985252013219,3.346224935718753e-74
17,0,1.2699991982341428,3.574385502815874,1.3087275474280942,0.8302575565047944,0.0
17,1,1.2699991982341428,3.574385502815874,1.3087275474280942,0.9207852947404204,2.9443161535388593e-74
18,0,1.2699991982341428,3.574385502815874,1.3087275474280942,0.8466394449855358,0.0
18,1,1.2699991982341428,3.574385502815874,1.3087275474280942,0.9362967237469071,2.6228680558705298e-74
19,0,1.2699991982341428,3.574385502815874,1.3087275474280942,0.8594919922865099,0.0
19,1,1.2699991982341428,3.574385502815874,1.3087275474280942,0.948462107105755,2.3644296507155654e-74
0,0,1.774713579031038,4.098101767426953,0.9585305997554476,0.6931471805599441,0.0
0,1,1.774713579031038,4.098101767426953,0.9585305997554476,0.7520386983881371,0.0
1,0,1.774713579031038,4.098101767426953,0.9585305997554476,0.9515858669201069,0.0
1,1,1.774713579031038,4.098101767426953,0.9585305997554476,1.0364149336709518,2.0043474185633333e-91
2,0,1.774713579031038,4.098101767426953,0.9585305997554476,0.4478100988263546,0.0
2,1,1.774713579031038,4.098101767426953,0.9585305997554476,0.5569881189649291,2.1079012850177006e-87
3,0,1.774713579031038,4.098101767426953,0.9585305997554476,0.25463839784378306,0.0
3,1,1.774713579031038,4.098101767426953,0.9585305997554476,0.3726428221209685,4.291003609654345e-86
4,0,1.774713579031038,4.098101767426953,0.9585305997554476,0.21159907020074348,0.0
4,1,1.774713579031038,4.098101767426953,0.9585305997554476,0.3310333060565242,7.636893046610101e-86
5,0,1.774713579031038,4.098101767426953,0.9585305997554476,0.24183486069207508,0.0
5,1,1.774713579031038,4.098101767426953,0.9585305997554476,0.3591701026190899,9.596644116137773e-86
6,0,1.774713579031038,4.098101767426953,0.9585305997554476,0.30679434940032685,0.0
6,1,1.774713579031038,4.098101767426953,0.9585305997554476,0.42046197846194905,1.0613381357002542e-85
7,0,1.774713579031038,4.098101767426953,0.9585305997554476,0.38532627491188765,0.0
7,1,1.774713579031038,4.098101767426953,0.9585305997554476,0.4947990217370385,1.1106875398834313e-85
8,0,1.774713579031038,4.098101767426953,0.9585305997554476,0.4658456981760837,0.0
8,1,1.774713579031038,4.098101767426953,0.9585305997554476,0.5711417211529872,1.1335145817132403e-85
9,0,1.774713579031038,4.098101767426953,0.9585305997554476,0.5423009017799916,0.0
9,1,1.774713579031038,4.098101767426953,0.9585305997554476,0.6437068194092788,1.1439430158857104e-85
10,0,1.774713579031038,4.098101767426953,0.9585305997554476,0.6118383746987952,0.0
10,1,1.774713579031038,4.098101767426953,0.9585305997554476,0.7097550380938003,1.1492255012943477e-85
11,0,1.774713579031038,4.098101767426953,0.9585305997554476,0.673419066326782,0.0
11,1,1.774713579031038,4.098101767426953,0.9585305997554476,0.7682776649761548,1.152846985815262e-85
12,0,1.774713579031038,4.098101767426953,0.9585305997554476,0.7269992381933841,0.0
12,1,1.774713579031038,4.098101767426953,0.9585305997554476,0.8192176985631907,1.156316983169354e-85
13,0,1.774713579031038,4.098101767426953,0.9585305997554476,0.7730497072680844,0.0
13,1,1.774713579031038,4.098101767426953,0.9585305997554476,0.8630119264727774,1.1601586714709813e-85
14,0,1.774713579031038,4.098101767426953,0.9585305997554476,0.8122776847398423,0.0
14,1,1.774713579031038,4.098101767426953,0.9585305997554476,0.900325451194879,1.1644376338733835e-85
15,0,1.774713579031038,4.098101767426953,0.9585305997554476,0.8454693957141783,0.0
15,1,1.774713579031038,4.098101767426953,0.9585305997554476,0.9319011310222659,1.1690347205196772e-85
16,0,1.774713579031038,4.098101767426953,0.9585305997554476,0.8734042341647967,0.0
16,1,1.774713579031038,4.098101767426953,0.9585305997554476,0.9584771996745478,1.1737799321737476e-85
17,0,1.774713579031038,4.098101767426953,0.9585305997554476,0.8968108740023752,0.0
17,1,1.774713579031038,4.098101767426953,0.9585305997554476,0.9807449508694732,1.1785127278643853e-85
18,0,1.774713579031038,4.098101767426953,0.9585305997554476,0.9163476234724465,0.0
18,1,1.774713579031038,4.098101767426953,0.9585305997554476,0.9993296260375908,1.1831047272144422e-85
19,0,1.774713579031038,4.098101767426953,0.9585305997554476,0.932596462456406,0.0
19,1,1.774713579031038,4.098101767426953,0.9585305997554476,1.01478443485412,1.1874642203091834e-85
0,0,2.4800080913251747,4.626144705480844,0.705279265443965,0.6931471805599441,0.0
0,1,2.4800080913251747,4.626144705480844,0.705279265443965,0.7520386983881371,0.0
1,0,2.4800080913251747,4.626144705480844,0.705279265443965,0.7191946478572762,0.0
1,1,2.4800080913251747,4.626144705480844,0.705279265443965,0.8473639237703179,9.657718552380603e-92
2,0,2.4800080913251747,4.626144705480844,0.705279265443965,0.48799220433227286,0.0
2,1,2.4800080913251747,4.626144705480844,0.705279265443965,0.6160206200592738,2.3707480991444132e-86
3,0,2.4800080913251747,4.626144705480844,0.705279265443965,0.3240449351966942,0.0
3,1,2.4800080913251747,4.626144705480844,0.705279265443965,0.4498359529053835,9.748005126051371e-85
4,0,2.4800080913251747,4.626144705480844,0.705279265443965,0.2624798370163545,0.0
4,1,2.4800080913251747,4.626144705480844,0.705279265443965,0.3851435512549455,3.1753679878172888e-84
5,0,2.4800080913251747,4.626144705480844,0.705279265443965,0.2702828084717093,0.0
5,1,2.4800080913251747,4.626144705480844,0.705279265443965,0.3889649933620154,5.497811585554334e-84
6,0,2.4800080913251747,4.626144705480844,0.705279265443965,0.31759635316836016,0.0
6,1,2.4800080913251747,4.626144705480844,0.705279265443965,0.43176650330401267,7.480741602923721e-84
7,0,2.4800080913251747,4.626144705480844,0.705279265443965,0.385253468075934,0.0
7,1,2.4800080913251747,4.626144705480844,0.705279265443965,0.4947305842313877,9.067735675153608e-84
8,0,2.4800080913251747,4.626144705480844,0.705279265443965,0.46166274708930877,0.0
8,1,2.4800080913251747,4.626144705480844,0.705279265443965,0.5665302324352319,1.0332660429728675e-83
9,0,2.4800080913251747,4.626144705480844,0.705279265443965,0.5398670686280864,0.0
9,1,2.4800080913251747,4.626144705480844,0.705279265443965,0.6403769378596947,1.1361224587642784e-83
10,0,2.4800080913251747,4.626144705480844,0.705279265443965,0.615739497727404,0.0
10,1,2.4800080913251747,4.626144705480844,0.705279265443965,0.712236669638468,1.2219876430885802e-83
11,0,2.4800080913251747,4.626144705480844,0.705279265443965,0.68692690287491,0.0
11,1,2.4800080913251747,4.626144705480844,0.705279265443965,0.7797967769449501,1.2954370289856428e-83
12,0,2.4800080913251747,4.626144705480844,0.705279265443965,0.7522094401129773,0.0
12,1,2.4800080913251747,4.626144705480844,0.705279265443965,0.8418441914583636,1.359495789293548e-83
13,0,2.4800080913251747,4.626144705480844,0.705279265443965,0.8110937771715774,0.0
13,1,2.4800080913251747,4.626144705480844,0.705279265443965,0.8978719752505359,1.4161509308236054e-83
14,0,2.4800080913251747,4.626144705480844,0.705279265443965,0.8635459211231785,0.0
14,1,2.4800080913251747,4.626144705480844,0.705279265443965,0.9478211095714877,1.4667264556186926e-83
15,0,2.4800080913251747,4.626144705480844,0.705279265443965,0.9098127686911207,0.0
15,1,2.4800080913251747,4.626144705480844,0.705279265443965,0.9919078697436362,1.5121329388584898e-83
16,0,2.4800080913251747,4.626144705480844,0.705279265443965,0.9503025775045808,0.0
16,1,2.4800080913251747,4.626144705480844,0.705279265443965,1.0305079748470014,1.5530264760165376e-83
17,0,2.4800080913251747,4.626144705480844,0.705279265443965,0.9855055257676065,0.0
17,1,2.4800080913251747,4.626144705480844,0.705279265443965,1.064079392881055,1.5899072218996964e-83
18,0,2.4800080913251747,4.626144705480844,0.705279265443965,1.0159418094687644,0.0
18,1,2.4800080913251747,4.626144705480844,0.705279265443965,1.0931117414044278,1.6231790985688266e-83
19,0,2.4800080913251747,4.626144705480844,0.705279265443965,1.0421286580796878,0.0
19,1,2.4800080913251747,4.626144705480844,0.705279265443965,1.1180939959192076,1.6531851219331493e-83
0,0,3.465595916833162,5.184942487747596,0.5145104186033076,0.6931471805599441,0.0
0,1,3.465595916833162,5.184942487747596,0.5145104186033076,0.7520386983881371,0.0
1,0,3.465595916833162,5.184942487747596,0.5145104186033076,0.5973329438378265,0.0
1,1,3.465595916833162,5.184942487747596,0.5145104186033076,0.7208274451528167,1.9487690442776905e-94
2,0,3.465595916833162,5.184942487747596,0.5145104186033076,0.48170856167449794,0.0
2,1,3.465595916833162,5.184942487747596,0.5145104186033076,0.630243688084319,6.452342932639391e-87
3,0,3.465595916833162,5.184942487747596,0.5145104186033076,0.24818889627374816,0.0
3,1,3.465595916833162,5.184942487747596,0.5145104186033076,0.39579528901044997,2.9877429909520705e-85
4,0,3.465595916833162,5.184942487747596,0.5145104186033076,0.10318442227724534,0.0
4,1,3.465595916833162,5.184942487747596,0.5145104186033076,0.24368038276245246,1.895694253519521e-84
5,0,3.465595916833162,5.184942487747596,0.5145104186033076,0.07714243863003935,0.0
5,1,3.465595916833162,5.184942487747596,0.5145104186033076,0.20949235524168444,5.069759539161118e-84
6,0,3.465595916833162,5.184942487747596,0.5145104186033076,0.1257526071236431,0.0
6,1,3.465595916833162,5.184942487747596,0.5145104186033076,0.25015359351234323,8.926976564624798e-84
7,0,3.465595916833162,5.184942487747596,0.5145104186033076,0.21144564330494042,0.0
7,1,3.465595916833162,5.184942487747596,0.5145104186033076,0.32845320623595275,1.2894213864602762e-83
8,0,3.465595916833162,5.184942487747596,0.5145104186033076,0.3121903598230634,0.0
8,1,3.465595916833162,5.184942487747596,0.5145104186033076,0.42246510027483175,1.668515676353583e-83
9,0,3.465595916833162,5.184942487747596,0.5145104186033076,0.4162607137527157,0.0
9,1,3.465595916833162,5.184942487747596,0.5145104186033076,0.5204756779218837,2.019175236881893e-83
10,0,3.465595916833162,5.184942487747596,0.5145104186033076,0.5176205978095043,0.0
10,1,3.465595916833162,5.184942487747596,0.5145104186033076,0.6164223587449518,2.340080894765953e-83
11,0,3.465595916833162,5.184942487747596,0.5145104186033076,0.6132514242446341,0.0
11,1,3.465595916833162,5.184942487747596,0.5145104186033076,0.7072430385822146,2.633826844736397e-83
12,0,3.465595916833162,5.184942487747596,0.5145104186033076,0.7017467132148474,0.0
12,1,3.465595916833162,5.184942487747596,0.5145104186033076,0.7914808895923049,2.903905177753361e-83
13,0,3.465595916833162,5.184942487747596,0.5145104186033076,0.7825827108222416,0.0
13,1,3.465595916833162,5.184942487747596,0.5145104186033076,0.8685602156875865,3.1534391510728016e-83
14,0,3.465595916833162,5.184942487747596,0.5145104186033076,0.8557313487371262,0.0
14,1,3.465595916833162,5.184942487747596,0.5145104186033076,0.9384022335041228,3.3848472994637805e-83
15,0,3.465595916833162,5.184942487747596,0.5145104186033076,0.9214464778104122,0.0
15,1,3.465595916833162,5.184942487747596,0.5145104186033076,1.0012128227333572,3.59990046561871e-83
16,0,3.465595916833162,5.184942487747596,0.5145104186033076,0.9801401311192033,0.0
16,1,3.465595916833162,5.184942487747596,0.5145104186033076,1.0573595507117173,3.7998938035985216e-83
17,0,3.465595916833162,5.184942487747596,0.5145104186033076,1.0323076397862474,0.0
17,1,3.465595916833162,5.184942487747596,0.5145104186033076,1.1072970977402745,3.985816065803065e-83
18,0,3.465595916833162,5.184942487747596,0.5145104186033076,1.0784807297476195,0.0
18,1,3.465595916833162,5.184942487747596,0.5145104186033076,1.1515203911977616,4.158478799698698e-83
19,0,3.465595916833162,5.184942487747596,0.5145104186033076,1.1191975835074763,0.0
19,1,3.465595916833162,5.184942487747596,0.5145104186033076,1.190534543589924,4.318602209056857e-83
0,0,4.842869303846925,5.750975018178669,0.3758843547097781,0.6931471805599441,0.0
0,1,4.842869303846925,5.750975018178669,0.3758843547097781,0.7520386983881371,0.0
1,0,4.842869303846925,5.750975018178669,0.3758843547097781,0.645088448823171,0.0
1,1,4.842869303846925,5.750975018178669,0.3758843547097781,0.7562273534160482,4.933290686551068e-90
2,0,4.842869303846925,5.750975018178669,0.3758843547097781,0.5923373092354518,0.0
2,1,4.842869303846925,5.750975018178669,0.3758843547097781,0.7282342821019974,1.0938446599839481e-79
3,0,4.842869303846925,5.750975018178669,0.3758843547097781,0.4938641241307429,0.0
3,1,4.842869303846925,5.750975018178669,0.3758843547097781,0.6383636037006986,6.782422447807921e-78
4,0,4.842869303846925,5.750975018178669,0.3758843547097781,0.34405053452964984,0.0
4,1,4.842869303846925,5.750975018178669,0.3758843547097781,0.48764500873088845,7.925170903627209e-77
5,0,4.842869303846925,5.750975018178669,0.3758843547097781,0.22212398013553697,0.0
5,1,4.842869303846925,5.750975018178669,0.3758843547097781,0.360023018548143,2.7118424407348882e-76
6,0,4.842869303846925,5.750975018178669,0.3758843547097781,0.17953433625900497,0.0
6,1,4.842869303846925,5.750975018178669,0.3758843547097781,0.30994245031150935,4.651006287634168e-76
7,0,4.842869303846925,5.750975018178669,0.3758843547097781,0.20670192864441714,0.0
7,1,4.842869303846925,5.750975018178669,0.3758843547097781,0.32921399074788127,5.733955702986056e-76
8,0,4.842869303846925,5.750975018178669,0.3758843547097781,0.27815611462224543,0.0
8,1,4.842869303846925,5.750975018178669,0.3758843547097781,0.393018787505273,6.03520171196172e-76
9,0,4.842869303846925,5.750975018178669,0.3758843547097781,0.3727083017406554,0.0
9,1,4.842869303846925,5.750975018178669,0.3758843547097781,0.4804567860815977,5.873685311831419e-76
10,0,4.842869303846925,5.750975018178669,0.3758843547097781,0.47648008685578513,0.0
10,1,4.842869303846925,5.750975018178669,0.3758843547097781,0.5777554538798964,5.497106297842644e-76
11,0,4.842869303846925,5.750975018178669,0.3758843547097781,0.5812611134306348,0.0
11,1,4.842869303846925,5.750975018178669,0.3758843547097781,0.67671985422167,5.0487932111176857e-76
12,0,4.842869303846925,5.750975018178669,0.3758843547097781,0.6824952203726843,0.0
12,1,4.842869303846925,5.750975018178669,0.3758843547097781,0.7727660450609468,4.6006337901678016e-76
13,0,4.842869303846925,5.750975018178669,0.3758843547097781,0.7778194296334751,0.0
13,1,4.842869303846925,5.750975018178669,0.3758843547097781,0.8634842409587073,4.184362696487127e-76
14,0,4.842869303846925,5.750975018178669,0.3758843547097781,0.8661464652416423,0.0
14,1,4.842869303846925,5.750975018178669,0.3758843547097781,0.9477336722730311,3.8111546534231064e-76
15,0,4.842869303846925,5.750975018178669,0.3758843547097781,0.9471196540262742,0.0
15,1,4.842869303846925,5.750975018178669,0.3758843547097781,1.0251037177304079,3.4823682167105686e-76
16,0,4.842869303846925,5.750975018178669,0.3758843547097781,1.020795511796968,0.0
16,1,4.842869303846925,5.750975018178669,0.3758843547097781,1.0955995340219793,3.195081060327438e-76
17,0,4.842869303846925,5.750975018178669,0.3758843547097781,1.0874594338056125,0.0
17,1,4.842869303846925,5.750975018178669,0.3758843547097781,1.1594591086045116,2.944821592228578e-76
18,0,4.842869303846925,5.750975018178669,0.3758843547097781,1.1475180174155977,0.0
18,1,4.842869303846925,5.750975018178669,0.3758843547097781,1.2170460561801706,2.7268530986633118e-76
19,0,4.842869303846925,5.750975018178669,0.3758843547097781,1.2014355309563522,0.0
19,1,4.842869303846925,5.750975018178669,0.3758843547097781,1.2687860974428613,2.5367312211265267e-76
0,0,6.767489244843735,6.351964459401516,0.2704060981533017,0.6931471805599441,0.0
0,1,6.767489244843735,6.351964459401516,0.2704060981533017,0.7520386983881371,0.0
1,0,6.767489244843735,6.351964459401516,0.2704060981533017,0.7118761119466132,0.0
1,1,6.767489244843735,6.351964459401516,0.2704060981533017,0.8095150591466665,1.8702862012929318e-78
2,0,6.767489244843735,6.351964459401516,0.2704060981533017,0.7223341371041035,0.0
2,1,6.767489244843735,6.351964459401516,0.2704060981533017,0.840536051970654,4.517261831897709e-61
3,0,6.767489244843735,6.351964459401516,0.2704060981533017,0.7279890424843612,0.0
3,1,6.767489244843735,6.351964459401516,0.2704060981533017,0.8536552751472463,9.68310338032188e-58
4,0,6.767489244843735,6.351964459401516,0.2704060981533017,0.6964784369786219,0.0
4,1,6.767489244843735,6.351964459401516,0.2704060981533017,0.8235011025276262,9.975890977650217e-57
5,0,6.767489244843735,6.351964459401516,0.2704060981533017,0.6383009753130786,0.0
5,1,6.767489244843735,6.351964459401516,0.2704060981533017,0.7632373830757827,2.825053308754135e-56
6,0,6.767489244843735,6.351964459401516,0.2704060981533017,0.5813733362215168,0.0
6,1,6.767489244843735,6.351964459401516,0.2704060981533017,0.7019587921773782,3.8281452237205285e-56
7,0,6.767489244843735,6.351964459401516,0.2704060981533017,0.5526679675306625,0.0
7,1,6.767489244843735,6.351964459401516,0.2704060981533017,0.6676476518435381,4.535123423140353e-56
8,0,6.767489244843735,6.351964459401516,0.2704060981533017,0.5608665470613022,0.0
8,1,6.767489244843735,6.351964459401516,0.2704060981533017,0.6697214984943802,5.321394113267403e-56
9,0,6.767489244843735,6.351964459401516,0.2704060981533017,0.6006324697055326,0.0
9,1,6.767489244843735,6.351964459401516,0.2704060981533017,0.7033305879371329,5.86919700131828e-56
10,0,6.767489244843735,6.351964459401516,0.2704060981533017,0.6621624507517716,0.0
10,1,6.767489244843735,6.351964459401516,0.2704060981533017,0.758960281887627,5.911459854798819e-56
11,0,6.767489244843735,6.351964459401516,0.2704060981533017,0.7364029338445388,0.0
11,1,6.767489244843735,6.351964459401516,0.2704060981533017,0.8277051902723576,5.477855542522683e-56
12,0,6.767489244843735,6.351964459401516,0.2704060981533017,0.8165632893047411,0.0
12,1,6.767489244843735,6.351964459401516,0.2704060981533017,0.9028343656246189,4.756978615933924e-56
13,0,6.767489244843735,6.351964459401516,0.2704060981533017,0.8980378638106845,0.0
13,1,6.767489244843735,6.351964459401516,0.2704060981533017,0.9797510531908589,3.941452514228966e-56
14,0,6.767489244843735,6.351964459401516,0.2704060981533017,0.9778967876038485,0.0
14,1,6.767489244843735,6.351964459401516,0.2704060981533017,1.0555074266187239,3.162218478875952e-56
15,0,6.767489244843735,6.351964459401516,0.2704060981533017,1.0543791999701027,0.0
15,1,6.767489244843735,6.351964459401516,0.2704060981533017,1.1283118431727026,2.485145275881452e-56
16,0,6.767489244843735,6.351964459401516,0.2704060981533017,1.1265017856690054,0.0
16,1,6.767489244843735,6.351964459401516,0.2704060981533017,1.1971452032877026,1.9302473668950137e-56
17,0,6.767489244843735,6.351964459401516,0.2704060981533017,1.1937844228731835,0.0
17,1,6.767489244843735,6.351964459401516,0.2704060981533017,1.2614907929204722,1.4919923594683704e-56
18,0,6.767489244843735,6.351964459401516,0.2704060981533017,1.2560664806484212,0.0
18,1,6.767489244843735,6.351964459401516,0.2704060981533017,1.3211527308134585,1.1537558660123917e-56
19,0,6.767489244843735,6.351964459401516,0.2704060981533017,1.3133865365096722,0.0
19,1,6.767489244843735,6.351964459401516,0.2704060981533017,1.3761367071397732,8.962107314065937e-57
0,0,9.45697845752215,6.955742708205337,0.1948720166206333,0.6931471805599441,0.0
0,1,9.45697845752215,6.955742708205337,0.1948720166206333,0.7520386983881371,0.0
1,0,9.45697845752215,6.955742708205337,0.1948720166206333,0.7257479354595775,0.0
1,1,9.45697845752215,6.955742708205337,0.1948720166206333,0.8184558839634422,2.2913110775886904e-66
2,0,9.45697845752215,6.955742708205337,0.1948720166206333,0.7681941102717389,0.0
2,1,9.45697845752215,6.955742708205337,0.1948720166206333,0.875517125716075,1.7789854042844642e-44
3,0,9.45697845752215,6.955742708205337,0.1948720166206333,0.8020243028749126,0.0
3,1,9.45697845752215,6.955742708205337,0.1948720166206333,0.915972491588865,1.262021922718708e-39
4,0,9.45697845752215,6.955742708205337,0.1948720166206333,0.8249019397495694,0.0
4,1,9.45697845752215,6.955742708205337,0.1948720166206333,0.941097822576693,2.536568625631412e-38
5,0,9.45697845752215,6.955742708205337,0.1948720166206333,0.8358439381375873,0.0
5,1,9.45697845752215,6.955742708205337,0.1948720166206333,0.9512066192028266,1.1271330990903326e-37
6,0,9.45697845752215,6.955742708205337,0.1948720166206333,0.8295407516898516,0.0
6,1,9.45697845752215,6.955742708205337,0.1948720166206333,0.9423241641760688,3.3520233218297625e-37
7,0,9.45697845752215,6.955742708205337,0.1948720166206333,0.8129866558434172,0.0
7,1,9.45697845752215,6.955742708205337,0.1948720166206333,0.9220871578423371,1.0005454264954038e-36
8,0,9.45697845752215,6.955742708205337,0.1948720166206333,0.7996134979167226,0.0
8,1,9.45697845752215,6.955742708205337,0.1948720166206333,0.9043107082331625,2.2237613014102472e-36
9,0,9.45697845752215,6.955742708205337,0.1948720166206333,0.8012821472872065,0.0
9,1,9.45697845752215,6.955742708205337,0.1948720166206333,0.901136874632674,3.525912125446487e-36
10,0,9.45697845752215,6.955742708205337,0.1948720166206333,0.8233082256871698,0.0
10,1,9.45697845752215,6.955742708205337,0.1948720166206333,0.9181267371173584,4.3490307651671016e-36
11,0,9.45697845752215,6.955742708205337,0.1948720166206333,0.8646953870547416,0.0
11,1,9.45697845752215,6.955742708205337,0.1948720166206333,0.95448861756076,4.609979895425457e-36
12,0,9.45697845752215,6.955742708205337,0.1948720166206333,0.9210761327375607,0.0
12,1,9.45697845752215,6.955742708205337,0.1948720166206333,1.006008784880643,4.503557810803038e-36
13,0,9.45697845752215,6.955742708205337,0.1948720166206333,0.9873096455108403,0.0
13,1,9.45697845752215,6.955742708205337,0.1948720166206333,1.0676479860011059,4.209611561967542e-36
14,0,9.45697845752215,6.955742708205337,0.1948720166206333,1.0588481985974485,0.0
14,1,9.45697845752215,6.955742708205337,0.1948720166206333,1.1349154186291992,3.828296092827868e-36
15,0,9.45697845752215,6.955742708205337,0.1948720166206333,1.132183836036656,0.0
15,1,9.45697845752215,6.955742708205337,0.1948720166206333,1.2043267683994814,3.411609309793068e-36
16,0,9.45697845752215,6.955742708205337,0.1948720166206333,1.2048315603619573,0.0
16,1,9.45697845752215,6.955742708205337,0.1948720166206333,1.2733983100585675,2.991258764259506e-36
17,0,9.45697845752215,6.955742708205337,0.1948720166206333,1.2751440176488296,0.0
17,1,9.45697845752215,6.955742708205337,0.1948720166206333,1.340470213983115,2.5891124580703377e-36
18,0,9.45697845752215,6.955742708205337,0.1948720166206333,1.3421007411789598,0.0
18,1,9.45697845752215,6.955742708205337,0.1948720166206333,1.404501887129158,2.2195869940614836e-36
19,0,9.45697845752215,6.955742708205337,0.1948720166206333,1.4051263753868104,0.0
19,1,9.45697845752215,6.955742708205337,0.1948720166206333,1.4648942118519857,1.890516738582954e-36
0,0,13.215306047834442,7.582729506041488,0.1383976045719105,0.6931471805599441,0.0
0,1,13.215306047834442,7.582729506041488,0.1383976045719105,0.7520386983881371,0.0
1,0,13.215306047834442,7.582729506041488,0.1383976045719105,0.7402870819574242,0.0
1,1,13.215306047834442,7.582729506041488,0.1383976045719105,0.8294097086171862,6.817390848450344e-61
2,0,13.215306047834442,7.582729506041488,0.1383976045719105,0.8007799891903247,0.0
2,1,13.215306047834442,7.582729506041488,0.1383976045719105,0.9019752749537354,2.2077412651646772e-32
3,0,13.215306047834442,7.582729506041488,0.1383976045719105,0.8625590842123403,0.0
3,1,13.215306047834442,7.582729506041488,0.1383976045719105,0.9679820124797062,2.0783115430911487e-27
4,0,13.215306047834442,7.582729506041488,0.1383976045719105,0.9191552368523037,0.0
4,1,13.215306047834442,7.582729506041488,0.1383976045719105,1.0250647391181584,6.391459099979538e-26
5,0,13.215306047834442,7.582729506041488,0.1383976045719105,0.9670157730857115,0.0
5,1,13.215306047834442,7.582729506041488,0.1383976045719105,1.0716514529897585,6.525474535773581e-25
6,0,13.215306047834442,7.582729506041488,0.1383976045719105,1.0043208501536758,0.0
6,1,13.215306047834442,7.582729506041488,0.1383976045719105,1.1065944550138873,4.855725643812848e-24
7,0,13.215306047834442,7.582729506041488,0.1383976045719105,1.030437575428242,0.0
7,1,13.215306047834442,7.582729506041488,0.1383976045719105,1.1296724953218833,3.367868128862257e-23
8,0,13.215306047834442,7.582729506041488,0.1383976045719105,1.0468356655149504,0.0
8,1,13.215306047834442,7.582729506041488,0.1383976045719105,1.1426291853842012,1.4925429904927366e-22
9,0,13.215306047834442,7.582729506041488,0.1383976045719105,1.0582059153010355,0.0
9,1,13.215306047834442,7.582729506041488,0.1383976045719105,1.1503001875897931,4.060125453684834e-22
10,0,13.215306047834442,7.582729506041488,0.1383976045719105,1.071003685260917,0.0
10,1,13.215306047834442,7.582729506041488,0.1383976045719105,1.1592285845983552,7.855421262923224e-22
11,0,13.215306047834442,7.582729506041488,0.1383976045719105,1.0909509148652383,0.0
11,1,13.215306047834442,7.582729506041488,0.1383976045719105,1.1752090043360133,1.2431155586252185e-21
12,0,13.215306047834442,7.582729506041488,0.1383976045719105,1.121152517676792,0.0
12,1,13.215306047834442,7.582729506041488,0.1383976045719105,1.201422833986154,1.7051880298343685e-21
13,0,13.215306047834442,7.582729506041488,0.1383976045719105,1.1619423717945772,0.0
13,1,13.215306047834442,7.582729506041488,0.1383976045719105,1.2382810178698742,2.0739748322544153e-21
14,0,13.215306047834442,7.582729506041488,0.1383976045719105,1.2117128755834532,0.0
14,1,13.215306047834442,7.582729506041488,0.1383976045719105,1.2842461990469898,2.2935874289434495e-21
15,0,13.215306047834442,7.582729506041488,0.1383976045719105,1.2679697219879564,0.0
15,1,13.215306047834442,7.582729506041488,0.1383976045719105,1.3368800548989945,2.3722616582248662e-21
16,0,13.215306047834442,7.582729506041488,0.1383976045719105,1.3281284151847088,0.0
16,1,13.215306047834442,7.582729506041488,0.1383976045719105,1.3936361396443866,2.348967867664819e-21
17,0,13.215306047834442,7.582729506041488,0.1383976045719105,1.3899420233398778,0.0
17,1,13.215306047834442,7.582729506041488,0.1383976045719105,1.4522882821985497,2.261374568183043e-21
18,0,13.215306047834442,7.582729506041488,0.1383976045719105,1.4516512736689953,0.0
18,1,13.215306047834442,7.582729506041488,0.1383976045719105,1.511083886224649,2.135861933106738e-21
19,0,13.215306047834442,7.582729506041488,0.1383976045719105,1.511979026498703,0.0
19,1,13.215306047834442,7.582729506041488,0.1383976045719105,1.568742320589687,1.9894870994498717e-21
0,0,18.4672424413758,8.216610819690366,0.0977560799467042,0.6931471805599441,0.0
0,1,18.4672424413758,8.216610819690366,0.0977560799467042,0.7520386983881371,0.0
1,0,18.4672424413758,8.216610819690366,0.0977560799467042,0.7486877340694955,0.0
1,1,18.4672424413758,8.216610819690366,0.0977560799467042,0.8360212730743156,1.0390965093136062e-59
2,0,18.4672424413758,8.216610819690366,0.0977560799467042,0.8228060617640146,0.0
2,1,18.4672424413758,8.216610819690366,0.0977560799467042,0.9201573648812208,2.351147022681066e-20
3,0,18.4672424413758,8.216610819690366,0.0977560799467042,0.9006403342650142,0.0
3,1,18.4672424413758,8.216610819690366,0.0977560799467042,1.0003760999868458,2.216464226618571e-13
4,0,18.4672424413758,8.216610819690366,0.0977560799467042,0.9742208108408035,0.0
4,1,18.4672424413758,8.216610819690366,0.0977560799467042,1.0731745240536912,1.1228530279837163e-10
5,0,18.4672424413758,8.216610819690366,0.0977560799467042,1.0412451637736237,0.0
5,1,18.4672424413758,8.216610819690366,0.0977560799467042,1.1380191489418703,2.45814407894241e-09
6,0,18.4672424413758,8.216610819690366,0.0977560799467042,1.10109731052383,0.0
6,1,18.4672424413758,8.216610819690366,0.0977560799467042,1.195019258417742,3.860355448999402e-08
7,0,18.4672424413758,8.216610819690366,0.0977560799467042,1.1538196787189852,0.0
7,1,18.4672424413758,8.216610819690366,0.0977560799467042,1.2445904090994664,7.043769341378298e-07
8,0,18.4672424413758,8.216610819690366,0.0977560799467042,1.1987664380208967,0.0
8,1,18.4672424413758,8.216610819690366,0.0977560799467042,1.2862908138492264,6.569431644262484e-06
9,0,18.4672424413758,8.216610819690366,0.0977560799467042,1.2357947894008183,0.0
9,1,18.4672424413758,8.216610819690366,0.0977560799467042,1.3200660773378978,3.17551948915455e-05
10,0,18.4672424413758,8.216610819690366,0.0977560799467042,1.2662352566718909,0.0
10,1,18.4672424413758,8.216610819690366,0.0977560799467042,1.3472859635371064,9.536863334038807e-05
11,0,18.4672424413758,8.216610819690366,0.0977560799467042,1.2924853309444861,0.0
11,1,18.4672424413758,8.216610819690366,0.0977560799467042,1.3703555707418564,0.00021030866408821552
12,0,18.4672424413758,8.216610819690366,0.0977560799467042,1.3177945599952936,0.0
12,1,18.4672424413758,8.216610819690366,0.0977560799467042,1.3925187099693062,0.0003798138732092503
13,0,18.4672424413758,8.216610819690366,0.0977560799467042,1.3453744638075418,0.0
13,1,18.4672424413758,8.216610819690366,0.0977560799467042,1.4169824780463651,0.0005949550298224226
14,0,18.4672424413758,8.216610819690366,0.0977560799467042,1.377560921577765,0.0
14,1,18.4672424413758,8.216610819690366,0.0977560799467042,1.4460891501406783,0.0008283046736106828
15,0,18.4672424413758,8.216610819690366,0.0977560799467042,1.4153796429053482,0.0
15,1,18.4672424413758,8.216610819690366,0.0977560799467042,1.4808837441278313,0.0010404161774672932
16,0,18.4672424413758,8.216610819690366,0.0977560799467042,1.458632724846415,0.0
16,1,18.4672424413758,8.216610819690366,0.0977560799467042,1.5211961505482745,0.0012004231371838987
17,0,18.4672424413758,8.216610819690366,0.0977560799467042,1.506295821122119,0.0
17,1,18.4672424413758,8.216610819690366,0.0977560799467042,1.5660316697838224,0.0012977747387254762
18,0,18.4672424413758,8.216610819690366,0.0977560799467042,1.55696656338769,0.0
18,1,18.4672424413758,8.216610819690366,0.0977560799467042,1.6140137291461363,0.0013376115708191153
19,0,18.4672424413758,8.216610819690366,0.0977560799467042,1.6092094159829027,0.0
19,1,18.4672424413758,8.216610819690366,0.0977560799467042,1.6637254753039068,0.0013313940212335289
0,0,25.806367416245845,8.866411261527283,0.0678124043298422,0.6931471805599441,0.0
0,1,25.806367416245845,8.866411261527283,0.0678124043298422,0.7520386983881371,0.0
1,0,25.806367416245845,8.866411261527283,0.0678124043298422,0.751494086529792,0.0
1,1,25.806367416245845,8.866411261527283,0.0678124043298422,0.8382492327091904,3.295482055962951e-81
2,0,25.806367416245845,8.866411261527283,0.0678124043298422,0.8333647042781198,0.0
2,1,25.806367416245845,8.866411261527283,0.0678124043298422,0.9289942342619237,5.905147618294485e-27
3,0,25.806367416245845,8.866411261527283,0.0678124043298422,0.9204604818463348,0.0
3,1,25.806367416245845,8.866411261527283,0.0678124043298422,1.0173393024838693,3.3978532568678827e-17
4,0,25.806367416245845,8.866411261527283,0.0678124043298422,1.004762427567903,0.0
4,1,25.806367416245845,8.866411261527283,0.0678124043298422,1.0998096616502968,1.9497666886081064e-13
5,0,25.806367416245845,8.866411261527283,0.0678124043298422,1.08358856335439,0.0
5,1,25.806367416245845,8.866411261527283,0.0678124043298422,1.1755796726021979,1.4604189748767252e-11
6,0,25.806367416245845,8.866411261527283,0.0678124043298422,1.156224816458647,0.0
6,1,25.806367416245845,8.866411261527283,0.0678124043298422,1.2447192230394417,1.0877337845310657e-09
7,0,25.806367416245845,8.866411261527283,0.0678124043298422,1.2226840533505492,0.0
7,1,25.806367416245845,8.866411261527283,0.0678124043298422,1.3076082414554078,6.795312414735888e-08
8,0,25.806367416245845,8.866411261527283,0.0678124043298422,1.283171670249259,0.0
8,1,25.806367416245845,8.866411261527283,0.0678124043298422,1.36460703690055,1.4418630824976486e-06
9,0,25.806367416245845,8.866411261527283,0.0678124043298422,1.337939940108089,0.0
9,1,25.806367416245845,8.866411261527283,0.0678124043298422,1.4160323307238407,1.3622656132076957e-05
10,0,25.806367416245845,8.866411261527283,0.0678124043298422,1.387130630530204,0.0
10,1,25.806367416245845,8.866411261527283,0.0678124043298422,1.4620533354031,7.30811879185675e-05
11,0,25.806367416245845,8.866411261527283,0.0678124043298422,1.4310281285510273,0.0
11,1,25.806367416245845,8.866411261527283,0.0678124043298422,1.502956591349043,0.00027097488630324184
12,0,25.806367416245845,8.866411261527283,0.0678124043298422,1.470113391185111,0.0
12,1,25.806367416245845,8.866411261527283,0.0678124043298422,1.5392086439042942,0.0007733498107665459
13,0,25.806367416245845,8.866411261527283,0.0678124043298422,1.5053832598143668,0.0
13,1,25.806367416245845,8.866411261527283,0.0678124043298422,1.5717838703990663,0.0018117050520528482
14,0,25.806367416245845,8.866411261527283,0.0678124043298422,1.5383503011126607,0.0
14,1,25.806367416245845,8.866411261527283,0.0678124043298422,1.6021685244187625,0.003611575396885218
15,0,25.806367416245845,8.866411261527283,0.0678124043298422,1.5707750793617339,0.0
15,1,25.806367416245845,8.866411261527283,0.0678124043298422,1.6320972414423922,0.006264585736915658
16,0,25.806367416245845,8.866411261527283,0.0678124043298422,1.6042876042968284,0.0
16,1,25.806367416245845,8.866411261527283,0.0678124043298422,1.6631807461597838,0.009634714415693663
17,0,25.806367416245845,8.866411261527283,0.0678124043298422,1.64007057665864,0.0
17,1,25.806367416245845,8.866411261527283,0.0678124043298422,1.6965925444356564,0.013379560372099482
18,0,25.806367416245845,8.866411261527283,0.0678124043298422,1.6786772404553725,0.0
18,1,25.806367416245845,8.866411261527283,0.0678124043298422,1.73288734342456,0.017068370522708654
19,0,25.806367416245845,8.866411261527283,0.0678124043298422,1.7200365295358235,0.0
19,1,25.806367416245845,8.866411261527283,0.0678124043298422,1.7720039420901106,0.020318619974314993
0,0,36.06215715943463,9.521640850867392,0.0462946974734739,0.6931471805599441,0.0
0,1,36.06215715943463,9.521640850867392,0.0462946974734739,0.7520386983881371,0.0
1,0,36.06215715943463,9.521640850867392,0.0462946974734739,0.7519966059359268,0.0
1,1,36.06215715943463,9.521640850867392,0.0462946974734739,0.838648638168251,3.268024744346929e-113
2,0,36.06215715943463,9.521640850867392,0.0462946974734739,0.8373945384221052,0.0
2,1,36.06215715943463,9.521640850867392,0.0462946974734739,0.9323972916102706,3.081915550771374e-37
3,0,36.06215715943463,9.521640850867392,0.0462946974734739,0.9291420547265155,0.0
3,1,36.06215715943463,9.521640850867392,0.0462946974734739,1.0248493849045968,2.0330719056764014e-23
4,0,36.06215715943463,9.521640850867392,0.0462946974734739,1.0196290452543977,0.0
4,1,36.06215715943463,9.521640850867392,0.0462946974734739,1.1128924351853597,4.8283591257695575e-18
5,0,36.06215715943463,9.521640850867392,0.0462946974734739,1.1057553316857596,0.0
5,1,36.06215715943463,9.521640850867392,0.0462946974734739,1.1953464025333305,1.5852556470967117e-15
6,0,36.06215715943463,9.521640850867392,0.0462946974734739,1.1862712750918,0.0
6,1,36.06215715943463,9.521640850867392,0.0462946974734739,1.271822131746235,6.062373475028519e-13
7,0,36.06215715943463,9.521640850867392,0.0462946974734739,1.2610545527245096,0.0
7,1,36.06215715943463,9.521640850867392,0.0462946974734739,1.342570926336741,2.4259152169854346e-10
8,0,36.06215715943463,9.521640850867392,0.0462946974734739,1.3303851575874082,0.0
8,1,36.06215715943463,9.521640850867392,0.0462946974734739,1.4080390421260636,1.6306571004187966e-08
9,0,36.06215715943463,9.521640850867392,0.0462946974734739,1.3946248319092243,0.0
9,1,36.06215715943463,9.521640850867392,0.0462946974734739,1.468652051680504,3.445238856166509e-07
10,0,36.06215715943463,9.521640850867392,0.0462946974734739,1.4541211602173187,0.0
10,1,36.06215715943463,9.521640850867392,0.0462946974734739,1.524779382650781,3.382790870267437e-06
11,0,36.06215715943463,9.521640850867392,0.0462946974734739,1.509191358794609,0.0
11,1,36.06215715943463,9.521640850867392,0.0462946974734739,1.5767337559634833,2.0846063862812367e-05
12,0,36.06215715943463,9.521640850867392,0.0462946974734739,1.5600415699388943,0.0
12,1,36.06215715943463,9.521640850867392,0.0462946974734739,1.6247044989037351,9.365816585852073e-05
13,0,36.06215715943463,9.521640850867392,0.0462946974734739,1.6069180473977147,0.0
13,1,36.06215715943463,9.521640850867392,0.0462946974734739,1.6689171394008582,0.0003333736813072139
14,0,36.06215715943463,9.521640850867392,0.0462946974734739,1.6501012395597099,0.0
14,1,36.06215715943463,9.521640850867392,0.0462946974734739,1.7096289647601783,0.0009720848281462304
15,0,36.06215715943463,9.521640850867392,0.0462946974734739,1.6900209878632964,0.0
15,1,36.06215715943463,9.521640850867392,0.0462946974734739,1.7472437426347067,0.002372362116516134
16,0,36.06215715943463,9.521640850867392,0.0462946974734739,1.7273445416901807,0.0
16,1,36.06215715943463,9.521640850867392,0.0462946974734739,1.782401681921388,0.004959480940753365
17,0,36.06215715943463,9.521640850867392,0.0462946974734739,1.7629448766250513,0.0
17,1,36.06215715943463,9.521640850867392,0.0462946974734739,1.8159487302354616,0.00907902026311885
18,0,36.06215715943463,9.521640850867392,0.0462946974734739,1.7977922949002338,0.0
18,1,36.06215715943463,9.521640850867392,0.0462946974734739,1.8488302528614897,0.014821747620936819
19,0,36.06215715943463,9.521640850867392,0.0462946974734739,1.832812732670511,0.0
19,1,36.06215715943463,9.521640850867392,0.0462946974734739,1.8819521122273577,0.02189054562516443
0,0,50.3937326015545,10.18218987170719,0.0307055848225158,0.6931471805599441,0.0
0,1,50.3937326015545,10.18218987170719,0.0307055848225158,0.7520386983881371,0.0
1,0,50.3937326015545,10.18218987170719,0.0307055848225158,0.7520375279271374,0.0
1,1,50.3937326015545,10.18218987170719,0.0307055848225158,0.838681165598854,5.032705221225436e-158
2,0,50.3937326015545,10.18218987170719,0.0307055848225158,0.8384943565233209,0.0
2,1,50.3937326015545,10.18218987170719,0.0307055848225158,0.933329824034791,1.2050350745935106e-51
3,0,50.3937326015545,10.18218987170719,0.0307055848225158,0.9323614104361638,0.0
3,1,50.3937326015545,10.18218987170719,0.0307055848225158,1.0276562707676318,3.038096737785225e-32
4,0,50.3937326015545,10.18218987170719,0.0307055848225158,1.0258125101681212,0.0
4,1,50.3937326015545,10.18218987170719,0.0307055848225158,1.1183798562641718,1.383500916341249e-24
5,0,50.3937326015545,10.18218987170719,0.0307055848225158,1.1157143218177443,0.0
5,1,50.3937326015545,10.18218987170719,0.0307055848225158,1.2042923426098355,4.332030108435052e-21
6,0,50.3937326015545,10.18218987170719,0.0307055848225158,1.20069051389236,0.0
6,1,50.3937326015545,10.18218987170719,0.0307055848225158,1.2849005411307817,2.4908747657798914e-17
7,0,50.3937326015545,10.18218987170719,0.0307055848225158,1.2803200224298916,0.0
7,1,50.3937326015545,10.18218987170719,0.0307055848225158,1.360183007636789,1.7325288732556192e-13
8,0,50.3937326015545,10.18218987170719,0.0307055848225158,1.3547341368748618,0.0
8,1,50.3937326015545,10.18218987170719,0.0307055848225158,1.430445630161361,7.389907487251725e-11
9,0,50.3937326015545,10.18218987170719,0.0307055848225158,1.4242270518600737,0.0
9,1,50.3937326015545,10.18218987170719,0.0307055848225158,1.4960555330505558,5.0207965774141994e-09
10,0,50.3937326015545,10.18218987170719,0.0307055848225158,1.4891621288577852,0.0
10,1,50.3937326015545,10.18218987170719,0.0307055848225158,1.5573994573467642,1.0250529816639915e-07
11,0,50.3937326015545,10.18218987170719,0.0307055848225158,1.5499237825280754,0.0
11,1,50.3937326015545,10.18218987170719,0.0307055848225158,1.6148592794162973,1.015464174712276e-06
12,0,50.3937326015545,10.18218987170719,0.0307055848225158,1.6068641946598636,0.0
12,1,50.3937326015545,10.18218987170719,0.0307055848225158,1.6687703102953437,6.278593179323151e-06
13,0,50.3937326015545,10.18218987170719,0.0307055848225158,1.6603049980498854,0.0
13,1,50.3937326015545,10.18218987170719,0.0307055848225158,1.7194329927639598,2.9108645377586655e-05
14,0,50.3937326015545,10.18218987170719,0.0307055848225158,1.7105051178519095,0.0
14,1,50.3937326015545,10.18218987170719,0.0307055848225158,1.7670838780481952,0.00010921262243302512
15,0,50.3937326015545,10.18218987170719,0.0307055848225158,1.7576898397577456,0.0
15,1,50.3937326015545,10.18218987170719,0.0307055848225158,1.8119249292735384,0.0003411337402181221
16,0,50.3937326015545,10.18218987170719,0.0307055848225158,1.8020540815004247,0.0
16,1,50.3937326015545,10.18218987170719,0.0307055848225158,1.8541278404563781,0.0009136681947876585
17,0,50.3937326015545,10.18218987170719,0.0307055848225158,1.8438443279978571,0.0
17,1,50.3937326015545,10.18218987170719,0.0307055848225158,1.8939163401580361,0.0021612591842744954
18,0,50.3937326015545,10.18218987170719,0.0307055848225158,1.8833797942582238,0.0
18,1,50.3937326015545,10.18218987170719,0.0307055848225158,1.9315870839817193,0.004578283029142086
19,0,50.3937326015545,10.18218987170719,0.0307055848225158,1.9210785641885288,0.0
19,1,50.3937326015545,10.18218987170719,0.0307055848225158,1.9675357949574428,0.008715258977077665
0,0,70.42086457250619,10.835345879555764,0.0197012948815759,0.6931471805599441,0.0
0,1,70.42086457250619,10.835345879555764,0.0197012948815759,0.7520386983881371,0.0
1,0,70.42086457250619,10.835345879555764,0.0197012948815759,0.7520386905547941,0.0
1,1,70.42086457250619,10.835345879555764,0.0197012948815759,0.8386820897316749,1.2547185058476144e-220
2,0,70.42086457250619,10.835345879555764,0.0197012948815759,0.8386691328875314,0.0
2,1,70.42086457250619,10.835345879555764,0.0197012948815759,0.9334781715064401,9.09787903595934e-72
3,0,70.42086457250619,10.835345879555764,0.0197012948815759,0.9332930493022731,0.0
3,1,70.42086457250619,10.835345879555764,0.0197012948815759,1.0284707683103158,1.5564952758957092e-44
4,0,70.42086457250619,10.835345879555764,0.0197012948815759,1.0279411837429535,0.0
4,1,70.42086457250619,10.835345879555764,0.0197012948815759,1.1202767222153331,1.1736003788290387e-33
5,0,70.42086457250619,10.835345879555764,0.0197012948815759,1.1194131309088413,0.0
5,1,70.42086457250619,10.835345879555764,0.0197012948815759,1.2076304907593873,8.045344573594218e-29
6,0,70.42086457250619,10.835345879555764,0.0197012948815759,1.2064018390255857,0.0
6,1,70.42086457250619,10.835345879555764,0.0197012948815759,1.2901020351617707,4.421897596352405e-23
7,0,70.42086457250619,10.835345879555764,0.0197012948815759,1.288453509942701,0.0
7,1,70.42086457250619,10.835345879555764,0.0197012948815759,1.3676453837473834,1.825747274236058e-17
8,0,70.42086457250619,10.835345879555764,0.0197012948815759,1.3655563926115306,0.0
8,1,70.42086457250619,10.835345879555764,0.0197012948815759,1.440435170212875,1.2573901815169196e-13
9,0,70.42086457250619,10.835345879555764,0.0197012948815759,1.437913763394829,0.0
9,1,70.42086457250619,10.835345879555764,0.0197012948815759,1.508754297285722,5.756429030190027e-11
10,0,70.42086457250619,10.835345879555764,0.0197012948815759,1.5058387384620984,0.0
10,1,70.42086457250619,10.835345879555764,0.0197012948815759,1.5729409896954383,4.201756779459027e-09
11,0,70.42086457250619,10.835345879555764,0.0197012948815759,1.5696738143085227,0.0
11,1,70.42086457250619,10.835345879555764,0.0197012948815759,1.633336361906512,8.396225609262969e-08
12,0,70.42086457250619,10.835345879555764,0.0197012948815759,1.6297593635495846,0.0
12,1,70.42086457250619,10.835345879555764,0.0197012948815759,1.6902668385329709,7.082276743479457e-07
13,0,70.42086457250619,10.835345879555764,0.0197012948815759,1.6864226763562522,0.0
13,1,70.42086457250619,10.835345879555764,0.0197012948815759,1.7440397982270022,3.584471647552221e-06
14,0,70.42086457250619,10.835345879555764,0.0197012948815759,1.739979133700929,0.0
14,1,70.42086457250619,10.835345879555764,0.0197012948815759,1.7949484446055985,1.3709416423749343e-05
15,0,70.42086457250619,10.835345879555764,0.0197012948815759,1.7907128523998694,0.0
15,1,70.42086457250619,10.835345879555764,0.0197012948815759,1.8432541719866404,4.459453480653196e-05
16,0,70.42086457250619,10.835345879555764,0.0197012948815759,1.838861082932762,0.0
16,1,70.42086457250619,10.835345879555764,0.0197012948815759,1.8891720872970914,0.0001298560052387095
17,0,70.42086457250619,10.835345879555764,0.0197012948815759,1.8846300015886819,0.0
17,1,70.42086457250619,10.835345879555764,0.0197012948815759,1.9328879534339163,0.0003465345952600356
18,0,70.42086457250619,10.835345879555764,0.0197012948815759,1.9282135805226797,0.0
18,1,70.42086457250619,10.835345879555764,0.0197012948815759,1.9745766698122251,0.000852275718483274
19,0,70.42086457250619,10.835345879555764,0.0197012948815759,1.969817345861008,0.0
19,1,70.42086457250619,10.835345879555764,0.0197012948815759,2.0144251836634894,0.001930920419513418
0,0,98.40704212861336,11.493228383667637,0.0117385566682873,0.6931471805599441,0.0
0,1,98.40704212861336,11.493228383667637,0.0117385566682873,0.7520386983881371,0.0
1,0,98.40704212861336,11.493228383667637,0.0117385566682873,0.7520386983809692,0.0
1,1,98.40704212861336,11.493228383667637,0.0117385566682873,0.8386820959524328,4.598452004904108e-308
2,0,98.40704212861336,11.493228383667637,0.0117385566682873,0.8386817854847074,0.0
2,1,98.40704212861336,11.493228383667637,0.0117385566682873,0.9334889123873975,7.231531843962221e-100
3,0,98.40704212861336,11.493228383667637,0.0117385566682873,0.9334707194646762,0.0
3,1,98.40704212861336,11.493228383667637,0.0117385566682873,1.028626109515742,1.0350300134811588e-61
4,0,98.40704212861336,11.493228383667637,0.0117385566682873,1.0285202355619905,0.0
4,1,98.40704212861336,11.493228383667637,0.0117385566682873,1.120793212378795,2.530875282387424e-46
5,0,98.40704212861336,11.493228383667637,0.0117385566682873,1.120559226714597,0.0
5,1,98.40704212861336,11.493228383667637,0.0117385566682873,1.2086671658007786,1.3878993385098783e-39
6,0,98.40704212861336,11.493228383667637,0.0117385566682873,1.2083035731351823,0.0
6,1,98.40704212861336,11.493228383667637,0.0117385566682873,1.2918387931141648,3.751652957475816e-31
7,0,98.40704212861336,11.493228383667637,0.0117385566682873,1.291336548789221,0.0
7,1,98.40704212861336,11.493228383667637,0.0117385566682873,1.370298295246004,3.3227804253751495e-23
8,0,98.40704212861336,11.493228383667637,0.0117385566682873,1.369628687802237,0.0
8,1,98.40704212861336,11.493228383667637,0.0117385566682873,1.4442058764837542,1.1605876016633924e-17
9,0,98.40704212861336,11.493228383667637,0.0117385566682873,1.4433512577274583,0.0
9,1,98.40704212861336,11.493228383667637,0.0117385566682873,1.5138152696695384,7.411533644207785e-14
10,0,98.40704212861336,11.493228383667637,0.0117385566682873,1.5127731953138688,0.0
10,1,98.40704212861336,11.493228383667637,0.0117385566682873,1.579423082622354,3.5880014571943344e-11
11,0,98.40704212861336,11.493228383667637,0.0117385566682873,1.578198852259947,0.0
11,1,98.40704212861336,11.493228383667637,0.0117385566682873,1.6413339986004454,2.8365772043155585e-09
12,0,98.40704212861336,11.493228383667637,0.0117385566682873,1.639936766671009,0.0
12,1,98.40704212861336,11.493228383667637,0.0117385566682873,1.6998438638542437,6.044425851513768e-08
13,0,98.40704212861336,11.493228383667637,0.0117385566682873,1.6982893730806872,0.0
13,1,98.40704212861336,11.493228383667637,0.0117385566682873,1.7552361474422247,5.164409627409288e-07
14,0,98.40704212861336,11.493228383667637,0.0117385566682873,1.7535397430402158,0.0
14,1,98.40704212861336,11.493228383667637,0.0117385566682873,1.8077723146583375,2.525741967555395e-06
15,0,98.40704212861336,11.493228383667637,0.0117385566682873,1.8059557064361376,0.0
15,1,98.40704212861336,11.493228383667637,0.0117385566682873,1.8576983098901965,9.211508857630542e-06
16,0,98.40704212861336,11.493228383667637,0.0117385566682873,1.855785232100573,0.0
16,1,98.40704212861336,11.493228383667637,0.0117385566682873,1.905240884468116,2.8273546495573497e-05
17,0,98.40704212861336,11.493228383667637,0.0117385566682873,1.9032589420378436,0.0
17,1,98.40704212861336,11.493228383667637,0.0117385566682873,1.9506106948484823,7.676057397660103e-05
18,0,98.40704212861336,11.493228383667637,0.0117385566682873,1.9485937597714504,0.0
18,1,98.40704212861336,11.493228383667637,0.0117385566682873,1.9940062883137295,0.00018989856104229344
19,0,98.40704212861336,11.493228383667637,0.0117385566682873,1.9919910870150244,0.0
19,1,98.40704212861336,11.493228383667637,0.0117385566682873,2.0356118837470456,0.00043841413624003974
0,0,137.51529464015564,12.04359120448903,0.0069508298887387,0.6931471805599441,0.0
0,1,137.51529464015564,12.04359120448903,0.0069508298887387,0.7520386983881371,0.0
1,0,137.51529464015564,12.04359120448903,0.0069508298887387,0.7520386983881368,0.0
1,1,137.51529464015564,12.04359120448903,0.0069508298887387,0.83868209595813,0.0
2,0,137.51529464015564,12.04359120448903,0.0069508298887387,0.8386820942699464,0.0
2,1,137.51529464015564,12.04359120448903,0.0069508298887387,0.9334891745198197,4.124895702215012e-139
3,0,137.51529464015564,12.04359120448903,0.0069508298887387,0.9334884724612491,0.0
3,1,137.51529464015564,12.04359120448903,0.0069508298887387,1.02864162681882,1.063468259145388e-85
4,0,137.51529464015564,12.04359120448903,0.0069508298887387,1.02863006588245,0.0
4,1,137.51529464015564,12.04359120448903,0.0069508298887387,1.1208911338813727,5.3008475588431726e-64
5,0,137.51529464015564,12.04359120448903,0.0069508298887387,1.1208461850777165,0.0
5,1,137.51529464015564,12.04359120448903,0.0069508298887387,1.2089268694190693,1.2350278435663967e-54
6,0,137.51529464015564,12.04359120448903,0.0069508298887387,1.2088380480303869,0.0
6,1,137.51529464015564,12.04359120448903,0.0069508298887387,1.2923277078188873,1.5762636801012844e-42
7,0,137.51529464015564,12.04359120448903,0.0069508298887387,1.2921955498337032,0.0
7,1,137.51529464015564,12.04359120448903,0.0069508298887387,1.3710904356898834,2.28621804770828e-31
8,0,137.51529464015564,12.04359120448903,0.0069508298887387,1.3709097415413987,0.0
8,1,137.51529464015564,12.04359120448903,0.0069508298887387,1.4453949145439176,1.957282259185317e-23
9,0,137.51529464015564,12.04359120448903,0.0069508298887387,1.4451576942245516,0.0
9,1,137.51529464015564,12.04359120448903,0.0069508298887387,1.5155007525348594,5.181276785385341e-18
10,0,137.51529464015564,12.04359120448903,0.0069508298887387,1.515197092701581,0.0
10,1,137.51529464015564,12.04359120448903,0.0069508298887387,1.5816946044621798,3.492622537477134e-14
11,0,137.51529464015564,12.04359120448903,0.0069508298887387,1.5813184555094668,0.0
11,1,137.51529464015564,12.04359120448903,0.0069508298887387,1.644268545964925,1.940894457582468e-11
12,0,137.51529464015564,12.04359120448903,0.0069508298887387,1.643817999790745,0.0
12,1,137.51529464015564,12.04359120448903,0.0069508298887387,1.7035066076081857,1.804958950693514e-09
13,0,137.51529464015564,12.04359120448903,0.0069508298887387,1.7029843320670097,0.0
13,1,137.51529464015564,12.04359120448903,0.0069508298887387,1.7596787682799993,4.406538860007615e-08
14,0,137.51529464015564,12.04359120448903,0.0069508298887387,1.759084955662725,0.0
14,1,137.51529464015564,12.04359120448903,0.0069508298887387,1.8130313208212847,4.053288241222796e-07
15,0,137.51529464015564,12.04359120448903,0.0069508298887387,1.8123676140707259,0.0
15,1,137.51529464015564,12.04359120448903,0.0069508298887387,1.863790556291856,2.014270216921045e-06
16,0,137.51529464015564,12.04359120448903,0.0069508298887387,1.8630618904089618,0.0
16,1,137.51529464015564,12.04359120448903,0.0069508298887387,1.9121654105988921,7.2763902369118725e-06
17,0,137.51529464015564,12.04359120448903,0.0069508298887387,1.911380528159902,0.0
17,1,137.51529464015564,12.04359120448903,0.0069508298887387,1.9583491906882091,2.1767208135992877e-05
18,0,137.51529464015564,12.04359120448903,0.0069508298887387,1.9575231208839972,0.0
18,1,137.51529464015564,12.04359120448903,0.0069508298887387,2.0025234600837787,5.754663810559409e-05
19,0,137.51529464015564,12.04359120448903,0.0069508298887387,2.0016766680467297,0.0
19,1,137.51529464015564,12.04359120448903,0.0069508298887387,2.044858668356496,0.00013994754958261213
0,0,192.1656809403309,12.427026173012427,0.004550258757946,0.6931471805599441,0.0
0,1,192.1656809403309,12.427026173012427,0.004550258757946,0.7520386983881371,0.0
1,0,192.1656809403309,12.427026173012427,0.004550258757946,0.7520386983881371,0.0
1,1,192.1656809403309,12.427026173012427,0.004550258757946,0.8386820959581303,0.0
2,0,192.1656809403309,12.427026173012427,0.004550258757946,0.8386820959569747,0.0
2,1,192.1656809403309,12.427026173012427,0.004550258757946,0.9334891759519636,6.224809849859001e-194
3,0,192.1656809403309,12.427026173012427,0.004550258757946,0.9334891685590215,0.0
3,1,192.1656809403309,12.427026173012427,0.004550258757946,1.0286422351863034,3.3278127325054283e-119
4,0,192.1656809403309,12.427026173012427,0.004550258757946,1.028641718789431,0.0
4,1,192.1656809403309,12.427026173012427,0.004550258757946,1.1209015168119625,1.0595993739147537e-88
5,0,192.1656809403309,12.427026173012427,0.004550258757946,1.120896772576315,0.0
5,1,192.1656809403309,12.427026173012427,0.004550258757946,1.2089726360870054,1.2121939893868445e-75
6,0,192.1656809403309,12.427026173012427,0.004550258757946,1.2089574143974673,0.0
6,1,192.1656809403309,12.427026173012427,0.004550258757946,1.2924369649202223,1.8579374973354272e-58
7,0,192.1656809403309,12.427026173012427,0.004550258757946,1.2924085571407198,0.0
7,1,192.1656809403309,12.427026173012427,0.004550258757946,1.3712871186436622,8.655989803307922e-43
8,0,192.1656809403309,12.427026173012427,0.004550258757946,1.3712454470284277,0.0
8,1,192.1656809403309,12.427026173012427,0.004550258757946,1.4457070109119097,1.5735833252683902e-31
9,0,192.1656809403309,12.427026173012427,0.004550258757946,1.4456516123657333,0.0
9,1,192.1656809403309,12.427026173012427,0.004550258757946,1.5159624008433146,7.981066213285146e-24
10,0,192.1656809403309,12.427026173012427,0.004550258757946,1.5158904511418956,0.0
10,1,192.1656809403309,12.427026173012427,0.004550258757946,1.5823456034056929,2.1462620349873866e-18
11,0,192.1656809403309,12.427026173012427,0.004550258757946,1.5822537609869838,0.0
11,1,192.1656809403309,12.427026173012427,0.004550258757946,1.6451501721534683,1.8190217352760732e-14
12,0,192.1656809403309,12.427026173012427,0.004550258757946,1.6450355211294774,0.0
12,1,192.1656809403309,12.427026173012427,0.004550258757946,1.7046581678592285,1.318858799020371e-11
13,0,192.1656809403309,12.427026173012427,0.004550258757946,1.704519029299283,0.0
13,1,192.1656809403309,12.427026173012427,0.004550258757946,1.7611344977784296,1.4955950406664298e-09
14,0,192.1656809403309,12.427026173012427,0.004550258757946,1.7609695673242962,0.0
14,1,192.1656809403309,12.427026173012427,0.004550258757946,1.8148234620517156,4.018907481813012e-08
15,0,192.1656809403309,12.427026173012427,0.004550258757946,1.8146313032637793,0.0
15,1,192.1656809403309,12.427026173012427,0.004550258757946,1.8659478725413616,3.685319509294807e-07
16,0,192.1656809403309,12.427026173012427,0.004550258757946,1.8657281975239595,0.0
16,1,192.1656809403309,12.427026173012427,0.004550258757946,1.9147111052437582,1.7261483811015744e-06
17,0,192.1656809403309,12.427026173012427,0.004550258757946,1.9144638800345193,0.0
17,1,192.1656809403309,12.427026173012427,0.004550258757946,1.9612974777822496,6.0402468633588595e-06
18,0,192.1656809403309,12.427026173012427,0.004550258757946,1.961023320541963,0.0
18,1,192.1656809403309,12.427026173012427,0.004550258757946,2.005874166730181,1.8271378244432827e-05
19,0,192.1656809403309,12.427026173012427,0.004550258757946,2.0055763745016284,0.0
19,1,192.1656809403309,12.427026173012427,0.004550258757946,2.0485948238328833,4.989283748435577e-05
0,0,268.5348493626968,12.649675324913447,0.0035488677168109,0.6931471805599441,0.0
0,1,268.5348493626968,12.649675324913447,0.0035488677168109,0.7520386983881371,0.0
1,0,268.5348493626968,12.649675324913447,0.0035488677168109,0.7520386983881371,0.0
1,1,268.5348493626968,12.649675324913447,0.0035488677168109,0.8386820959581303,0.0
2,0,268.5348493626968,12.649675324913447,0.0035488677168109,0.8386820959581305,0.0
2,1,268.5348493626968,12.649675324913447,0.0035488677168109,0.9334891759529447,1.5887720476096486e-270
3,0,268.5348493626968,12.649675324913447,0.0035488677168109,0.9334891759402112,0.0
3,1,268.5348493626968,12.649675324913447,0.0035488677168109,1.0286422416371113,5.350934808132274e-166
4,0,268.5348493626968,12.649675324913447,0.0035488677168109,1.028642235034585,0.0
4,1,268.5348493626968,12.649675324913447,0.0035488677168109,1.1209019766431496,3.2636437787838835e-123
5,0,268.5348493626968,12.649675324913447,0.0035488677168109,1.120901774539628,0.0
5,1,268.5348493626968,12.649675324913447,0.0035488677168109,1.2089771588577471,5.828315675075375e-105
6,0,268.5348493626968,12.649675324913447,0.0035488677168109,1.208975762193509,0.0
6,1,268.5348493626968,12.649675324913447,0.0035488677168109,1.2924537572818056,8.876027596561542e-81
7,0,268.5348493626968,12.649675324913447,0.0035488677168109,1.2924496348140395,0.0
7,1,268.5348493626968,12.649675324913447,0.0035488677168109,1.3713250695139565,8.655629694484201e-59
8,0,268.5348493626968,12.649675324913447,0.0035488677168109,1.3713174818167253,0.0
8,1,268.5348493626968,12.649675324913447,0.0035488677168109,1.4457740476751693,6.6939860393773735e-43
9,0,268.5348493626968,12.649675324913447,0.0035488677168109,1.4457630450958074,0.0
9,1,268.5348493626968,12.649675324913447,0.0035488677168109,1.5160666935449723,5.723532176117722e-32
10,0,268.5348493626968,12.649675324913447,0.0035488677168109,1.516052248124182,0.0
10,1,268.5348493626968,12.649675324913447,0.0035488677168109,1.582497746112796,2.6811917363254103e-24
11,0,268.5348493626968,12.649675324913447,0.0035488677168109,1.5824794818998043,0.0
11,1,268.5348493626968,12.649675324913447,0.0035488677168109,1.6453632696287839,1.0251198642681916e-18
12,0,268.5348493626968,12.649675324913447,0.0035488677168109,1.6453403321919124,0.0
12,1,268.5348493626968,12.649675324913447,0.0035488677168109,1.7049469245065854,1.1555124519983786e-14
13,0,268.5348493626968,12.649675324913447,0.0035488677168109,1.7049183384702777,0.0
13,1,268.5348493626968,12.649675324913447,0.0035488677168109,1.7615139016259727,1.0097654759181111e-11
14,0,268.5348493626968,12.649675324913447,0.0035488677168109,1.7614788104476609,0.0
14,1,268.5348493626968,12.649675324913447,0.0035488677168109,1.815308618561565,1.2697535969914742e-09
15,0,268.5348493626968,12.649675324913447,0.0035488677168109,1.8152661796158407,0.0
15,1,268.5348493626968,12.649675324913447,0.0035488677168109,1.8665541996755068,3.5803899685428615e-08
16,0,268.5348493626968,12.649675324913447,0.0035488677168109,1.8665039335365656,0.0
16,1,268.5348493626968,12.649675324913447,0.0035488677168109,1.9154535513482136,3.314179112260306e-07
17,0,268.5348493626968,12.649675324913447,0.0035488677168109,1.915394857032735,0.0
17,1,268.5348493626968,12.649675324913447,0.0035488677168109,1.9621901603373428,1.5498039492769097e-06
18,0,268.5348493626968,12.649675324913447,0.0035488677168109,1.9621221530424917,0.0
18,1,268.5348493626968,12.649675324913447,0.0035488677168109,2.006929485829466,5.642128025770969e-06
19,0,268.5348493626968,12.649675324913447,0.0035488677168109,2.0068516855186234,0.0
19,1,268.5348493626968,12.649675324913447,0.0035488677168109,2.0498212708506838,1.7996331681970902e-05
0,0,375.2541295062848,12.768075554858491,0.003167476512129,0.6931471805599441,0.0
0,1,375.2541295062848,12.768075554858491,0.003167476512129,0.7520386983881371,0.0
1,0,375.2541295062848,12.768075554858491,0.003167476512129,0.7520386983881371,0.0
1,1,375.2541295062848,12.768075554858491,0.003167476512129,0.8386820959581303,0.0
2,0,375.2541295062848,12.768075554858491,0.003167476512129,0.8386820959581303,0.0
2,1,375.2541295062848,12.768075554858491,0.003167476512129,0.9334891759529447,0.0
3,0,375.2541295062848,12.768075554858491,0.003167476512129,0.9334891759529429,0.0
3,1,375.2541295062848,12.768075554858491,0.003167476512129,1.028642241648238,2.3159325278996798e-231
4,0,375.2541295062848,12.768075554858491,0.003167476512129,1.0286422416333931,0.0
4,1,375.2541295062848,12.768075554858491,0.003167476512129,1.1209019825202993,1.9693481540411574e-171
5,0,375.2541295062848,12.768075554858491,0.003167476512129,1.1209019801262186,0.0
5,1,375.2541295062848,12.768075554858491,0.003167476512129,1.2089773446792396,7.044654369380809e-146
6,0,375.2541295062848,12.768075554858491,0.003167476512129,1.208977295765285,0.0
6,1,375.2541295062848,12.768075554858491,0.003167476512129,1.2924551603215098,5.4812318325945085e-112
7,0,375.2541295062848,12.768075554858491,0.003167476512129,1.2924548608040816,0.0
7,1,375.2541295062848,12.768075554858491,0.003167476512129,1.3713298977992268,3.798648277007087e-81
8,0,375.2541295062848,12.768075554858491,0.003167476512129,1.3713290223358134,0.0
8,1,375.2541295062848,12.768075554858491,0.003167476512129,1.445784792826785,8.447017272536438e-59
9,0,375.2541295062848,12.768075554858491,0.003167476512129,1.445783151050572,0.0
9,1,375.2541295062848,12.768075554858491,0.003167476512129,1.5160855284290742,2.5644633113081094e-43
10,0,375.2541295062848,12.768075554858491,0.003167476512129,1.5160831197986657,0.0
10,1,375.2541295062848,12.768075554858491,0.003167476512129,1.5825268087913886,1.463577895992587e-32
11,0,375.2541295062848,12.768075554858491,0.003167476512129,1.582523687248516,0.0
11,1,375.2541295062848,12.768075554858491,0.003167476512129,1.64540505378329,1.2225601076949703e-24
12,0,375.2541295062848,12.768075554858491,0.003167476512129,1.6454011990666473,0.0
12,1,375.2541295062848,12.768075554858491,0.003167476512129,1.705004656507339,6.402165787603054e-19
13,0,375.2541295062848,12.768075554858491,0.003167476512129,1.7049999600887282,0.0
13,1,375.2541295062848,12.768075554858491,0.003167476512129,1.7615915514378877,9.588373468257215e-15
14,0,375.2541295062848,12.768075554858491,0.003167476512129,1.7615858098229609,0.0
14,1,375.2541295062848,12.768075554858491,0.003167476512129,1.8154106850516711,1.004450357955594e-11
15,0,375.2541295062848,12.768075554858491,0.003167476512129,1.8154036472840662,0.0
15,1,375.2541295062848,12.768075554858491,0.003167476512129,1.8666856563918797,1.3642746214926931e-09
16,0,375.2541295062848,12.768075554858491,0.003167476512129,1.8666771018374624,0.0
16,1,375.2541295062848,12.768075554858491,0.003167476512129,1.9156195182940805,3.987248263175478e-08
17,0,375.2541295062848,12.768075554858491,0.003167476512129,1.9156092078238258,0.0
17,1,375.2541295062848,12.768075554858491,0.003167476512129,1.9623960224678423,3.6517318526797226e-07
18,0,375.2541295062848,12.768075554858491,0.003167476512129,1.9623836543542217,0.0
18,1,375.2541295062848,12.768075554858491,0.003167476512129,2.0071811240397497,1.703327569569551e-06
19,0,375.2541295062848,12.768075554858491,0.003167476512129,2.0071664342493727,0.0
19,1,375.2541295062848,12.768075554858491,0.003167476512129,2.0501247022434024,6.819909576676525e-06
0,0,524.3850548474869,12.831026755674376,0.0030224479186923,0.6931471805599441,0.0
0,1,524.3850548474869,12.831026755674376,0.0030224479186923,0.7520386983881371,0.0
1,0,524.3850548474869,12.831026755674376,0.0030224479186923,0.7520386983881371,0.0
1,1,524.3850548474869,12.831026755674376,0.0030224479186923,0.8386820959581303,0.0
2,0,524.3850548474869,12.831026755674376,0.0030224479186923,0.8386820959581303,0.0
2,1,524.3850548474869,12.831026755674376,0.0030224479186923,0.9334891759529447,0.0
3,0,524.3850548474869,12.831026755674376,0.0030224479186923,0.9334891759529447,0.0
3,1,524.3850548474869,12.831026755674376,0.0030224479186923,1.0286422416482393,1.1e-322
4,0,524.3850548474869,12.831026755674376,0.0030224479186923,1.0286422416482366,0.0
4,1,524.3850548474869,12.831026755674376,0.0030224479186923,1.1209019825335194,8.288134201022275e-239
5,0,524.3850548474869,12.831026755674376,0.0030224479186923,1.1209019825287156,0.0
5,1,524.3850548474869,12.831026755674376,0.0030224479186923,1.208977346850443,5.196814433061262e-203
6,0,524.3850548474869,12.831026755674376,0.0030224479186923,1.2089773464132747,0.0
6,1,524.3850548474869,12.831026755674376,0.0030224479186923,1.2924552066440733,1.307460458559653e-155
7,0,524.3850548474869,12.831026755674376,0.0030224479186923,1.2924551991264093,0.0
7,1,524.3850548474869,12.831026755674376,0.0030224479186923,1.37133021029434,2.197973881496079e-112
8,0,524.3850548474869,12.831026755674376,0.0030224479186923,1.371330164727609,0.0
8,1,524.3850548474869,12.831026755674376,0.0030224479186923,1.4457858565206279,5.020730374375823e-81
9,0,524.3850548474869,12.831026755674376,0.0030224479186923,1.445785716322818,0.0
9,1,524.3850548474869,12.831026755674376,0.0030224479186923,1.5160879324921797,3.6689746266741603e-59
10,0,524.3850548474869,12.831026755674376,0.0030224479186923,1.5160876537955854,0.0
10,1,524.3850548474869,12.831026755674376,0.0030224479186923,1.582531080088059,3.991617295026001e-44
11,0,524.3850548474869,12.831026755674376,0.0030224479186923,1.582530656084815,0.0
11,1,524.3850548474869,12.831026755674376,0.0030224479186923,1.6454116468750564,6.742410964709835e-33
12,0,524.3850548474869,12.831026755674376,0.0030224479186923,1.6454110920467746,0.0
12,1,524.3850548474869,12.831026755674376,0.0030224479186923,1.7050140494171866,7.559970126788707e-25
13,0,524.3850548474869,12.831026755674376,0.0030224479186923,1.7050133774438905,0.0
13,1,524.3850548474869,12.831026755674376,0.0030224479186923,1.7616043291567838,6.203268225793903e-19
14,0,524.3850548474869,12.831026755674376,0.0030224479186923,1.7616035373502803,0.0
14,1,524.3850548474869,12.831026755674376,0.0030224479186923,1.8154276122617599,1.2466715917116211e-14
15,0,524.3850548474869,12.831026755674376,0.0030224479186923,1.8154266807618038,0.0
15,1,524.3850548474869,12.831026755674376,0.0030224479186923,1.8667077027278904,1.3831810377064659e-11
16,0,524.3850548474869,12.831026755674376,0.0030224479186923,1.8667065936799534,0.0
16,1,524.3850548474869,12.831026755674376,0.0030224479186923,1.9156478072213077,2.008552414820851e-09
17,0,524.3850548474869,12.831026755674376,0.0030224479186923,1.9156464705606966,0.0
17,1,524.3850548474869,12.831026755674376,0.0030224479186923,1.9624318385242887,6.149170061908093e-08
18,0,524.3850548474869,12.831026755674376,0.0030224479186923,1.9624301288732642,0.0
18,1,524.3850548474869,12.831026755674376,0.0030224479186923,2.0072258846689826,5.464146053666252e-07
19,0,524.3850548474869,12.831026755674376,0.0030224479186923,2.0072238777349263,0.0
19,1,524.3850548474869,12.831026755674376,0.0030224479186923,2.050180135366523,2.757606860815348e-06
0,0,732.78257086521,12.864847667578935,0.0029666736520709,0.6931471805599441,0.0
0,1,732.78257086521,12.864847667578935,0.0029666736520709,0.7520386983881371,0.0
1,0,732.78257086521,12.864847667578935,0.0029666736520709,0.7520386983881371,0.0
1,1,732.78257086521,12.864847667578935,0.0029666736520709,0.8386820959581303,0.0
2,0,732.78257086521,12.864847667578935,0.0029666736520709,0.8386820959581303,0.0
2,1,732.78257086521,12.864847667578935,0.0029666736520709,0.9334891759529447,0.0
3,0,732.78257086521,12.864847667578935,0.0029666736520709,0.9334891759529447,0.0
3,1,732.78257086521,12.864847667578935,0.0029666736520709,1.0286422416482393,0.0
4,0,732.78257086521,12.864847667578935,0.0029666736520709,1.0286422416482393,0.0
4,1,732.78257086521,12.864847667578935,0.0029666736520709,1.120901982533522,0.0
5,0,732.78257086521,12.864847667578935,0.0029666736520709,1.1209019825335211,0.0
5,1,732.78257086521,12.864847667578935,0.0029666736520709,1.2089773468547858,8.0529625504304235e-283
6,0,732.78257086521,12.864847667578935,0.0029666736520709,1.2089773468541978,0.0
6,1,732.78257086521,12.864847667578935,0.0029666736520709,1.2924552070472828,1.4571308158810978e-216
7,0,732.78257086521,12.864847667578935,0.0029666736520709,1.2924552070053685,0.0
7,1,732.78257086521,12.864847667578935,0.0029666736520709,1.3713302175700643,5.106617765700389e-156
8,0,732.78257086521,12.864847667578935,0.0029666736520709,1.3713302168610055,0.0
8,1,732.78257086521,12.864847667578935,0.0029666736520709,1.4457859050526405,4.421064751270382e-112
9,0,732.78257086521,12.864847667578935,0.0029666736520709,1.4457859004040596,0.0
9,1,732.78257086521,12.864847667578935,0.0029666736520709,1.5160881050020385,2.63147707327562e-81
10,0,732.78257086521,12.864847667578935,0.0029666736520709,1.516088089031742,0.0
10,1,732.78257086521,12.864847667578935,0.0029666736520709,1.5825314902057537,2.710654531858662e-60
11,0,732.78257086521,12.864847667578935,0.0029666736520709,1.5825314549622074,0.0
11,1,732.78257086521,12.864847667578935,0.0029666736520709,1.6454124030499826,2.077161417888767e-44
12,0,732.78257086521,12.864847667578935,0.0029666736520709,1.6454123451661435,0.0
12,1,732.78257086521,12.864847667578935,0.0029666736520709,1.7050152400011636,4.200590234009641e-33
13,0,732.78257086521,12.864847667578935,0.0029666736520709,1.705015161173984,0.0
13,1,732.78257086521,12.864847667578935,0.0029666736520709,1.7616060292140703,9.587157830126474e-25
14,0,732.78257086521,12.864847667578935,0.0029666736520709,1.761605933054856,0.0
14,1,732.78257086521,12.864847667578935,0.0029666736520709,1.815429901751715,1.2443690895406863e-18
15,0,732.78257086521,12.864847667578935,0.0029666736520709,1.8154297911162995,0.0
15,1,732.78257086521,12.864847667578935,0.0029666736520709,1.8667106821804542,2.3788135749770014e-14
16,0,732.78257086521,12.864847667578935,0.0029666736520709,1.866710557421448,0.0
16,1,732.78257086521,12.864847667578935,0.0029666736520709,1.915651612082989,2.9698720764221404e-11
17,0,732.78257086521,12.864847667578935,0.0029666736520709,1.915651471400492,0.0
17,1,732.78257086521,12.864847667578935,0.0029666736520709,1.9624366481395172,5.077082964469273e-09
18,0,732.78257086521,12.864847667578935,0.0029666736520709,1.9624364350363777,0.0
18,1,732.78257086521,12.864847667578935,0.0029666736520709,2.007231960943462,1.6549900274423017e-07
19,0,732.78257086521,12.864847667578935,0.0029666736520709,2.0072317899641625,0.0
19,1,732.78257086521,12.864847667578935,0.0029666736520709,2.050187772327155,1.3448812046637694e-06
0,0,1024.0,12.882310367103226,0.002946026712387,0.6931471805599441,0.0
0,1,1024.0,12.882310367103226,0.002946026712387,0.7520386983881371,0.0
1,0,1024.0,12.882310367103226,0.002946026712387,0.7520386983881371,0.0
1,1,1024.0,12.882310367103226,0.002946026712387,0.8386820959581303,0.0
2,0,1024.0,12.882310367103226,0.002946026712387,0.8386820959581303,0.0
2,1,1024.0,12.882310367103226,0.002946026712387,0.9334891759529447,0.0
3,0,1024.0,12.882310367103226,0.002946026712387,0.9334891759529447,0.0
3,1,1024.0,12.882310367103226,0.002946026712387,1.0286422416482393,0.0
4,0,1024.0,12.882310367103226,0.002946026712387,1.0286422416482393,0.0
4,1,1024.0,12.882310367103226,0.002946026712387,1.120901982533522,0.0
5,0,1024.0,12.882310367103226,0.002946026712387,1.120901982533522,0.0
5,1,1024.0,12.882310367103226,0.002946026712387,1.2089773468547866,0.0
6,0,1024.0,12.882310367103226,0.002946026712387,1.2089773468547864,0.0
6,1,1024.0,12.882310367103226,0.002946026712387,1.292455207047821,1.0145610250425027e-301
7,0,1024.0,12.882310367103226,0.002946026712387,1.2924552070477922,0.0
7,1,1024.0,12.882310367103226,0.002946026712387,1.3713302176092355,5.790978591680135e-217
8,0,1024.0,12.882310367103226,0.002946026712387,1.3713302176072169,0.0
8,1,1024.0,12.882310367103226,0.002946026712387,1.4457859057471725,1.8434495158829888e-155
9,0,1024.0,12.882310367103226,0.002946026712387,1.4457859057091795,0.0
9,1,1024.0,12.882310367103226,0.002946026712387,1.5160881099727663,2.963617514641758e-112
10,0,1024.0,12.882310367103226,0.002946026712387,1.5160881096808454,0.0
10,1,1024.0,12.882310367103226,0.002946026712387,1.5825315096615546,6.944625785357188e-83
11,0,1024.0,12.882310367103226,0.002946026712387,1.582531508471995,0.0
11,1,1024.0,12.882310367103226,0.002946026712387,1.6454124537040753,1.8058789518933663e-60
12,0,1024.0,12.882310367103226,0.002946026712387,1.6454124506299972,0.0
12,1,1024.0,12.882310367103226,0.002946026712387,1.7050153402302808,1.3429896033349365e-44
13,0,1024.0,12.882310367103226,0.002946026712387,1.7050153344932308,0.0
13,1,1024.0,12.882310367103226,0.002946026712387,1.761606194478333,8.003592011121936e-33
14,0,1024.0,12.882310367103226,0.002946026712387,1.7616061859434449,0.0
14,1,1024.0,12.882310367103226,0.002946026712387,1.8154301435692974,3.702211317608423e-24
15,0,1024.0,12.882310367103226,0.002946026712387,1.815430132653665,0.0
15,1,1024.0,12.882310367103226,0.002946026712387,1.866711009560002,3.728480480934185e-18
16,0,1024.0,12.882310367103226,0.002946026712387,1.8667109968581528,0.0
16,1,1024.0,12.882310367103226,0.002946026712387,1.915652034196736,8.805740133593154e-14
17,0,1024.0,12.882310367103226,0.002946026712387,1.9156520202457035,0.0
17,1,1024.0,12.882310367103226,0.002946026712387,1.9624371763407815,1.5589660514804865e-10
18,0,1024.0,12.882310367103226,0.002946026712387,1.962437148141436,0.0
18,1,1024.0,12.882310367103226,0.002946026712387,2.0072326484181615,3.444755557025769e-08
19,0,1024.0,12.882310367103226,0.002946026712387,2.0072326472872275,0.0
19,1,1024.0,12.882310367103226,0.002946026712387,2.0501886000075817,1.004051442247752e-06
