generation,timestep,channel_beta,rate,distortion,expected_true_probs_surprisal,prop_max_hit
0,0,0.0625,1.3963072167215212e-05,11.167619424429674,0.6931471805599441,0.0
0,1,0.0625,1.3963072167215212e-05,11.167619424429674,1.4055900656311175,0.0
1,0,0.0625,1.3963072167215212e-05,11.167619424429674,-6.686773862283266,0.0
1,1,0.0625,1.3963072167215212e-05,11.167619424429674,-5.974330964138408,9.211634184634773e-151
2,0,0.0625,1.3963072167215212e-05,11.167619424429674,-6.686793201628899,0.0
2,1,0.0625,1.3963072167215212e-05,11.167619424429674,-5.974350295093389,1.5439215279411403e-150
3,0,0.0625,1.3963072167215212e-05,11.167619424429674,-6.686793201642893,0.0
3,1,0.0625,1.3963072167215212e-05,11.167619424429674,-5.97435029510738,1.5439219176108842e-150
4,0,0.0625,1.3963072167215212e-05,11.167619424429674,-6.6867932016428915,0.0
4,1,0.0625,1.3963072167215212e-05,11.167619424429674,-5.974350295107379,1.5439219176111677e-150
5,0,0.0625,1.3963072167215212e-05,11.167619424429674,-6.686793201642891,0.0
5,1,0.0625,1.3963072167215212e-05,11.167619424429674,-5.974350295107378,1.5439219176111675e-150
6,0,0.0625,1.3963072167215212e-05,11.167619424429674,-6.68679320164289,0.0
6,1,0.0625,1.3963072167215212e-05,11.167619424429674,-5.974350295107377,1.5439219176111672e-150
7,0,0.0625,1.3963072167215212e-05,11.167619424429674,-6.686793201642888,0.0
7,1,0.0625,1.3963072167215212e-05,11.167619424429674,-5.974350295107376,1.5439219176111672e-150
8,0,0.0625,1.3963072167215212e-05,11.167619424429674,-6.686793201642886,0.0
8,1,0.0625,1.3963072167215212e-05,11.167619424429674,-5.974350295107374,1.543921917611167e-150
9,0,0.0625,1.3963072167215212e-05,11.167619424429674,-6.686793201642885,0.0
9,1,0.0625,1.3963072167215212e-05,11.167619424429674,-5.974350295107373,1.5439219176111666e-150
10,0,0.0625,1.3963072167215212e-05,11.167619424429674,-6.6867932016428835,0.0
10,1,0.0625,1.3963072167215212e-05,11.167619424429674,-5.974350295107372,1.543921917611166e-150
11,0,0.0625,1.3963072167215212e-05,11.167619424429674,-6.686793201642883,0.0
11,1,0.0625,1.3963072167215212e-05,11.167619424429674,-5.974350295107372,1.5439219176111658e-150
12,0,0.0625,1.3963072167215212e-05,11.167619424429674,-6.686793201642882,0.0
12,1,0.0625,1.3963072167215212e-05,11.167619424429674,-5.974350295107371,1.5439219176111656e-150
13,0,0.0625,1.3963072167215212e-05,11.167619424429674,-6.686793201642881,0.0
13,1,0.0625,1.3963072167215212e-05,11.167619424429674,-5.974350295107369,1.5439219176111656e-150
14,0,0.0625,1.3963072167215212e-05,11.167619424429674,-6.686793201642879,0.0
14,1,0.0625,1.3963072167215212e-05,11.167619424429674,-5.974350295107367,1.543921917611165e-150
15,0,0.0625,1.3963072167215212e-05,11.167619424429674,-6.686793201642877,0.0
15,1,0.0625,1.3963072167215212e-05,11.167619424429674,-5.974350295107366,1.5439219176111647e-150
16,0,0.0625,1.3963072167215212e-05,11.167619424429674,-6.686793201642876,0.0
16,1,0.0625,1.3963072167215212e-05,11.167619424429674,-5.9743502951073655,1.5439219176111645e-150
17,0,0.0625,1.3963072167215212e-05,11.167619424429674,-6.6867932016428755,0.0
17,1,0.0625,1.3963072167215212e-05,11.167619424429674,-5.974350295107365,1.5439219176111645e-150
18,0,0.0625,1.3963072167215212e-05,11.167619424429674,-6.686793201642875,0.0
18,1,0.0625,1.3963072167215212e-05,11.167619424429674,-5.974350295107365,1.543921917611164e-150
19,0,0.0625,1.3963072167215212e-05,11.167619424429674,-6.686793201642873,0.0
19,1,0.0625,1.3963072167215212e-05,11.167619424429674,-5.974350295107362,1.5439219176111637e-150
0,0,0.0873383218223026,1.6299112895252934e-06,11.16760119110021,0.6931471805599441,0.0
0,1,0.0873383218223026,1.6299112895252934e-06,11.16760119110021,1.4055900656311175,0.0
1,0,0.0873383218223026,1.6299112895252934e-06,11.16760119110021,-6.686521739202314,0.0
1,1,0.0873383218223026,1.6299112895252934e-06,11.16760119110021,-5.974078852282292,1.6038610245248108e-183
2,0,0.0873383218223026,1.6299112895252934e-06,11.16760119110021,-6.686523312831452,0.0
2,1,0.0873383218223026,1.6299112895252934e-06,11.16760119110021,-5.974080423126909,3.129110964832003e-183
3,0,0.0873383218223026,1.6299112895252934e-06,11.16760119110021,-6.686523312831542,0.0
3,1,0.0873383218223026,1.6299112895252934e-06,11.16760119110021,-5.974080423126999,3.1291110407271217e-183
4,0,0.0873383218223026,1.6299112895252934e-06,11.16760119110021,-6.686523312831542,0.0
4,1,0.0873383218223026,1.6299112895252934e-06,11.16760119110021,-5.974080423126999,3.129111040727126e-183
5,0,0.0873383218223026,1.6299112895252934e-06,11.16760119110021,-6.686523312831542,0.0
5,1,0.0873383218223026,1.6299112895252934e-06,11.16760119110021,-5.974080423126999,3.129111040727126e-183
6,0,0.0873383218223026,1.6299112895252934e-06,11.16760119110021,-6.686523312831542,0.0
6,1,0.0873383218223026,1.6299112895252934e-06,11.16760119110021,-5.974080423126999,3.129111040727126e-183
7,0,0.0873383218223026,1.6299112895252934e-06,11.16760119110021,-6.686523312831542,0.0
7,1,0.0873383218223026,1.6299112895252934e-06,11.16760119110021,-5.974080423126999,3.129111040727126e-183
8,0,0.0873383218223026,1.6299112895252934e-06,11.16760119110021,-6.686523312831542,0.0
8,1,0.0873383218223026,1.6299112895252934e-06,11.16760119110021,-5.974080423126999,3.129111040727126e-183
9,0,0.0873383218223026,1.6299112895252934e-06,11.16760119110021,-6.686523312831542,0.0
9,1,0.0873383218223026,1.6299112895252934e-06,11.16760119110021,-5.974080423126999,3.129111040727126e-183
10,0,0.0873383218223026,1.6299112895252934e-06,11.16760119110021,-6.686523312831542,0.0
10,1,0.0873383218223026,1.6299112895252934e-06,11.16760119110021,-5.974080423126999,3.129111040727126e-183
11,0,0.0873383218223026,1.6299112895252934e-06,11.16760119110021,-6.686523312831542,0.0
11,1,0.0873383218223026,1.6299112895252934e-06,11.16760119110021,-5.974080423126999,3.129111040727126e-183
12,0,0.0873383218223026,1.6299112895252934e-06,11.16760119110021,-6.686523312831542,0.0
12,1,0.0873383218223026,1.6299112895252934e-06,11.16760119110021,-5.974080423126999,3.129111040727126e-183
13,0,0.0873383218223026,1.6299112895252934e-06,11.16760119110021,-6.686523312831542,0.0
13,1,0.0873383218223026,1.6299112895252934e-06,11.16760119110021,-5.974080423126999,3.129111040727126e-183
14,0,0.0873383218223026,1.6299112895252934e-06,11.16760119110021,-6.686523312831542,0.0
14,1,0.0873383218223026,1.6299112895252934e-06,11.16760119110021,-5.974080423126999,3.129111040727126e-183
15,0,0.0873383218223026,1.6299112895252934e-06,11.16760119110021,-6.686523312831542,0.0
15,1,0.0873383218223026,1.6299112895252934e-06,11.16760119110021,-5.974080423126999,3.129111040727126e-183
16,0,0.0873383218223026,1.6299112895252934e-06,11.16760119110021,-6.686523312831542,0.0
16,1,0.0873383218223026,1.6299112895252934e-06,11.16760119110021,-5.974080423126999,3.129111040727126e-183
17,0,0.0873383218223026,1.6299112895252934e-06,11.16760119110021,-6.686523312831542,0.0
17,1,0.0873383218223026,1.6299112895252934e-06,11.16760119110021,-5.974080423126999,3.129111040727126e-183
18,0,0.0873383218223026,1.6299112895252934e-06,11.16760119110021,-6.686523312831542,0.0
18,1,0.0873383218223026,1.6299112895252934e-06,11.16760119110021,-5.974080423126999,3.129111040727126e-183
19,0,0.0873383218223026,1.6299112895252934e-06,11.16760119110021,-6.686523312831542,0.0
19,1,0.0873383218223026,1.6299112895252934e-06,11.16760119110021,-5.974080423126999,3.129111040727126e-183
0,0,0.1220477193397777,1.8367413049653976e-06,11.167599358453131,0.6931471805599441,0.0
0,1,0.1220477193397777,1.8367413049653976e-06,11.167599358453131,1.4055900656311175,0.0
1,0,0.1220477193397777,1.8367413049653976e-06,11.167599358453131,-6.686511680784357,0.0
1,1,0.1220477193397777,1.8367413049653976e-06,11.167599358453131,-5.97406879532063,6.549412543539053e-213
2,0,0.1220477193397777,1.8367413049653976e-06,11.167599358453131,-6.686512289330074,0.0
2,1,0.1220477193397777,1.8367413049653976e-06,11.167599358453131,-5.9740693837998595,1.436577070435845e-212
3,0,0.1220477193397777,1.8367413049653976e-06,11.167599358453131,-6.686512289330112,0.0
3,1,0.1220477193397777,1.8367413049653976e-06,11.167599358453131,-5.974069383799895,1.4365770448345696e-212
4,0,0.1220477193397777,1.8367413049653976e-06,11.167599358453131,-6.68651228933011,0.0
4,1,0.1220477193397777,1.8367413049653976e-06,11.167599358453131,-5.974069383799893,1.436577044834566e-212
5,0,0.1220477193397777,1.8367413049653976e-06,11.167599358453131,-6.686512289330108,0.0
5,1,0.1220477193397777,1.8367413049653976e-06,11.167599358453131,-5.9740693837998915,1.4365770448345654e-212
6,0,0.1220477193397777,1.8367413049653976e-06,11.167599358453131,-6.686512289330106,0.0
6,1,0.1220477193397777,1.8367413049653976e-06,11.167599358453131,-5.97406938379989,1.436577044834565e-212
7,0,0.1220477193397777,1.8367413049653976e-06,11.167599358453131,-6.686512289330104,0.0
7,1,0.1220477193397777,1.8367413049653976e-06,11.167599358453131,-5.974069383799888,1.436577044834565e-212
8,0,0.1220477193397777,1.8367413049653976e-06,11.167599358453131,-6.686512289330103,0.0
8,1,0.1220477193397777,1.8367413049653976e-06,11.167599358453131,-5.974069383799887,1.4365770448345644e-212
9,0,0.1220477193397777,1.8367413049653976e-06,11.167599358453131,-6.686512289330101,0.0
9,1,0.1220477193397777,1.8367413049653976e-06,11.167599358453131,-5.974069383799886,1.4365770448345638e-212
10,0,0.1220477193397777,1.8367413049653976e-06,11.167599358453131,-6.6865122893301,0.0
10,1,0.1220477193397777,1.8367413049653976e-06,11.167599358453131,-5.974069383799884,1.4365770448345636e-212
11,0,0.1220477193397777,1.8367413049653976e-06,11.167599358453131,-6.686512289330098,0.0
11,1,0.1220477193397777,1.8367413049653976e-06,11.167599358453131,-5.974069383799883,1.4365770448345633e-212
12,0,0.1220477193397777,1.8367413049653976e-06,11.167599358453131,-6.686512289330096,0.0
12,1,0.1220477193397777,1.8367413049653976e-06,11.167599358453131,-5.974069383799881,1.4365770448345628e-212
13,0,0.1220477193397777,1.8367413049653976e-06,11.167599358453131,-6.686512289330095,0.0
13,1,0.1220477193397777,1.8367413049653976e-06,11.167599358453131,-5.97406938379988,1.4365770448345625e-212
14,0,0.1220477193397777,1.8367413049653976e-06,11.167599358453131,-6.686512289330093,0.0
14,1,0.1220477193397777,1.8367413049653976e-06,11.167599358453131,-5.974069383799878,1.436577044834562e-212
15,0,0.1220477193397777,1.8367413049653976e-06,11.167599358453131,-6.686512289330091,0.0
15,1,0.1220477193397777,1.8367413049653976e-06,11.167599358453131,-5.974069383799877,1.4365770448345617e-212
16,0,0.1220477193397777,1.8367413049653976e-06,11.167599358453131,-6.68651228933009,0.0
16,1,0.1220477193397777,1.8367413049653976e-06,11.167599358453131,-5.9740693837998755,1.4365770448345612e-212
17,0,0.1220477193397777,1.8367413049653976e-06,11.167599358453131,-6.6865122893300875,0.0
17,1,0.1220477193397777,1.8367413049653976e-06,11.167599358453131,-5.974069383799873,1.436577044834561e-212
18,0,0.1220477193397777,1.8367413049653976e-06,11.167599358453131,-6.686512289330086,0.0
18,1,0.1220477193397777,1.8367413049653976e-06,11.167599358453131,-5.974069383799872,1.4365770448345607e-212
19,0,0.1220477193397777,1.8367413049653976e-06,11.167599358453131,-6.686512289330084,0.0
19,1,0.1220477193397777,1.8367413049653976e-06,11.167599358453131,-5.97406938379987,1.4365770448345601e-212
0,0,0.1705510878300092,0.1269243106116253,10.409146179034142,0.6931471805599441,0.0
0,1,0.1705510878300092,0.1269243106116253,10.409146179034142,1.4055900656311175,0.0
1,0,0.1705510878300092,0.1269243106116253,10.409146179034142,-6.821573058003547,0.0
1,1,0.1705510878300092,0.1269243106116253,10.409146179034142,-6.110281086883958,2.4430915447818456e-124
2,0,0.1705510878300092,0.1269243106116253,10.409146179034142,-6.859856021201398,0.0
2,1,0.1705510878300092,0.1269243106116253,10.409146179034142,-6.144598826620311,3.863694075919789e-124
3,0,0.1705510878300092,0.1269243106116253,10.409146179034142,-6.861846969012082,0.0
3,1,0.1705510878300092,0.1269243106116253,10.409146179034142,-6.146408642799525,3.7329131926523892e-124
4,0,0.1705510878300092,0.1269243106116253,10.409146179034142,-6.861934212435574,0.0
4,1,0.1705510878300092,0.1269243106116253,10.409146179034142,-6.146488394359306,3.7286635711612106e-124
5,0,0.1705510878300092,0.1269243106116253,10.409146179034142,-6.86193778622739,0.0
5,1,0.1705510878300092,0.1269243106116253,10.409146179034142,-6.14649166833261,3.7285099593058136e-124
6,0,0.1705510878300092,0.1269243106116253,10.409146179034142,-6.86193792960395,0.0
6,1,0.1705510878300092,0.1269243106116253,10.409146179034142,-6.146491799843384,3.7285041121013213e-124
7,0,0.1705510878300092,0.1269243106116253,10.409146179034142,-6.86193793532428,0.0
7,1,0.1705510878300092,0.1269243106116253,10.409146179034142,-6.146491805095781,3.728503884876952e-124
8,0,0.1705510878300092,0.1269243106116253,10.409146179034142,-6.861937935552545,0.0
8,1,0.1705510878300092,0.1269243106116253,10.409146179034142,-6.146491805305605,3.728503875974573e-124
9,0,0.1705510878300092,0.1269243106116253,10.409146179034142,-6.861937935561677,0.0
9,1,0.1705510878300092,0.1269243106116253,10.409146179034142,-6.14649180531401,3.728503875624555e-124
10,0,0.1705510878300092,0.1269243106116253,10.409146179034142,-6.861937935562046,0.0
10,1,0.1705510878300092,0.1269243106116253,10.409146179034142,-6.146491805314351,3.7285038756107664e-124
11,0,0.1705510878300092,0.1269243106116253,10.409146179034142,-6.861937935562059,0.0
11,1,0.1705510878300092,0.1269243106116253,10.409146179034142,-6.146491805314364,3.7285038756102236e-124
12,0,0.1705510878300092,0.1269243106116253,10.409146179034142,-6.861937935562061,0.0
12,1,0.1705510878300092,0.1269243106116253,10.409146179034142,-6.146491805314365,3.7285038756102013e-124
13,0,0.1705510878300092,0.1269243106116253,10.409146179034142,-6.861937935562061,0.0
13,1,0.1705510878300092,0.1269243106116253,10.409146179034142,-6.146491805314365,3.728503875610201e-124
14,0,0.1705510878300092,0.1269243106116253,10.409146179034142,-6.861937935562061,0.0
14,1,0.1705510878300092,0.1269243106116253,10.409146179034142,-6.146491805314365,3.7285038756102005e-124
15,0,0.1705510878300092,0.1269243106116253,10.409146179034142,-6.861937935562061,0.0
15,1,0.1705510878300092,0.1269243106116253,10.409146179034142,-6.146491805314365,3.7285038756102005e-124
16,0,0.1705510878300092,0.1269243106116253,10.409146179034142,-6.861937935562061,0.0
16,1,0.1705510878300092,0.1269243106116253,10.409146179034142,-6.146491805314365,3.7285038756102005e-124
17,0,0.1705510878300092,0.1269243106116253,10.409146179034142,-6.861937935562061,0.0
17,1,0.1705510878300092,0.1269243106116253,10.409146179034142,-6.146491805314365,3.7285038756102005e-124
18,0,0.1705510878300092,0.1269243106116253,10.409146179034142,-6.861937935562061,0.0
18,1,0.1705510878300092,0.1269243106116253,10.409146179034142,-6.146491805314365,3.7285038756102005e-124
19,0,0.1705510878300092,0.1269243106116253,10.409146179034142,-6.861937935562061,0.0
19,1,0.1705510878300092,0.1269243106116253,10.409146179034142,-6.146491805314365,3.7285038756102005e-124
0,0,0.2383303327366585,0.8106429220517719,6.98165616081444,0.6931471805599441,0.0
0,1,0.2383303327366585,0.8106429220517719,6.98165616081444,1.4055900656311175,0.0
1,0,0.2383303327366585,0.8106429220517719,6.98165616081444,-9.126416014618309,0.0
1,1,0.2383303327366585,0.8106429220517719,6.98165616081444,-8.439609176732322,3.5138097071863076e-68
2,0,0.2383303327366585,0.8106429220517719,6.98165616081444,-9.436624476662406,0.0
2,1,0.2383303327366585,0.8106429220517719,6.98165616081444,-8.732498119133458,1.8675039640326836e-68
3,0,0.2383303327366585,0.8106429220517719,6.98165616081444,-9.527993867588073,0.0
3,1,0.2383303327366585,0.8106429220517719,6.98165616081444,-8.817591241091307,7.98349733348966e-69
4,0,0.2383303327366585,0.8106429220517719,6.98165616081444,-9.55809558315448,0.0
4,1,0.2383303327366585,0.8106429220517719,6.98165616081444,-8.845564392207748,6.39853385241184e-69
5,0,0.2383303327366585,0.8106429220517719,6.98165616081444,-9.567835952599172,0.0
5,1,0.2383303327366585,0.8106429220517719,6.98165616081444,-8.854611539529376,6.109915280248379e-69
6,0,0.2383303327366585,0.8106429220517719,6.98165616081444,-9.570940720892803,0.0
6,1,0.2383303327366585,0.8106429220517719,6.98165616081444,-8.857495724764682,6.044403529484006e-69
7,0,0.2383303327366585,0.8106429220517719,6.98165616081444,-9.571921112893735,0.0
7,1,0.2383303327366585,0.8106429220517719,6.98165616081444,-8.858406854070413,6.02705411298901e-69
8,0,0.2383303327366585,0.8106429220517719,6.98165616081444,-9.57222920488885,0.0
8,1,0.2383303327366585,0.8106429220517719,6.98165616081444,-8.858693358685613,6.022066802762425e-69
9,0,0.2383303327366585,0.8106429220517719,6.98165616081444,-9.572325874007667,0.0
9,1,0.2383303327366585,0.8106429220517719,6.98165616081444,-8.858783325990899,6.020577844374151e-69
10,0,0.2383303327366585,0.8106429220517719,6.98165616081444,-9.572356227767244,0.0
10,1,0.2383303327366585,0.8106429220517719,6.98165616081444,-8.858811602938943,6.020125790758696e-69
11,0,0.2383303327366585,0.8106429220517719,6.98165616081444,-9.572365781641722,0.0
11,1,0.2383303327366585,0.8106429220517719,6.98165616081444,-8.858820513545282,6.019987489925964e-69
12,0,0.2383303327366585,0.8106429220517719,6.98165616081444,-9.572368799955502,0.0
12,1,0.2383303327366585,0.8106429220517719,6.98165616081444,-8.85882333253271,6.019945017330241e-69
13,0,0.2383303327366585,0.8106429220517719,6.98165616081444,-9.572369758178546,0.0
13,1,0.2383303327366585,0.8106429220517719,6.98165616081444,-8.85882422892519,6.01993194558964e-69
14,0,0.2383303327366585,0.8106429220517719,6.98165616081444,-9.572370064199454,0.0
14,1,0.2383303327366585,0.8106429220517719,6.98165616081444,-8.858824515735071,6.019927916476559e-69
15,0,0.2383303327366585,0.8106429220517719,6.98165616081444,-9.57237016261567,0.0
15,1,0.2383303327366585,0.8106429220517719,6.98165616081444,-8.858824608169396,6.019926672992303e-69
16,0,0.2383303327366585,0.8106429220517719,6.98165616081444,-9.572370194519907,0.0
16,1,0.2383303327366585,0.8106429220517719,6.98165616081444,-8.858824638205938,6.019926288730378e-69
17,0,0.2383303327366585,0.8106429220517719,6.98165616081444,-9.5723702049553,0.0
17,1,0.2383303327366585,0.8106429220517719,6.98165616081444,-8.858824648056247,6.019926169817141e-69
18,0,0.2383303327366585,0.8106429220517719,6.98165616081444,-9.572370208402141,0.0
18,1,0.2383303327366585,0.8106429220517719,6.98165616081444,-8.858824651319065,6.019926132957595e-69
19,0,0.2383303327366585,0.8106429220517719,6.98165616081444,-9.572370209552668,0.0
19,1,0.2383303327366585,0.8106429220517719,6.98165616081444,-8.85882465241144,6.019926121509759e-69
0,0,0.333045940809132,1.3874836666758474,4.897125547365642,0.6931471805599441,0.0
0,1,0.333045940809132,1.3874836666758474,4.897125547365642,1.4055900656311175,0.0
1,0,0.333045940809132,1.3874836666758474,4.897125547365642,-10.57552327083302,0.0
1,1,0.333045940809132,1.3874836666758474,4.897125547365642,-9.95192534169863,1.8042770934696325e-88
2,0,0.333045940809132,1.3874836666758474,4.897125547365642,-11.362228591044536,0.0
2,1,0.333045940809132,1.3874836666758474,4.897125547365642,-10.721158383052902,5.0132982152631947e-88
3,0,0.333045940809132,1.3874836666758474,4.897125547365642,-11.816299217441987,0.0
3,1,0.333045940809132,1.3874836666758474,4.897125547365642,-11.161418520027937,3.00780302217911e-88
4,0,0.333045940809132,1.3874836666758474,4.897125547365642,-12.112763258205007,0.0
4,1,0.333045940809132,1.3874836666758474,4.897125547365642,-11.447692433778762,1.9605099800727802e-88
5,0,0.333045940809132,1.3874836666758474,4.897125547365642,-12.304962969579455,0.0
5,1,0.333045940809132,1.3874836666758474,4.897125547365642,-11.632811654949485,1.4098742362377757e-88
6,0,0.333045940809132,1.3874836666758474,4.897125547365642,-12.429057840306472,0.0
6,1,0.333045940809132,1.3874836666758474,4.897125547365642,-11.752136268824184,1.1146675027233206e-88
7,0,0.333045940809132,1.3874836666758474,4.897125547365642,-12.509051333269525,0.0
7,1,0.333045940809132,1.3874836666758474,4.897125547365642,-11.828970349746779,9.531829425648527e-89
8,0,0.333045940809132,1.3874836666758474,4.897125547365642,-12.560597835705192,0.0
8,1,0.333045940809132,1.3874836666758474,4.897125547365642,-11.878445226448498,8.630279047344332e-89
9,0,0.333045940809132,1.3874836666758474,4.897125547365642,-12.593822558511832,0.0
9,1,0.333045940809132,1.3874836666758474,4.897125547365642,-11.910319875078283,8.116715998798695e-89
10,0,0.333045940809132,1.3874836666758474,4.897125547365642,-12.615250430184059,0.0
10,1,0.333045940809132,1.3874836666758474,4.897125547365642,-11.930871243044319,7.818479530705999e-89
11,0,0.333045940809132,1.3874836666758474,4.897125547365642,-12.629080369557277,0.0
11,1,0.333045940809132,1.3874836666758474,4.897125547365642,-11.944133475329268,7.642177752661445e-89
12,0,0.333045940809132,1.3874836666758474,4.897125547365642,-12.638013785068063,0.0
12,1,0.333045940809132,1.3874836666758474,4.897125547365642,-11.95269971994439,7.536285985872463e-89
13,0,0.333045940809132,1.3874836666758474,4.897125547365642,-12.643789237226237,0.0
13,1,0.333045940809132,1.3874836666758474,4.897125547365642,-11.95823790024177,7.471800751703763e-89
14,0,0.333045940809132,1.3874836666758474,4.897125547365642,-12.647526327529954,0.0
14,1,0.333045940809132,1.3874836666758474,4.897125547365642,-11.96182172943892,7.432070618361524e-89
15,0,0.333045940809132,1.3874836666758474,4.897125547365642,-12.649946612737487,0.0
15,1,0.333045940809132,1.3874836666758474,4.897125547365642,-11.96414303556067,7.407355579260835e-89
16,0,0.333045940809132,1.3874836666758474,4.897125547365642,-12.651515501844038,0.0
16,1,0.333045940809132,1.3874836666758474,4.897125547365642,-11.965648000831465,7.391860430788759e-89
17,0,0.333045940809132,1.3874836666758474,4.897125547365642,-12.652533438455949,0.0
17,1,0.333045940809132,1.3874836666758474,4.897125547365642,-11.966624647040614,7.382084775767774e-89
18,0,0.333045940809132,1.3874836666758474,4.897125547365642,-12.653194535638058,0.0
18,1,0.333045940809132,1.3874836666758474,4.897125547365642,-11.967259066640505,7.37588682707103e-89
19,0,0.333045940809132,1.3874836666758474,4.897125547365642,-12.653624312126624,0.0
19,1,0.333045940809132,1.3874836666758474,4.897125547365642,-11.967671601049153,7.371941847671742e-89
0,0,0.4654027769599926,1.903315222285056,3.5933798834644293,0.6931471805599441,0.0
0,1,0.4654027769599926,1.903315222285056,3.5933798834644293,1.4055900656311175,0.0
1,0,0.4654027769599926,1.903315222285056,3.5933798834644293,-9.78717342587441,0.0
1,1,0.4654027769599926,1.903315222285056,3.5933798834644293,-9.26361427230523,7.55614360701412e-72
2,0,0.4654027769599926,1.903315222285056,3.5933798834644293,-11.02036136051165,0.0
2,1,0.4654027769599926,1.903315222285056,3.5933798834644293,-10.471239543560312,5.0963399942685806e-71
3,0,0.4654027769599926,1.903315222285056,3.5933798834644293,-11.79578454187581,0.0
3,1,0.4654027769599926,1.903315222285056,3.5933798834644293,-11.227683977941037,4.201951108921723e-71
4,0,0.4654027769599926,1.903315222285056,3.5933798834644293,-12.381716803669605,0.0
4,1,0.4654027769599926,1.903315222285056,3.5933798834644293,-11.797851849239333,3.262142284197422e-71
5,0,0.4654027769599926,1.903315222285056,3.5933798834644293,-12.840289972847895,0.0
5,1,0.4654027769599926,1.903315222285056,3.5933798834644293,-12.24326824978452,2.554532922921456e-71
6,0,0.4654027769599926,1.903315222285056,3.5933798834644293,-13.201464058715118,0.0
6,1,0.4654027769599926,1.903315222285056,3.5933798834644293,-12.593616092022831,2.043312128623235e-71
7,0,0.4654027769599926,1.903315222285056,3.5933798834644293,-13.485927877558169,0.0
7,1,0.4654027769599926,1.903315222285056,3.5933798834644293,-12.86928873787277,1.674606662404353e-71
8,0,0.4654027769599926,1.903315222285056,3.5933798834644293,-13.709761320637647,0.0
8,1,0.4654027769599926,1.903315222285056,3.5933798834644293,-13.086052734535084,1.407256326513203e-71
9,0,0.4654027769599926,1.903315222285056,3.5933798834644293,-13.885753798073667,0.0
9,1,0.4654027769599926,1.903315222285056,3.5933798834644293,-13.25639866729743,1.2121407011471727e-71
10,0,0.4654027769599926,1.903315222285056,3.5933798834644293,-14.02407399348629,0.0
10,1,0.4654027769599926,1.903315222285056,3.5933798834644293,-13.390229745945874,1.0688232486423615e-71
11,0,0.4654027769599926,1.903315222285056,3.5933798834644293,-14.132773135163891,0.0
11,1,0.4654027769599926,1.903315222285056,3.5933798834644293,-13.495371295043178,9.628993034396678e-72
12,0,0.4654027769599926,1.903315222285056,3.5933798834644293,-14.218202335120843,0.0
12,1,0.4654027769599926,1.903315222285056,3.5933798834644293,-13.57798725614664,8.841495008861706e-72
13,0,0.4654027769599926,1.903315222285056,3.5933798834644293,-14.285358621336396,0.0
13,1,0.4654027769599926,1.903315222285056,3.5933798834644293,-13.64292220251632,8.25274860283797e-72
14,0,0.4654027769599926,1.903315222285056,3.5933798834644293,-14.338167269116141,0.0
14,1,0.4654027769599926,1.903315222285056,3.5933798834644293,-13.693978615677775,7.810276423838859e-72
15,0,0.4654027769599926,1.903315222285056,3.5933798834644293,-14.379708898146342,0.0
15,1,0.4654027769599926,1.903315222285056,3.5933798834644293,-13.734138951624399,7.476103518630527e-72
16,0,0.4654027769599926,1.903315222285056,3.5933798834644293,-14.412400279571285,0.0
16,1,0.4654027769599926,1.903315222285056,3.5933798834644293,-13.765741906239786,7.222574335757041e-72
17,0,0.4654027769599926,1.903315222285056,3.5933798834644293,-14.43813729776848,0.0
17,1,0.4654027769599926,1.903315222285056,3.5933798834644293,-13.790621481670275,7.02942289542737e-72
18,0,0.4654027769599926,1.903315222285056,3.5933798834644293,-14.45840748202409,0.0
18,1,0.4654027769599926,1.903315222285056,3.5933798834644293,-13.810216275898881,6.881708147183781e-72
19,0,0.4654027769599926,1.903315222285056,3.5933798834644293,-14.474378337741586,0.0
19,1,0.4654027769599926,1.903315222285056,3.5933798834644293,-13.825655165987914,6.768350219954845e-72
0,0,0.6503599601780028,2.485502329778181,2.5294805202723545,0.6931471805599441,0.0
0,1,0.6503599601780028,2.485502329778181,2.5294805202723545,1.4055900656311175,0.0
1,0,0.6503599601780028,2.485502329778181,2.5294805202723545,-7.890483906599626,0.0
1,1,0.6503599601780028,2.485502329778181,2.5294805202723545,-7.462309016679994,4.0880986059940943e-44
2,0,0.6503599601780028,2.485502329778181,2.5294805202723545,-9.577385503012252,0.0
2,1,0.6503599601780028,2.485502329778181,2.5294805202723545,-9.122244978796783,6.312947955355468e-43
3,0,0.6503599601780028,2.485502329778181,2.5294805202723545,-10.781948108539824,0.0
3,1,0.6503599601780028,2.485502329778181,2.5294805202723545,-10.303674242296525,5.930388602838528e-43
4,0,0.6503599601780028,2.485502329778181,2.5294805202723545,-11.702195395543061,0.0
4,1,0.6503599601780028,2.485502329778181,2.5294805202723545,-11.204197963092838,5.333696348666724e-43
5,0,0.6503599601780028,2.485502329778181,2.5294805202723545,-12.427226536416757,0.0
5,1,0.6503599601780028,2.485502329778181,2.5294805202723545,-11.91241294150057,4.703268755036056e-43
6,0,0.6503599601780028,2.485502329778181,2.5294805202723545,-13.010714803777105,0.0
6,1,0.6503599601780028,2.485502329778181,2.5294805202723545,-12.481596876146362,4.108111740771573e-43
7,0,0.6503599601780028,2.485502329778181,2.5294805202723545,-13.4871129917012,0.0
7,1,0.6503599601780028,2.485502329778181,2.5294805202723545,-12.945859021306186,3.57902364939225e-43
8,0,0.6503599601780028,2.485502329778181,2.5294805202723545,-13.879897391939695,0.0
8,1,0.6503599601780028,2.485502329778181,2.5294805202723545,-13.32836925855991,3.1248176939655082e-43
9,0,0.6503599601780028,2.485502329778181,2.5294805202723545,-14.205908068299124,0.0
9,1,0.6503599601780028,2.485502329778181,2.5294805202723545,-13.645695833860081,2.7429955667736667e-43
10,0,0.6503599601780028,2.485502329778181,2.5294805202723545,-14.477740676854685,0.0
10,1,0.6503599601780028,2.485502329778181,2.5294805202723545,-13.91019626198953,2.4260622553598505e-43
11,0,0.6503599601780028,2.485502329778181,2.5294805202723545,-14.705127131099568,0.0
11,1,0.6503599601780028,2.485502329778181,2.5294805202723545,-14.13139622824374,2.1649476768344008e-43
12,0,0.6503599601780028,2.485502329778181,2.5294805202723545,-14.895771120709734,0.0
12,1,0.6503599601780028,2.485502329778181,2.5294805202723545,-14.316822436488831,1.9507079569222377e-43
13,0,0.6503599601780028,2.485502329778181,2.5294805202723545,-15.055878811139763,0.0
13,1,0.6503599601780028,2.485502329778181,2.5294805202723545,-14.47253015518108,1.7752720013320867e-43
14,0,0.6503599601780028,2.485502329778181,2.5294805202723545,-15.190512698405483,0.0
14,1,0.6503599601780028,2.485502329778181,2.5294805202723545,-14.603453816498124,1.6316883069774884e-43
15,0,0.6503599601780028,2.485502329778181,2.5294805202723545,-15.30383875676042,0.0
15,1,0.6503599601780028,2.485502329778181,2.5294805202723545,-14.713651049964557,1.5141275024423136e-43
16,0,0.6503599601780028,2.485502329778181,2.5294805202723545,-15.399306409962145,0.0
16,1,0.6503599601780028,2.485502329778181,2.5294805202723545,-14.806479809137109,1.417777959630529e-43
17,0,0.6503599601780028,2.485502329778181,2.5294805202723545,-15.479784277340638,0.0
17,1,0.6503599601780028,2.485502329778181,2.5294805202723545,-14.884731593531264,1.3387050827111433e-43
18,0,0.6503599601780028,2.485502329778181,2.5294805202723545,-15.54766547166973,0.0
18,1,0.6503599601780028,2.485502329778181,2.5294805202723545,-14.950734548475321,1.2737084684143567e-43
19,0,0.6503599601780028,2.485502329778181,2.5294805202723545,-15.604951037881214,0.0
19,1,0.6503599601780028,2.485502329778181,2.5294805202723545,-15.00643501351468,1.220191890330436e-43
0,0,0.9088215600378616,3.027486905756101,1.821161706107492,0.6931471805599441,0.0
0,1,0.9088215600378616,3.027486905756101,1.821161706107492,1.4055900656311175,0.0
1,0,0.9088215600378616,3.027486905756101,1.821161706107492,-5.527536950661968,0.0
1,1,0.9088215600378616,3.027486905756101,1.821161706107492,-5.158384344963309,2.459517570763362e-59
2,0,0.9088215600378616,3.027486905756101,1.821161706107492,-6.9445080501751315,0.0
2,1,0.9088215600378616,3.027486905756101,1.821161706107492,-6.56829554844495,1.45054274257809e-57
3,0,0.9088215600378616,3.027486905756101,1.821161706107492,-8.095451154198726,0.0
3,1,0.9088215600378616,3.027486905756101,1.821161706107492,-7.704651943288003,1.5272466390186008e-57
4,0,0.9088215600378616,3.027486905756101,1.821161706107492,-9.079287430337489,0.0
4,1,0.9088215600378616,3.027486905756101,1.821161706107492,-8.673319627506823,1.4587828386057155e-57
5,0,0.9088215600378616,3.027486905756101,1.821161706107492,-9.923172434359248,0.0
5,1,0.9088215600378616,3.027486905756101,1.821161706107492,-9.502448496837893,1.357854687642931e-57
6,0,0.9088215600378616,3.027486905756101,1.821161706107492,-10.651013437117568,0.0
6,1,0.9088215600378616,3.027486905756101,1.821161706107492,-10.216404639660079,1.2513824407519665e-57
7,0,0.9088215600378616,3.027486905756101,1.821161706107492,-11.28191122381492,0.0
7,1,0.9088215600378616,3.027486905756101,1.821161706107492,-10.834504370969992,1.1482880279063427e-57
8,0,0.9088215600378616,3.027486905756101,1.821161706107492,-11.831002400222538,0.0
8,1,0.9088215600378616,3.027486905756101,1.821161706107492,-11.3719583971642,1.0519816561090425e-57
9,0,0.9088215600378616,3.027486905756101,1.821161706107492,-12.310481179395653,0.0
9,1,0.9088215600378616,3.027486905756101,1.821161706107492,-11.840951344134515,9.63788667164584e-58
10,0,0.9088215600378616,3.027486905756101,1.821161706107492,-12.730334448504475,0.0
10,1,0.9088215600378616,3.027486905756101,1.821161706107492,-12.251413363535248,8.840645978936804e-58
11,0,0.9088215600378616,3.027486905756101,1.821161706107492,-13.09884548042294,0.0
11,1,0.9088215600378616,3.027486905756101,1.821161706107492,-12.611547073579601,8.126483696255326e-58
12,0,0.9088215600378616,3.027486905756101,1.821161706107492,-13.422950597968988,0.0
12,1,0.9088215600378616,3.027486905756101,1.821161706107492,-12.928198582467415,7.490936742443526e-58
13,0,0.9088215600378616,3.027486905756101,1.821161706107492,-13.70850250955052,0.0
13,1,0.9088215600378616,3.027486905756101,1.821161706107492,-13.207129342033427,6.928057051729241e-58
14,0,0.9088215600378616,3.027486905756101,1.821161706107492,-13.96047121424386,0.0
14,1,0.9088215600378616,3.027486905756101,1.821161706107492,-13.45322182449681,6.43126641795904e-58
15,0,0.9088215600378616,3.027486905756101,1.821161706107492,-14.183100740360494,0.0
15,1,0.9088215600378616,3.027486905756101,1.821161706107492,-13.670638696680545,5.993891284933464e-58
16,0,0.9088215600378616,3.027486905756101,1.821161706107492,-14.380033272282706,0.0
16,1,0.9088215600378616,3.027486905756101,1.821161706107492,-13.86294796904075,5.609486464202737e-58
17,0,0.9088215600378616,3.027486905756101,1.821161706107492,-14.554408508531857,0.0
17,1,0.9088215600378616,3.027486905756101,1.821161706107492,-14.033222551228388,5.2720185273753005e-58
18,0,0.9088215600378616,3.027486905756101,1.821161706107492,-14.70894387412757,0.0
18,1,0.9088215600378616,3.027486905756101,1.821161706107492,-14.184120204796681,4.9759570573123126e-58
19,0,0.9088215600378616,3.027486905756101,1.821161706107492,-14.845999766005413,0.0
19,1,0.9088215600378616,3.027486905756101,1.821161706107492,-14.31794829630115,4.7163068041183675e-58
0,0,1.2699991982341428,3.574385502815874,1.3087275474280942,0.6931471805599441,0.0
0,1,1.2699991982341428,3.574385502815874,1.3087275474280942,1.4055900656311175,0.0
1,0,1.2699991982341428,3.574385502815874,1.3087275474280942,-2.203856920322848,0.0
1,1,1.2699991982341428,3.574385502815874,1.3087275474280942,-1.7020942119283056,4.558042406400599e-75
2,0,1.2699991982341428,3.574385502815874,1.3087275474280942,-4.0228125139587165,0.0
2,1,1.2699991982341428,3.574385502815874,1.3087275474280942,-3.614894911399658,9.516861345294608e-73
3,0,1.2699991982341428,3.574385502815874,1.3087275474280942,-5.299764404444993,0.0
3,1,1.2699991982341428,3.574385502815874,1.3087275474280942,-4.93110891566043,1.5917818717590566e-72
4,0,1.2699991982341428,3.574385502815874,1.3087275474280942,-6.288916466548189,0.0
4,1,1.2699991982341428,3.574385502815874,1.3087275474280942,-5.933883189927459,1.9562323848691872e-72
5,0,1.2699991982341428,3.574385502815874,1.3087275474280942,-7.108483156056256,0.0
5,1,1.2699991982341428,3.574385502815874,1.3087275474280942,-6.754930743079062,2.138398832543448e-72
6,0,1.2699991982341428,3.574385502815874,1.3087275474280942,-7.815957760035772,0.0
6,1,1.2699991982341428,3.574385502815874,1.3087275474280942,-7.45814490404345,2.2042902156838803e-72
7,0,1.2699991982341428,3.574385502815874,1.3087275474280942,-8.440945885426613,0.0
7,1,1.2699991982341428,3.574385502815874,1.3087275474280942,-8.076241377173417,2.1980451675795552e-72
8,0,1.2699991982341428,3.574385502815874,1.3087275474280942,-8.999989394859169,0.0
8,1,1.2699991982341428,3.574385502815874,1.3087275474280942,-8.627317034282077,2.1485882727902547e-72
9,0,1.2699991982341428,3.574385502815874,1.3087275474280942,-9.50337925476783,0.0
9,1,1.2699991982341428,3.574385502815874,1.3087275474280942,-9.12246067480116,2.0746295846120643e-72
10,0,1.2699991982341428,3.574385502815874,1.3087275474280942,-9.958306061330141,0.0
10,1,1.2699991982341428,3.574385502815874,1.3087275474280942,-9.569278133443706,1.9881426456293032e-72
11,0,1.2699991982341428,3.574385502815874,1.3087275474280942,-10.370318563871525,0.0
11,1,1.2699991982341428,3.574385502815874,1.3087275474280942,-9.973532184444476,1.896699313664869e-72
12,0,1.2699991982341428,3.574385502815874,1.3087275474280942,-10.74400159840838,0.0
12,1,1.2699991982341428,3.574385502815874,1.3087275474280942,-10.339911871996426,1.8050087515604655e-72
13,0,1.2699991982341428,3.574385502815874,1.3087275474280942,-11.083297268534722,0.0
13,1,1.2699991982341428,3.574385502815874,1.3087275474280942,-10.672401863926712,1.7159233870989765e-72
14,0,1.2699991982341428,3.574385502815874,1.3087275474280942,-11.391665284874415,0.0
14,1,1.2699991982341428,3.574385502815874,1.3087275474280942,-10.974469344436496,1.6310946030453702e-72
15,0,1.2699991982341428,3.574385502815874,1.3087275474280942,-11.672171691425419,0.0
15,1,1.2699991982341428,3.574385502815874,1.3087275474280942,-11.249167961204044,1.5514001378126794e-72
16,0,1.2699991982341428,3.574385502815874,1.3087275474280942,-11.927545717823616,0.0
16,1,1.2699991982341428,3.574385502815874,1.3087275474280942,-11.499203664243211,1.4772230431192604e-72
17,0,1.2699991982341428,3.574385502815874,1.3087275474280942,-12.160221935877324,0.0
17,1,1.2699991982341428,3.574385502815874,1.3087275474280942,-11.726982264594131,1.4086340414853879e-72
18,0,1.2699991982341428,3.574385502815874,1.3087275474280942,-12.372374880900026,0.0
18,1,1.2699991982341428,3.574385502815874,1.3087275474280942,-11.934647321338353,1.3455108686721547e-72
19,0,1.2699991982341428,3.574385502815874,1.3087275474280942,-12.565949015076127,0.0
19,1,1.2699991982341428,3.574385502815874,1.3087275474280942,-12.124112063690397,1.2876163756177223e-72
0,0,1.774713579031038,4.098101767426953,0.9585305997554476,0.6931471805599441,0.0
0,1,1.774713579031038,4.098101767426953,0.9585305997554476,1.4055900656311175,0.0
1,0,1.774713579031038,4.098101767426953,0.9585305997554476,-0.5765964977461078,0.0
1,1,1.774713579031038,4.098101767426953,0.9585305997554476,0.033694366024809075,4.3603875810391543e-91
2,0,1.774713579031038,4.098101767426953,0.9585305997554476,-4.024097667802041,0.0
2,1,1.774713579031038,4.098101767426953,0.9585305997554476,-3.534437962027498,4.138655367920717e-87
3,0,1.774713579031038,4.098101767426953,0.9585305997554476,-6.2015745438861565,0.0
3,1,1.774713579031038,4.098101767426953,0.9585305997554476,-5.771384373121558,8.25128697646979e-86
4,0,1.774713579031038,4.098101767426953,0.9585305997554476,-7.528635934835494,0.0
4,1,1.774713579031038,4.098101767426953,0.9585305997554476,-7.129168611303287,1.2730738256543764e-85
5,0,1.774713579031038,4.098101767426953,0.9585305997554476,-8.369431816527706,0.0
5,1,1.774713579031038,4.098101767426953,0.9585305997554476,-7.985656886496753,1.468688839177944e-85
6,0,1.774713579031038,4.098101767426953,0.9585305997554476,-8.929918030365553,0.0
6,1,1.774713579031038,4.098101767426953,0.9585305997554476,-8.55371538272216,1.5340464918158901e-85
7,0,1.774713579031038,4.098101767426953,0.9585305997554476,-9.324734952608464,0.0
7,1,1.774713579031038,4.098101767426953,0.9585305997554476,-8.951678546128573,1.5407704027191625e-85
8,0,1.774713579031038,4.098101767426953,0.9585305997554476,-9.618371383445755,0.0
8,1,1.774713579031038,4.098101767426953,0.9585305997554476,-9.246057848823174,1.5247888136168856e-85
9,0,1.774713579031038,4.098101767426953,0.9585305997554476,-9.84762991415613,0.0
9,1,1.774713579031038,4.098101767426953,0.9585305997554476,-9.474776961004217,1.5025887980908405e-85
10,0,1.774713579031038,4.098101767426953,0.9585305997554476,-10.033910725308443,0.0
10,1,1.774713579031038,4.098101767426953,0.9585305997554476,-9.65986156445501,1.4810146569099823e-85
11,0,1.774713579031038,4.098101767426953,0.9585305997554476,-10.189975239920468,0.0
11,1,1.774713579031038,4.098101767426953,0.9585305997554476,-9.814422873074777,1.462434834132986e-85
12,0,1.774713579031038,4.098101767426953,0.9585305997554476,-10.323689030158636,0.0
12,1,1.774713579031038,4.098101767426953,0.9585305997554476,-9.94652142685197,1.4472896990653625e-85
13,0,1.774713579031038,4.098101767426953,0.9585305997554476,-10.44010276486635,0.0
13,1,1.774713579031038,4.098101767426953,0.9585305997554476,-10.061315245034457,1.435283278474477e-85
14,0,1.774713579031038,4.098101767426953,0.9585305997554476,-10.542615875263065,0.0
14,1,1.774713579031038,4.098101767426953,0.9585305997554476,-10.162261218940788,1.4259085254880743e-85
15,0,1.774713579031038,4.098101767426953,0.9585305997554476,-10.63363255678368,0.0
15,1,1.774713579031038,4.098101767426953,0.9585305997554476,-10.251792492718968,1.4186589279374074e-85
16,0,1.774713579031038,4.098101767426953,0.9585305997554476,-10.71493587385156,0.0
16,1,1.774713579031038,4.098101767426953,0.9585305997554476,-10.331704795616531,1.413099577387177e-85
17,0,1.774713579031038,4.098101767426953,0.9585305997554476,-10.787904612239759,0.0
17,1,1.774713579031038,4.098101767426953,0.9585305997554476,-10.403380349410302,1.408879629451403e-85
18,0,1.774713579031038,4.098101767426953,0.9585305997554476,-10.853641832506831,0.0
18,1,1.774713579031038,4.098101767426953,0.9585305997554476,-10.467920523523903,1.4057233508271658e-85
19,0,1.774713579031038,4.098101767426953,0.9585305997554476,-10.913053373259624,0.0
19,1,1.774713579031038,4.098101767426953,0.9585305997554476,-10.526226735663059,1.4034156641729368e-85
0,0,2.4800080913251747,4.626144705480844,0.705279265443965,0.6931471805599441,0.0
0,1,2.4800080913251747,4.626144705480844,0.705279265443965,1.4055900656311175,0.0
1,0,2.4800080913251747,4.626144705480844,0.705279265443965,0.5341602358100879,0.0
1,1,2.4800080913251747,4.626144705480844,0.705279265443965,0.9633310652273203,2.101004477705984e-91
2,0,2.4800080913251747,4.626144705480844,0.705279265443965,-0.7366175691053913,0.0
2,1,2.4800080913251747,4.626144705480844,0.705279265443965,-0.38329795853766835,5.324751172098786e-86
3,0,2.4800080913251747,4.626144705480844,0.705279265443965,-1.9267784834602022,0.0
3,1,2.4800080913251747,4.626144705480844,0.705279265443965,-1.6113771536356603,1.6727423340778882e-84
4,0,2.4800080913251747,4.626144705480844,0.705279265443965,-2.854040945379591,0.0
4,1,2.4800080913251747,4.626144705480844,0.705279265443965,-2.5607117976590343,3.904790438537298e-84
5,0,2.4800080913251747,4.626144705480844,0.705279265443965,-3.536079225291439,0.0
5,1,2.4800080913251747,4.626144705480844,0.705279265443965,-3.255898946613163,5.48341028004916e-84
6,0,2.4800080913251747,4.626144705480844,0.705279265443965,-4.0360511722215975,0.0
6,1,2.4800080913251747,4.626144705480844,0.705279265443965,-3.763464350372714,6.431757000637309e-84
7,0,2.4800080913251747,4.626144705480844,0.705279265443965,-4.408749473841616,0.0
7,1,2.4800080913251747,4.626144705480844,0.705279265443965,-4.140222441467083,6.9908859952231105e-84
8,0,2.4800080913251747,4.626144705480844,0.705279265443965,-4.693952250777709,0.0
8,1,2.4800080913251747,4.626144705480844,0.705279265443965,-4.427240954945118,7.338778041708189e-84
9,0,2.4800080913251747,4.626144705480844,0.705279265443965,-4.919100658371265,0.0
9,1,2.4800080913251747,4.626144705480844,0.705279265443965,-4.652793735612292,7.578556411696301e-84
10,0,2.4800080913251747,4.626144705480844,0.705279265443965,-5.102749686462621,0.0
10,1,2.4800080913251747,4.626144705480844,0.705279265443965,-4.835973563054675,7.765176250045987e-84
11,0,2.4800080913251747,4.626144705480844,0.705279265443965,-5.25732333499051,0.0
11,1,2.4800080913251747,4.626144705480844,0.705279265443965,-4.989550847299446,7.926235217632291e-84
12,0,2.4800080913251747,4.626144705480844,0.705279265443965,-5.391100920320152,0.0
12,1,2.4800080913251747,4.626144705480844,0.705279265443965,-5.122027184662716,8.07461204471097e-84
13,0,2.4800080913251747,4.626144705480844,0.705279265443965,-5.509594805631098,0.0
13,1,2.4800080913251747,4.626144705480844,0.705279265443965,-5.239056839758888,8.215655129431152e-84
14,0,2.4800080913251747,4.626144705480844,0.705279265443965,-5.616486222266751,0.0
14,1,2.4800080913251747,4.626144705480844,0.705279265443965,-5.344410992346903,8.351117316483756e-84
15,0,2.4800080913251747,4.626144705480844,0.705279265443965,-5.714252064727997,0.0
15,1,2.4800080913251747,4.626144705480844,0.705279265443965,-5.440622968692632,8.481221024777517e-84
16,0,2.4800080913251747,4.626144705480844,0.705279265443965,-5.80458036628576,0.0
16,1,2.4800080913251747,4.626144705480844,0.705279265443965,-5.529415655137787,8.605681618896573e-84
17,0,2.4800080913251747,4.626144705480844,0.705279265443965,-5.888643499009744,0.0
17,1,2.4800080913251747,4.626144705480844,0.705279265443965,-5.611982416905004,8.724170686726138e-84
18,0,2.4800080913251747,4.626144705480844,0.705279265443965,-5.967276688341276,0.0
18,1,2.4800080913251747,4.626144705480844,0.705279265443965,-5.689170597237474,8.83649191301531e-84
19,0,2.4800080913251747,4.626144705480844,0.705279265443965,-6.041094077812336,0.0
19,1,2.4800080913251747,4.626144705480844,0.705279265443965,-5.7616007977662385,8.942619224801207e-84
0,0,3.465595916833162,5.184942487747596,0.5145104186033076,0.6931471805599441,0.0
0,1,3.465595916833162,5.184942487747596,0.5145104186033076,1.4055900656311175,0.0
1,0,3.465595916833162,5.184942487747596,0.5145104186033076,1.158676755618463,0.0
1,1,3.465595916833162,5.184942487747596,0.5145104186033076,1.562326899082333,4.239482096857445e-94
2,0,3.465595916833162,5.184942487747596,0.5145104186033076,0.7670101380558071,0.0
2,1,3.465595916833162,5.184942487747596,0.5145104186033076,1.055272541781883,7.6593866917403915e-87
3,0,3.465595916833162,5.184942487747596,0.5145104186033076,0.17807449453597834,0.0
3,1,3.465595916833162,5.184942487747596,0.5145104186033076,0.4172359759302702,2.411766564575365e-85
4,0,3.465595916833162,5.184942487747596,0.5145104186033076,-0.38435415990530375,0.0
4,1,3.465595916833162,5.184942487747596,0.5145104186033076,-0.17017636936521702,1.0593817115987675e-84
5,0,3.465595916833162,5.184942487747596,0.5145104186033076,-0.8308246871075129,0.0
5,1,3.465595916833162,5.184942487747596,0.5145104186033076,-0.6303002155428772,2.175483726386663e-84
6,0,3.465595916833162,5.184942487747596,0.5145104186033076,-1.1625105228021406,0.0
6,1,3.465595916833162,5.184942487747596,0.5145104186033076,-0.9694662547824391,3.267675197411015e-84
7,0,3.465595916833162,5.184942487747596,0.5145104186033076,-1.4051199787465913,0.0
7,1,3.465595916833162,5.184942487747596,0.5145104186033076,-1.2159817705165414,4.196543806402742e-84
8,0,3.465595916833162,5.184942487747596,0.5145104186033076,-1.5844586099071187,0.0
8,1,3.465595916833162,5.184942487747596,0.5145104186033076,-1.3971102042029417,4.939491802756661e-84
9,0,3.465595916833162,5.184942487747596,0.5145104186033076,-1.7205733388707032,0.0
9,1,3.465595916833162,5.184942487747596,0.5145104186033076,-1.533754973629872,5.517605929228922e-84
10,0,3.465595916833162,5.184942487747596,0.5145104186033076,-1.8276635939852155,0.0
10,1,3.465595916833162,5.184942487747596,0.5145104186033076,-1.6406290204584792,5.961936433562399e-84
11,0,3.465595916833162,5.184942487747596,0.5145104186033076,-1.9153519540205344,0.0
11,1,3.465595916833162,5.184942487747596,0.5145104186033076,-1.7276656859136703,6.302237654733541e-84
12,0,3.465595916833162,5.184942487747596,0.5145104186033076,-1.9899998621994264,0.0
12,1,3.465595916833162,5.184942487747596,0.5145104186033076,-1.801415291371945,6.563895530076324e-84
13,0,3.465595916833162,5.184942487747596,0.5145104186033076,-2.055749780586908,0.0
13,1,3.465595916833162,5.184942487747596,0.5145104186033076,-1.8661352678876906,6.767447549581005e-84
14,0,3.465595916833162,5.184942487747596,0.5145104186033076,-2.1152740178986997,0.0
14,1,3.465595916833162,5.184942487747596,0.5145104186033076,-1.9245678350509101,6.9289408983205625e-84
15,0,3.465595916833162,5.184942487747596,0.5145104186033076,-2.17028725698733,0.0
15,1,3.465595916833162,5.184942487747596,0.5145104186033076,-1.9784700085728162,7.060569477729152e-84
16,0,3.465595916833162,5.184942487747596,0.5145104186033076,-2.221887544486865,0.0
16,1,3.465595916833162,5.184942487747596,0.5145104186033076,-2.0289652359297374,7.171373795583601e-84
17,0,3.465595916833162,5.184942487747596,0.5145104186033076,-2.270779113149591,0.0
17,1,3.465595916833162,5.184942487747596,0.5145104186033076,-2.0767727314081763,7.267904097084641e-84
18,0,3.465595916833162,5.184942487747596,0.5145104186033076,-2.317416255609038,0.0
18,1,3.465595916833162,5.184942487747596,0.5145104186033076,-2.1223553504545896,7.354800685775304e-84
19,0,3.465595916833162,5.184942487747596,0.5145104186033076,-2.3620954579871403,0.0
19,1,3.465595916833162,5.184942487747596,0.5145104186033076,-2.1660141900183714,7.43527539138012e-84
0,0,4.842869303846925,5.750975018178669,0.3758843547097781,0.6931471805599441,0.0
0,1,4.842869303846925,5.750975018178669,0.3758843547097781,1.4055900656311175,0.0
1,0,4.842869303846925,5.750975018178669,0.3758843547097781,1.3501037755379053,0.0
1,1,4.842869303846925,5.750975018178669,0.3758843547097781,1.7630988664108456,1.0732209445568497e-89
2,0,4.842869303846925,5.750975018178669,0.3758843547097781,1.4597238382126518,0.0
2,1,4.842869303846925,5.750975018178669,0.3758843547097781,1.749160518950778,4.9323299206157093e-79
3,0,4.842869303846925,5.750975018178669,0.3758843547097781,1.3176176796792463,0.0
3,1,4.842869303846925,5.750975018178669,0.3758843547097781,1.5432446330966825,4.6806241757881695e-77
4,0,4.842869303846925,5.750975018178669,0.3758843547097781,1.032100181442209,0.0
4,1,4.842869303846925,5.750975018178669,0.3758843547097781,1.2217174041232397,6.580793666187806e-76
5,0,4.842869303846925,5.750975018178669,0.3758843547097781,0.7217916293625659,0.0
5,1,4.842869303846925,5.750975018178669,0.3758843547097781,0.8901925433651223,2.3954622206205877e-75
6,0,4.842869303846925,5.750975018178669,0.3758843547097781,0.4629908876070028,0.0
6,1,4.842869303846925,5.750975018178669,0.3758843547097781,0.6186390476395698,4.897882617165015e-75
7,0,4.842869303846925,5.750975018178669,0.3758843547097781,0.27674513611404095,0.0
7,1,4.842869303846925,5.750975018178669,0.3758843547097781,0.42469711036906904,7.333610947386304e-75
8,0,4.842869303846925,5.750975018178669,0.3758843547097781,0.1538072833434149,0.0
8,1,4.842869303846925,5.750975018178669,0.3758843547097781,0.2971580458735539,9.23024976629291e-75
9,0,4.842869303846925,5.750975018178669,0.3758843547097781,0.07701529816150302,0.0
9,1,4.842869303846925,5.750975018178669,0.3758843547097781,0.2176843845594414,1.0520642137134234e-74
10,0,4.842869303846925,5.750975018178669,0.3758843547097781,0.03084074240441348,0.0
10,1,4.842869303846925,5.750975018178669,0.3758843547097781,0.17002801346852633,1.1318334158467795e-74
11,0,4.842869303846925,5.750975018178669,0.3758843547097781,0.003757807736677249,0.0
11,1,4.842869303846925,5.750975018178669,0.3758843547097781,0.1422175933971937,1.1768024684284229e-74
12,0,4.842869303846925,5.750975018178669,0.3758843547097781,-0.012049525898444435,0.0
12,1,4.842869303846925,5.750975018178669,0.3758843547097781,0.1261595961993746,1.1989047172437388e-74
13,0,4.842869303846925,5.750975018178669,0.3758843547097781,-0.021619594790507138,0.0
13,1,4.842869303846925,5.750975018178669,0.3758843547097781,0.11664204749750265,1.2065630818377987e-74
14,0,4.842869303846925,5.750975018178669,0.3758843547097781,-0.028090128484464252,0.0
14,1,4.842869303846925,5.750975018178669,0.3758843547097781,0.11041804090230214,1.2052997323830807e-74
15,0,4.842869303846925,5.750975018178669,0.3758843547097781,-0.03335745742203562,0.0
15,1,4.842869303846925,5.750975018178669,0.3758843547097781,0.1055221656562205,1.1986043882424876e-74
16,0,4.842869303846925,5.750975018178669,0.3758843547097781,-0.03852900086736935,0.0
16,1,4.842869303846925,5.750975018178669,0.3758843547097781,0.10080292143473563,1.1886468465484467e-74
17,0,4.842869303846925,5.750975018178669,0.3758843547097781,-0.044220182996178706,0.0
17,1,4.842869303846925,5.750975018178669,0.3758843547097781,0.09561643925601729,1.1767716854180142e-74
18,0,4.842869303846925,5.750975018178669,0.3758843547097781,-0.050744457851774394,0.0
18,1,4.842869303846925,5.750975018178669,0.3758843547097781,0.08963064495074055,1.1638165743922608e-74
19,0,4.842869303846925,5.750975018178669,0.3758843547097781,-0.05823307407022879,0.0
19,1,4.842869303846925,5.750975018178669,0.3758843547097781,0.0827018822570356,1.1503093275682616e-74
0,0,6.767489244843735,6.351964459401516,0.2704060981533017,0.6931471805599441,0.0
0,1,6.767489244843735,6.351964459401516,0.2704060981533017,1.4055900656311175,0.0
1,0,6.767489244843735,6.351964459401516,0.2704060981533017,1.3633588012874465,0.0
1,1,6.767489244843735,6.351964459401516,0.2704060981533017,1.7877672875634931,4.0687452880402033e-78
2,0,6.767489244843735,6.351964459401516,0.2704060981533017,1.6810495192542312,0.0
2,1,6.767489244843735,6.351964459401516,0.2704060981533017,1.9715128024901094,2.1086416788666733e-60
3,0,6.767489244843735,6.351964459401516,0.2704060981533017,1.780817205544741,0.0
3,1,6.767489244843735,6.351964459401516,0.2704060981533017,2.0026334749555517,9.030721101281967e-57
4,0,6.767489244843735,6.351964459401516,0.2704060981533017,1.7605755007811141,0.0
4,1,6.767489244843735,6.351964459401516,0.2704060981533017,1.9410259505716507,1.7456454682719353e-55
5,0,6.767489244843735,6.351964459401516,0.2704060981533017,1.6619850537164345,0.0
5,1,6.767489244843735,6.351964459401516,0.2704060981533017,1.8163144254852681,8.624761743300806e-55
6,0,6.767489244843735,6.351964459401516,0.2704060981533017,1.5316609102248995,0.0
6,1,6.767489244843735,6.351964459401516,0.2704060981533017,1.6689878575127937,1.7485281910484316e-54
7,0,6.767489244843735,6.351964459401516,0.2704060981533017,1.4093170575990908,0.0
7,1,6.767489244843735,6.351964459401516,0.2704060981533017,1.5353825839834325,2.45996242421989e-54
8,0,6.767489244843735,6.351964459401516,0.2704060981533017,1.3153365002601647,0.0
8,1,6.767489244843735,6.351964459401516,0.2704060981533017,1.433862439066131,2.961055527529118e-54
9,0,6.767489244843735,6.351964459401516,0.2704060981533017,1.253445732249577,0.0
9,1,6.767489244843735,6.351964459401516,0.2704060981533017,1.3668953093969372,3.341607028257841e-54
10,0,6.767489244843735,6.351964459401516,0.2704060981533017,1.218926001418767,0.0
10,1,6.767489244843735,6.351964459401516,0.2704060981533017,1.3289539885722514,3.6776774169286194e-54
11,0,6.767489244843735,6.351964459401516,0.2704060981533017,1.204646744952334,0.0
11,1,6.767489244843735,6.351964459401516,0.2704060981533017,1.3123773539283727,4.0074582031065493e-54
12,0,6.767489244843735,6.351964459401516,0.2704060981533017,1.2039542951058986,0.0
12,1,6.767489244843735,6.351964459401516,0.2704060981533017,1.310158941595004,4.342805103207244e-54
13,0,6.767489244843735,6.351964459401516,0.2704060981533017,1.2116065891605816,0.0
13,1,6.767489244843735,6.351964459401516,0.2704060981533017,1.316820306906879,4.682435457126989e-54
14,0,6.767489244843735,6.351964459401516,0.2704060981533017,1.2238182594740785,0.0
14,1,6.767489244843735,6.351964459401516,0.2704060981533017,1.3284168769618567,5.02016085853565e-54
15,0,6.767489244843735,6.351964459401516,0.2704060981533017,1.238001537790839,0.0
15,1,6.767489244843735,6.351964459401516,0.2704060981533017,1.3422531106397546,5.349030279760092e-54
16,0,6.767489244843735,6.351964459401516,0.2704060981533017,1.2524600791118483,0.0
16,1,6.767489244843735,6.351964459401516,0.2704060981533017,1.356559232939914,5.663084700289804e-54
17,0,6.767489244843735,6.351964459401516,0.2704060981533017,1.266126415356887,0.0
17,1,6.767489244843735,6.351964459401516,0.2704060981533017,1.3702173008177527,5.95790209812363e-54
18,0,6.767489244843735,6.351964459401516,0.2704060981533017,1.2783624422651343,0.0
18,1,6.767489244843735,6.351964459401516,0.2704060981533017,1.382554099402151,6.230592638450082e-54
19,0,6.767489244843735,6.351964459401516,0.2704060981533017,1.2888166521865994,0.0
19,1,6.767489244843735,6.351964459401516,0.2704060981533017,1.3931933195672106,6.47957929449575e-54
0,0,9.45697845752215,6.955742708205337,0.1948720166206333,0.6931471805599441,0.0
0,1,9.45697845752215,6.955742708205337,0.1948720166206333,1.4055900656311175,0.0
1,0,9.45697845752215,6.955742708205337,0.1948720166206333,1.4122587093410277,0.0
1,1,9.45697845752215,6.955742708205337,0.1948720166206333,1.8389677941933933,4.984670872257835e-66
2,0,9.45697845752215,6.955742708205337,0.1948720166206333,1.8342862659240962,0.0
2,1,9.45697845752215,6.955742708205337,0.1948720166206333,2.1262827039041663,8.304235635582514e-44
3,0,9.45697845752215,6.955742708205337,0.1948720166206333,2.0858617052064847,0.0
3,1,9.45697845752215,6.955742708205337,0.1948720166206333,2.303748981436145,1.1705210838497443e-38
4,0,9.45697845752215,6.955742708205337,0.1948720166206333,2.2316394514357705,0.0
4,1,9.45697845752215,6.955742708205337,0.1948720166206333,2.4045808886461746,4.16338619513149e-37
5,0,9.45697845752215,6.955742708205337,0.1948720166206333,2.306185524197663,0.0
5,1,9.45697845752215,6.955742708205337,0.1948720166206333,2.449648098872834,2.672104685316171e-36
6,0,9.45697845752215,6.955742708205337,0.1948720166206333,2.3276360734009587,0.0
6,1,9.45697845752215,6.955742708205337,0.1948720166206333,2.450878850023896,6.427235498407274e-36
7,0,9.45697845752215,6.955742708205337,0.1948720166206333,2.3146809195545095,0.0
7,1,9.45697845752215,6.955742708205337,0.1948720166206333,2.423710705893728,1.0817162005282188e-35
8,0,9.45697845752215,6.955742708205337,0.1948720166206333,2.2861975830003582,0.0
8,1,9.45697845752215,6.955742708205337,0.1948720166206333,2.385113839616792,1.6921069779003425e-35
9,0,9.45697845752215,6.955742708205337,0.1948720166206333,2.2568214697243176,0.0
9,1,9.45697845752215,6.955742708205337,0.1948720166206333,2.3485067859405175,2.625433740464906e-35
10,0,9.45697845752215,6.955742708205337,0.1948720166206333,2.2346005141693985,0.0
10,1,9.45697845752215,6.955742708205337,0.1948720166206333,2.321123546568248,3.852840543773289e-35
11,0,9.45697845752215,6.955742708205337,0.1948720166206333,2.2219995633920115,0.0
11,1,9.45697845752215,6.955742708205337,0.1948720166206333,2.3048661514436537,5.177700713034858e-35
12,0,9.45697845752215,6.955742708205337,0.1948720166206333,2.218196048994182,0.0
12,1,9.45697845752215,6.955742708205337,0.1948720166206333,2.298510241950843,6.407351521532968e-35
13,0,9.45697845752215,6.955742708205337,0.1948720166206333,2.2210277048635554,0.0
13,1,9.45697845752215,6.955742708205337,0.1948720166206333,2.299600424748878,7.449608255263767e-35
14,0,9.45697845752215,6.955742708205337,0.1948720166206333,2.2281482751937407,0.0
14,1,9.45697845752215,6.955742708205337,0.1948720166206333,2.3055750218775266,8.302725800522172e-35
15,0,9.45697845752215,6.955742708205337,0.1948720166206333,2.2375449204209703,0.0
15,1,9.45697845752215,6.955742708205337,0.1948720166206333,2.3142632877856553,9.01012063548406e-35
16,0,9.45697845752215,6.955742708205337,0.1948720166206333,2.2476841447354534,0.0
16,1,9.45697845752215,6.955742708205337,0.1948720166206333,2.324016710838572,9.624641020875488e-35
17,0,9.45697845752215,6.955742708205337,0.1948720166206333,2.257485584895518,0.0
17,1,9.45697845752215,6.955742708205337,0.1948720166206333,2.3336716388082577,1.0190941140368333e-34
18,0,9.45697845752215,6.955742708205337,0.1948720166206333,2.2662362927532547,0.0
18,1,9.45697845752215,6.955742708205337,0.1948720166206333,2.3424549973761235,1.0740435354677817e-34
19,0,9.45697845752215,6.955742708205337,0.1948720166206333,2.2734983110581597,0.0
19,1,9.45697845752215,6.955742708205337,0.1948720166206333,2.3498854009057406,1.1292288738345146e-34
0,0,13.215306047834442,7.582729506041488,0.1383976045719105,0.6931471805599441,0.0
0,1,13.215306047834442,7.582729506041488,0.1383976045719105,1.4055900656311175,0.0
1,0,13.215306047834442,7.582729506041488,0.1383976045719105,1.4144359068784267,0.0
1,1,13.215306047834442,7.582729506041488,0.1383976045719105,1.8454484531810174,1.4831006544442205e-60
2,0,13.215306047834442,7.582729506041488,0.1383976045719105,1.8645889950408823,0.0
2,1,13.215306047834442,7.582729506041488,0.1383976045719105,2.159128108035823,1.0305658257519825e-31
3,0,13.215306047834442,7.582729506041488,0.1383976045719105,2.1617799509674254,0.0
3,1,13.215306047834442,7.582729506041488,0.1383976045719105,2.380671398865254,1.919865337509412e-26
4,0,13.215306047834442,7.582729506041488,0.1383976045719105,2.3665831189673994,0.0
4,1,13.215306047834442,7.582729506041488,0.1383976045719105,2.5388622159657785,9.846957877617938e-25
5,0,13.215306047834442,7.582729506041488,0.1383976045719105,2.5096037748065516,0.0
5,1,13.215306047834442,7.582729506041488,0.1383976045719105,2.650906941842811,1.1524780820340263e-23
6,0,13.215306047834442,7.582729506041488,0.1383976045719105,2.608824937581252,0.0
6,1,13.215306047834442,7.582729506041488,0.1383976045719105,2.728440209043193,3.9085372118274214e-23
7,0,13.215306047834442,7.582729506041488,0.1383976045719105,2.673842224863866,0.0
7,1,13.215306047834442,7.582729506041488,0.1383976045719105,2.7777218890189737,1.0540511142365778e-22
8,0,13.215306047834442,7.582729506041488,0.1383976045719105,2.713280924159046,0.0
8,1,13.215306047834442,7.582729506041488,0.1383976045719105,2.805468389640706,3.481324243592744e-22
9,0,13.215306047834442,7.582729506041488,0.1383976045719105,2.735529876987164,0.0
9,1,13.215306047834442,7.582729506041488,0.1383976045719105,2.8189076432125035,1.074785183295478e-21
10,0,13.215306047834442,7.582729506041488,0.1383976045719105,2.74813520297343,0.0
10,1,13.215306047834442,7.582729506041488,0.1383976045719105,2.824838313871815,2.4431923068544276e-21
11,0,13.215306047834442,7.582729506041488,0.1383976045719105,2.756570251145532,0.0
11,1,13.215306047834442,7.582729506041488,0.1383976045719105,2.828237821869705,4.221399067313634e-21
12,0,13.215306047834442,7.582729506041488,0.1383976045719105,2.763967219369968,0.0
12,1,13.215306047834442,7.582729506041488,0.1383976045719105,2.831888958522415,6.0667752754520294e-21
13,0,13.215306047834442,7.582729506041488,0.1383976045719105,2.7716064050656386,0.0
13,1,13.215306047834442,7.582729506041488,0.1383976045719105,2.8368061149489634,7.77559725342254e-21
14,0,13.215306047834442,7.582729506041488,0.1383976045719105,2.779630943061867,0.0
14,1,13.215306047834442,7.582729506041488,0.1383976045719105,2.842918129197935,9.282929853767644e-21
15,0,13.215306047834442,7.582729506041488,0.1383976045719105,2.7876487705928144,0.0
15,1,13.215306047834442,7.582729506041488,0.1383976045719105,2.8496566347146093,1.0589728088623734e-20
16,0,13.215306047834442,7.582729506041488,0.1383976045719105,2.7951197034608493,0.0
16,1,13.215306047834442,7.582729506041488,0.1383976045719105,2.856337407363597,1.1718997598421873e-20
17,0,13.215306047834442,7.582729506041488,0.1383976045719105,2.8015543186981287,0.0
17,1,13.215306047834442,7.582729506041488,0.1383976045719105,2.8623556250762308,1.2700955025430739e-20
18,0,13.215306047834442,7.582729506041488,0.1383976045719105,2.806588953144552,0.0
18,1,13.215306047834442,7.582729506041488,0.1383976045719105,2.8672571838272356,1.3568316382798725e-20
19,0,13.215306047834442,7.582729506041488,0.1383976045719105,2.8099941544632765,0.0
19,1,13.215306047834442,7.582729506041488,0.1383976045719105,2.870743114385185,1.4353141062533267e-20
0,0,18.4672424413758,8.216610819690366,0.0977560799467042,0.6931471805599441,0.0
0,1,18.4672424413758,8.216610819690366,0.0977560799467042,1.4055900656311175,0.0
1,0,18.4672424413758,8.216610819690366,0.0977560799467042,1.4084997190269852,0.0
1,1,18.4672424413758,8.216610819690366,0.0977560799467042,1.8421141872261126,2.260519819461426e-59
2,0,18.4672424413758,8.216610819690366,0.0977560799467042,1.859715432874704,0.0
2,1,18.4672424413758,8.216610819690366,0.0977560799467042,2.1575374012588977,1.09747867395936e-19
3,0,18.4672424413758,8.216610819690366,0.0977560799467042,2.17253414890668,0.0
3,1,18.4672424413758,8.216610819690366,0.0977560799467042,2.3938466244286007,1.917210463964596e-12
4,0,18.4672424413758,8.216610819690366,0.0977560799467042,2.4007498248024794,0.0
4,1,18.4672424413758,8.216610819690366,0.0977560799467042,2.5744086083862987,1.5698877894495263e-09
5,0,18.4672424413758,8.216610819690366,0.0977560799467042,2.5731366182917537,0.0
5,1,18.4672424413758,8.216610819690366,0.0977560799467042,2.714919825520104,3.817054871569327e-08
6,0,18.4672424413758,8.216610819690366,0.0977560799467042,2.706465925186601,0.0
6,1,18.4672424413758,8.216610819690366,0.0977560799467042,2.8257535918696943,2.2865441900557312e-07
7,0,18.4672424413758,8.216610819690366,0.0977560799467042,2.810591877588018,0.0
7,1,18.4672424413758,8.216610819690366,0.0977560799467042,2.913377131862142,1.3815763070129458e-06
8,0,18.4672424413758,8.216610819690366,0.0977560799467042,2.8919347755634677,0.0
8,1,18.4672424413758,8.216610819690366,0.0977560799467042,2.9822428747817367,1.1176332250486627e-05
9,0,18.4672424413758,8.216610819690366,0.0977560799467042,2.954918994377496,0.0
9,1,18.4672424413758,8.216610819690366,0.0977560799467042,3.0355923108001757,6.763473879630878e-05
10,0,18.4672424413758,8.216610819690366,0.0977560799467042,3.0034774335232686,0.0
10,1,18.4672424413758,8.216610819690366,0.0977560799467042,3.076593872457344,0.00025223104727619013
11,0,18.4672424413758,8.216610819690366,0.0977560799467042,3.0413230958212143,0.0
11,1,18.4672424413758,8.216610819690366,0.0977560799467042,3.1084586430640133,0.0006378900983377785
12,0,18.4672424413758,8.216610819690366,0.0977560799467042,3.0715424917709173,0.0
12,1,18.4672424413758,8.216610819690366,0.0977560799467042,3.1339440186886884,0.0012348243477522266
13,0,18.4672424413758,8.216610819690366,0.0977560799467042,3.096247599643811,0.0
13,1,18.4672424413758,8.216610819690366,0.0977560799467042,3.1549416237567547,0.0019953496217151702
14,0,18.4672424413758,8.216610819690366,0.0977560799467042,3.1165690458961643,0.0
14,1,18.4672424413758,8.216610819690366,0.0977560799467042,3.17242433823625,0.002849113737977381
15,0,18.4672424413758,8.216610819690366,0.0977560799467042,3.132951484300266,0.0
15,1,18.4672424413758,8.216610819690366,0.0977560799467042,3.1867107353278312,0.003732088467353479
16,0,18.4672424413758,8.216610819690366,0.0977560799467042,3.1455063962792833,0.0
16,1,18.4672424413758,8.216610819690366,0.0977560799467042,3.197800893201547,0.004599015827887293
17,0,18.4672424413758,8.216610819690366,0.0977560799467042,3.1542688370058647,0.0
17,1,18.4672424413758,8.216610819690366,0.0977560799467042,3.2056267699597756,0.005425053435733869
18,0,18.4672424413758,8.216610819690366,0.0977560799467042,3.1593279644201795,0.0
18,1,18.4672424413758,8.216610819690366,0.0977560799467042,3.2101824582789544,0.006202551390774174
19,0,18.4672424413758,8.216610819690366,0.0977560799467042,3.160863058470339,0.0
19,1,18.4672424413758,8.216610819690366,0.0977560799467042,3.211562108935295,0.00693587611148097
0,0,25.806367416245845,8.866411261527283,0.0678124043298422,0.6931471805599441,0.0
0,1,25.806367416245845,8.866411261527283,0.0678124043298422,1.4055900656311175,0.0
1,0,25.806367416245845,8.866411261527283,0.0678124043298422,1.4060718436968491,0.0
1,1,25.806367416245845,8.866411261527283,0.0678124043298422,1.8405581842663654,7.169211363345486e-81
2,0,25.806367416245845,8.866411261527283,0.0678124043298422,1.8492274682880685,0.0
2,1,25.806367416245845,8.866411261527283,0.0678124043298422,2.1495734927071206,2.7564025005789106e-26
3,0,25.806367416245845,8.866411261527283,0.0678124043298422,2.163471903323175,0.0
3,1,25.806367416245845,8.866411261527283,0.0678124043298422,2.387259998919217,3.0396021003914345e-16
4,0,25.806367416245845,8.866411261527283,0.0678124043298422,2.3993370710932176,0.0
4,1,25.806367416245845,8.866411261527283,0.0678124043298422,2.574995031748944,2.8826141360607804e-12
5,0,25.806367416245845,8.866411261527283,0.0678124043298422,2.583478697781146,0.0
5,1,25.806367416245845,8.866411261527283,0.0678124043298422,2.726663925180106,2.37231570857921e-10
6,0,25.806367416245845,8.866411261527283,0.0678124043298422,2.7309496643302995,0.0
6,1,25.806367416245845,8.866411261527283,0.0678124043298422,2.851137638423319,5.078391039615233e-09
7,0,25.806367416245845,8.866411261527283,0.0678124043298422,2.851891238553321,0.0
7,1,25.806367416245845,8.866411261527283,0.0678124043298422,2.9551031886700443,2.1992987511285553e-07
8,0,25.806367416245845,8.866411261527283,0.0678124043298422,2.9524257483488325,0.0
8,1,25.806367416245845,8.866411261527283,0.0678124043298422,3.0427290156734292,5.415349636362725e-06
9,0,25.806367416245845,8.866411261527283,0.0678124043298422,3.0369710936015046,0.0
9,1,25.806367416245845,8.866411261527283,0.0678124043298422,3.1172037582338334,5.803994944416977e-05
10,0,25.806367416245845,8.866411261527283,0.0678124043298422,3.1085158156068546,0.0
10,1,25.806367416245845,8.866411261527283,0.0678124043298422,3.180736961837451,0.0003329571880874666
11,0,25.806367416245845,8.866411261527283,0.0678124043298422,3.169385951473159,0.0
11,1,25.806367416245845,8.866411261527283,0.0678124043298422,3.2351310205817856,0.001277339862563267
12,0,25.806367416245845,8.866411261527283,0.0678124043298422,3.22138939142435,0.0
12,1,25.806367416245845,8.866411261527283,0.0678124043298422,3.2818427597413056,0.0037272621372486407
13,0,25.806367416245845,8.866411261527283,0.0678124043298422,3.265913916292976,0.0
13,1,25.806367416245845,8.866411261527283,0.0678124043298422,3.322027324090495,0.008808286866542
14,0,25.806367416245845,8.866411261527283,0.0678124043298422,3.3038479062952537,0.0
14,1,25.806367416245845,8.866411261527283,0.0678124043298422,3.3564241907216603,0.0176249186812145
15,0,25.806367416245845,8.866411261527283,0.0678124043298422,3.3355834896890526,0.0
15,1,25.806367416245845,8.866411261527283,0.0678124043298422,3.3853308770294843,0.030877380048858198
16,0,25.806367416245845,8.866411261527283,0.0678124043298422,3.361167076946567,0.0
16,1,25.806367416245845,8.866411261527283,0.0678124043298422,3.408727523294077,0.04856767361270067
17,0,25.806367416245845,8.866411261527283,0.0678124043298422,3.3805275626286377,0.0
17,1,25.806367416245845,8.866411261527283,0.0678124043298422,3.4264854917959604,0.06995871050854141
18,0,25.806367416245845,8.866411261527283,0.0678124043298422,3.393666391202402,0.0
18,1,25.806367416245845,8.866411261527283,0.0678124043298422,3.438546743327289,0.09379489758569579
19,0,25.806367416245845,8.866411261527283,0.0678124043298422,3.4007587777264012,0.0
19,1,25.806367416245845,8.866411261527283,0.0678124043298422,3.4450220433532515,0.11865502628826978
0,0,36.06215715943463,9.521640850867392,0.0462946974734739,0.6931471805599441,0.0
0,1,36.06215715943463,9.521640850867392,0.0462946974734739,1.4055900656311175,0.0
1,0,36.06215715943463,9.521640850867392,0.0462946974734739,1.405627347929501,0.0
1,1,36.06215715943463,9.521640850867392,0.0462946974734739,1.8402697629384939,7.109478897168599e-113
2,0,36.06215715943463,9.521640850867392,0.0462946974734739,1.8427391310055448,0.0
2,1,36.06215715943463,9.521640850867392,0.0462946974734739,2.144408036556714,1.4386271551706791e-36
3,0,36.06215715943463,9.521640850867392,0.0462946974734739,2.152404079329385,0.0
3,1,36.06215715943463,9.521640850867392,0.0462946974734739,2.3780517477517362,1.875819799119722e-22
4,0,36.06215715943463,9.521640850867392,0.0462946974734739,2.3879744660083295,0.0
4,1,36.06215715943463,9.521640850867392,0.0462946974734739,2.565431867953122,8.066299830142454e-17
5,0,36.06215715943463,9.521640850867392,0.0462946974734739,2.5744550676452986,0.0
5,1,36.06215715943463,9.521640850867392,0.0462946974734739,2.719226146383692,3.9537928189389646e-14
6,0,36.06215715943463,9.521640850867392,0.0462946974734739,2.726689753938736,0.0
6,1,36.06215715943463,9.521640850867392,0.0462946974734739,2.848148082222074,3.649552338964001e-12
7,0,36.06215715943463,9.521640850867392,0.0462946974734739,2.8536134148695997,0.0
7,1,36.06215715943463,9.521640850867392,0.0462946974734739,2.9578186621003253,9.475494905456196e-10
8,0,36.06215715943463,9.521640850867392,0.0462946974734739,2.9614461106231276,0.0
8,1,36.06215715943463,9.521640850867392,0.0462946974734739,3.052477323875757,8.553750085738039e-08
9,0,36.06215715943463,9.521640850867392,0.0462946974734739,3.0542783235367694,0.0
9,1,36.06215715943463,9.521640850867392,0.0462946974734739,3.1350042898854396,2.765204782190594e-06
10,0,36.06215715943463,9.521640850867392,0.0462946974734739,3.1351600993361086,0.0
10,1,36.06215715943463,9.521640850867392,0.0462946974734739,3.2076534466931887,4.259666555854879e-05
11,0,36.06215715943463,9.521640850867392,0.0462946974734739,3.206291742197875,0.0
11,1,36.06215715943463,9.521640850867392,0.0462946974734739,3.272092066988967,0.00036089499471220166
12,0,36.06215715943463,9.521640850867392,0.0462946974734739,3.269363440189112,0.0
12,1,36.06215715943463,9.521640850867392,0.0462946974734739,3.32963865723086,0.0019120397585764594
13,0,36.06215715943463,9.521640850867392,0.0462946974734739,3.325557804529927,0.0
13,1,36.06215715943463,9.521640850867392,0.0462946974734739,3.3812188534213847,0.007006020535291441
14,0,36.06215715943463,9.521640850867392,0.0462946974734739,3.375551565419215,0.0
14,1,36.06215715943463,9.521640850867392,0.0462946974734739,3.4273376161950315,0.019285755725490246
15,0,36.06215715943463,9.521640850867392,0.0462946974734739,3.4195830978108375,0.0
15,1,36.06215715943463,9.521640850867392,0.0462946974734739,3.4681254187099673,0.04256394406112836
16,0,36.06215715943463,9.521640850867392,0.0462946974734739,3.457491688211362,0.0
16,1,36.06215715943463,9.521640850867392,0.0462946974734739,3.5033600241921024,0.07914968898391722
17,0,36.06215715943463,9.521640850867392,0.0462946974734739,3.488764015346185,0.0
17,1,36.06215715943463,9.521640850867392,0.0462946974734739,3.532498138983215,0.1286655383537556
18,0,36.06215715943463,9.521640850867392,0.0462946974734739,3.5127264532752154,0.0
18,1,36.06215715943463,9.521640850867392,0.0462946974734739,3.5548504608895612,0.187962177173929
19,0,36.06215715943463,9.521640850867392,0.0462946974734739,3.528818245289477,0.0
19,1,36.06215715943463,9.521640850867392,0.0462946974734739,3.5698386138205147,0.2521525668023359
0,0,50.3937326015545,10.18218987170719,0.0307055848225158,0.6931471805599441,0.0
0,1,50.3937326015545,10.18218987170719,0.0307055848225158,1.4055900656311175,0.0
1,0,50.3937326015545,10.18218987170719,0.0307055848225158,1.405591102367509,0.0
1,1,50.3937326015545,10.18218987170719,0.0307055848225158,1.8402462264811918,1.094848245193514e-157
2,0,50.3937326015545,10.18218987170719,0.0307055848225158,1.840624240314226,0.0
2,1,50.3937326015545,10.18218987170719,0.0307055848225158,2.142707009116734,5.625065156048719e-51
3,0,50.3937326015545,10.18218987170719,0.0307055848225158,2.1455849456076326,0.0
3,1,50.3937326015545,10.18218987170719,0.0307055848225158,2.3722821110213212,2.830741741133466e-31
4,0,50.3937326015545,10.18218987170719,0.0307055848225158,2.377941421793656,0.0
4,1,50.3937326015545,10.18218987170719,0.0307055848225158,2.5566885978823612,2.428486680654233e-23
5,0,50.3937326015545,10.18218987170719,0.0307055848225158,2.5632484183473143,0.0
5,1,50.3937326015545,10.18218987170719,0.0307055848225158,2.7093062295986248,1.3192967026076945e-19
6,0,50.3937326015545,10.18218987170719,0.0307055848225158,2.715688166272599,0.0
6,1,50.3937326015545,10.18218987170719,0.0307055848225158,2.8383324957472063,6.994577541622579e-16
7,0,50.3937326015545,10.18218987170719,0.0307055848225158,2.8440675534300435,0.0
7,1,50.3937326015545,10.18218987170719,0.0307055848225158,2.9492997784939354,1.0639183590297104e-11
8,0,50.3937326015545,10.18218987170719,0.0307055848225158,2.9541062118586248,0.0
8,1,50.3937326015545,10.18218987170719,0.0307055848225158,3.046007583414128,9.797511690202652e-09
9,0,50.3937326015545,10.18218987170719,0.0307055848225158,3.0498401647498343,0.0
9,1,50.3937326015545,10.18218987170719,0.0307055848225158,3.1312839623058486,1.157695716974034e-06
10,0,50.3937326015545,10.18218987170719,0.0307055848225158,3.134137771368232,0.0
10,1,50.3937326015545,10.18218987170719,0.0307055848225158,3.207210847163493,3.2642609733478886e-05
11,0,50.3937326015545,10.18218987170719,0.0307055848225158,3.2091417759925,0.0
11,1,50.3937326015545,10.18218987170719,0.0307055848225158,3.275396701189073,0.00035682825245290006
12,0,50.3937326015545,10.18218987170719,0.0307055848225158,3.276489590878252,0.0
12,1,50.3937326015545,10.18218987170719,0.0307055848225158,3.3371055024394076,0.0020914259092143397
13,0,50.3937326015545,10.18218987170719,0.0307055848225158,3.3374753480808703,0.0
13,1,50.3937326015545,10.18218987170719,0.0307055848225158,3.3933627061748792,0.008008312109866304
14,0,50.3937326015545,10.18218987170719,0.0307055848225158,3.3930632021642104,0.0
14,1,50.3937326015545,10.18218987170719,0.0307055848225158,3.444938055830696,0.022870048994075364
15,0,50.3937326015545,10.18218987170719,0.0307055848225158,3.443757157560702,0.0
15,1,50.3937326015545,10.18218987170719,0.0307055848225158,3.4922023958736164,0.052713836457018486
16,0,50.3937326015545,10.18218987170719,0.0307055848225158,3.489480098486196,0.0
16,1,50.3937326015545,10.18218987170719,0.0307055848225158,3.5350003108838264,0.10257533366732213
17,0,50.3937326015545,10.18218987170719,0.0307055848225158,3.5295560019106187,0.0
17,1,50.3937326015545,10.18218987170719,0.0307055848225158,3.5726238542950224,0.1735992672541019
18,0,50.3937326015545,10.18218987170719,0.0307055848225158,3.562811191590799,0.0
18,1,50.3937326015545,10.18218987170719,0.0307055848225158,3.6039020617310618,0.2615982500254451
19,0,50.3937326015545,10.18218987170719,0.0307055848225158,3.587830136667124,0.0
19,1,50.3937326015545,10.18218987170719,0.0307055848225158,3.6274398886701285,0.3582279319107567
0,0,70.42086457250619,10.835345879555764,0.0197012948815759,0.6931471805599441,0.0
0,1,70.42086457250619,10.835345879555764,0.0197012948815759,1.4055900656311175,0.0
1,0,70.42086457250619,10.835345879555764,0.0197012948815759,1.4055900725695056,0.0
1,1,70.42086457250619,10.835345879555764,0.0197012948815759,1.8402455577588661,2.7295982855212658e-220
2,0,70.42086457250619,10.835345879555764,0.0197012948815759,1.8402718938375937,0.0
2,1,70.42086457250619,10.835345879555764,0.0197012948815759,2.142423030695353,4.246860820771337e-71
3,0,70.42086457250619,10.835345879555764,0.0197012948815759,2.143013316206952,0.0
3,1,70.42086457250619,10.835345879555764,0.0197012948815759,2.3701052515395324,1.452342910282897e-43
4,0,70.42086457250619,10.835345879555764,0.0197012948815759,2.3722771968918606,0.0
4,1,70.42086457250619,10.835345879555764,0.0197012948815759,2.551738146310206,2.084430786490925e-32
5,0,70.42086457250619,10.835345879555764,0.0197012948815759,2.5553038408873636,0.0
5,1,70.42086457250619,10.835345879555764,0.0197012948815759,2.702216286193125,2.6059317363867417e-27
6,0,70.42086457250619,10.835345879555764,0.0197012948815759,2.7063783245438446,0.0
6,1,70.42086457250619,10.835345879555764,0.0197012948815759,2.82990436469582,2.317477584526693e-21
7,0,70.42086457250619,10.835345879555764,0.0197012948815759,2.834143900152478,0.0
7,1,70.42086457250619,10.835345879555764,0.0197012948815759,2.940223002203797,1.8452159387835757e-15
8,0,70.42086457250619,10.835345879555764,0.0197012948815759,2.944257642100123,0.0
8,1,70.42086457250619,10.835345879555764,0.0197012948815759,3.0369327899942697,2.4075768972883297e-11
9,0,70.42086457250619,10.835345879555764,0.0197012948815759,3.0405931526055285,0.0
9,1,70.42086457250619,10.835345879555764,0.0197012948815759,3.1227236778335397,1.96757708491519e-08
10,0,70.42086457250619,10.835345879555764,0.0197012948815759,3.1259060058123866,0.0
10,1,70.42086457250619,10.835345879555764,0.0197012948815759,3.199576466781303,2.45988878000199e-06
11,0,70.42086457250619,10.835345879555764,0.0197012948815759,3.2022365515244724,0.0
11,1,70.42086457250619,10.835345879555764,0.0197012948815759,3.2690042095779708,7.760585625414577e-05
12,0,70.42086457250619,10.835345879555764,0.0197012948815759,3.2711411382203233,0.0
12,1,70.42086457250619,10.835345879555764,0.0197012948815759,3.332193344549391,0.0008915788712460472
13,0,70.42086457250619,10.835345879555764,0.0197012948815759,3.3338352672747704,0.0
13,1,70.42086457250619,10.835345879555764,0.0197012948815759,3.390093304178409,0.0050505901567341185
14,0,70.42086457250619,10.835345879555764,0.0197012948815759,3.3913152615055826,0.0
14,1,70.42086457250619,10.835345879555764,0.0197012948815759,3.4435028669934917,0.017938952889981673
15,0,70.42086457250619,10.835345879555764,0.0197012948815759,3.4443647184322814,0.0
15,1,70.42086457250619,10.835345879555764,0.0197012948815759,3.493057797496287,0.046964821656831225
16,0,70.42086457250619,10.835345879555764,0.0197012948815759,3.493386003630174,0.0
16,1,70.42086457250619,10.835345879555764,0.0197012948815759,3.5390571902295553,0.09923011563252948
17,0,70.42086457250619,10.835345879555764,0.0197012948815759,3.538100365618442,0.0
17,1,70.42086457250619,10.835345879555764,0.0197012948815759,3.5811676002044264,0.17792833702664865
18,0,70.42086457250619,10.835345879555764,0.0197012948815759,3.577334715537935,0.0
18,1,70.42086457250619,10.835345879555764,0.0197012948815759,3.6182129691066827,0.2797235934927559
19,0,70.42086457250619,10.835345879555764,0.0197012948815759,3.609103472918627,0.0
19,1,70.42086457250619,10.835345879555764,0.0197012948815759,3.6482483871176017,0.3948744317847829
0,0,98.40704212861336,11.493228383667637,0.0117385566682873,0.6931471805599441,0.0
0,1,98.40704212861336,11.493228383667637,0.0117385566682873,1.4055900656311175,0.0
1,0,98.40704212861336,11.493228383667637,0.0117385566682873,1.4055900656374662,0.0
1,1,98.40704212861336,11.493228383667637,0.0117385566682873,1.8402455532573914,1.0003779054934773e-307
2,0,98.40704212861336,11.493228383667637,0.0117385566682873,1.8402461845502072,0.0
2,1,98.40704212861336,11.493228383667637,0.0117385566682873,2.142402304419653,3.3756559238596834e-99
3,0,98.40704212861336,11.493228383667637,0.0117385566682873,2.1424615206463082,0.0
3,1,98.40704212861336,11.493228383667637,0.0117385566682873,2.3696389240235862,9.658425309044582e-61
4,0,98.40704212861336,11.493228383667637,0.0117385566682873,2.37013391605823,0.0
4,1,98.40704212861336,11.493228383667637,0.0117385566682873,2.549869354805533,4.500705478388874e-45
5,0,98.40704212861336,11.493228383667637,0.0117385566682873,2.5512041103499667,0.0
5,1,98.40704212861336,11.493228383667637,0.0117385566682873,2.6985602385928695,4.565585392565552e-38
6,0,98.40704212861336,11.493228383667637,0.0117385566682873,2.700628218515831,0.0
6,1,98.40704212861336,11.493228383667637,0.0117385566682873,2.824692969324116,2.2067606013552997e-29
7,0,98.40704212861336,11.493228383667637,0.0117385566682873,2.827163084560966,0.0
7,1,98.40704212861336,11.493228383667637,0.0117385566682873,2.933820633188154,3.5782060467650986e-21
8,0,98.40704212861336,11.493228383667637,0.0117385566682873,2.9364506205666574,0.0
8,1,98.40704212861336,11.493228383667637,0.0117385566682873,3.0297058016191056,2.2878955722161643e-15
9,0,98.40704212861336,11.493228383667637,0.0117385566682873,3.032342579583019,0.0
9,1,98.40704212861336,11.493228383667637,0.0117385566682873,3.115028360843654,2.624007334439437e-11
10,0,98.40704212861336,11.493228383667637,0.0117385566682873,3.1175549481142815,0.0
10,1,98.40704212861336,11.493228383667637,0.0117385566682873,3.191739809664972,2.254915418448197e-08
11,0,98.40704212861336,11.493228383667637,0.0117385566682873,3.194075992102545,0.0
11,1,98.40704212861336,11.493228383667637,0.0117385566682873,3.2613091115937785,3.095032742948547e-06
12,0,98.40704212861336,11.493228383667637,0.0117385566682873,3.263397423403669,0.0
12,1,98.40704212861336,11.493228383667637,0.0117385566682873,3.32486417590122,0.00010858023244570203
13,0,98.40704212861336,11.493228383667637,0.0117385566682873,3.3266804123875255,0.0
13,1,98.40704212861336,11.493228383667637,0.0117385566682873,3.383303452116528,0.0013592672973677248
14,0,98.40704212861336,11.493228383667637,0.0117385566682873,3.3848460572947916,0.0
14,1,98.40704212861336,11.493228383667637,0.0117385566682873,3.4373543999815164,0.008002632119853697
15,0,98.40704212861336,11.493228383667637,0.0117385566682873,3.4386893116658603,0.0
15,1,98.40704212861336,11.493228383667637,0.0117385566682873,3.487663869711562,0.028192450544260627
16,0,98.40704212861336,11.493228383667637,0.0117385566682873,3.4888780031217355,0.0
16,1,98.40704212861336,11.493228383667637,0.0117385566682873,3.53478484138673,0.07159029176752434
17,0,98.40704212861336,11.493228383667637,0.0117385566682873,3.5356178999184404,0.0
17,1,98.40704212861336,11.493228383667637,0.0117385566682873,3.578847417091022,0.14557853883907215
18,0,98.40704212861336,11.493228383667637,0.0117385566682873,3.5781380449297733,0.0
18,1,98.40704212861336,11.493228383667637,0.0117385566682873,3.619059215000571,0.2500232167252412
19,0,98.40704212861336,11.493228383667637,0.0117385566682873,3.614375032943964,0.0
19,1,98.40704212861336,11.493228383667637,0.0117385566682873,3.653398464129131,0.3748895316564377
0,0,137.51529464015564,12.04359120448903,0.0069508298887387,0.6931471805599441,0.0
0,1,137.51529464015564,12.04359120448903,0.0069508298887387,1.4055900656311175,0.0
1,0,137.51529464015564,12.04359120448903,0.0069508298887387,1.4055900656311178,0.0
1,1,137.51529464015564,12.04359120448903,0.0069508298887387,1.8402455532532689,0.0
2,0,137.51529464015564,12.04359120448903,0.0069508298887387,1.840245556685997,0.0
2,1,137.51529464015564,12.04359120448903,0.0069508298887387,2.1424017982404187,1.9254881141277373e-138
3,0,137.51529464015564,12.04359120448903,0.0069508298887387,2.1424040935531887,0.0
3,1,137.51529464015564,12.04359120448903,0.0069508298887387,2.3695904358745197,9.923810374520688e-85
4,0,137.51529464015564,12.04359120448903,0.0069508298887387,2.369646993818525,0.0
4,1,137.51529464015564,12.04359120448903,0.0069508298887387,2.549445831629706,9.427137028549023e-63
5,0,137.51529464015564,12.04359120448903,0.0069508298887387,2.5497456011625466,0.0
5,1,137.51529464015564,12.04359120448903,0.0069508298887387,2.6972628801320866,4.0724545872051076e-53
6,0,137.51529464015564,12.04359120448903,0.0069508298887387,2.6979705809259165,0.0
6,1,137.51529464015564,12.04359120448903,0.0069508298887387,2.8222888226113163,9.470561085515388e-41
7,0,137.51529464015564,12.04359120448903,0.0069508298887387,2.823378483117279,0.0
7,1,137.51529464015564,12.04359120448903,0.0069508298887387,2.9303534867558225,2.4918991886284713e-29
8,0,137.51529464015564,12.04359120448903,0.0069508298887387,2.9317016182637303,0.0
8,1,137.51529464015564,12.04359120448903,0.0069508298887387,3.0253124650582928,3.86691016662279e-21
9,0,137.51529464015564,12.04359120448903,0.0069508298887387,3.0268096348441698,0.0
9,1,137.51529464015564,12.04359120448903,0.0069508298887387,3.1098691924171895,1.8449161467590907e-15
10,0,137.51529464015564,12.04359120448903,0.0069508298887387,3.111439345053411,0.0
10,1,137.51529464015564,12.04359120448903,0.0069508298887387,3.185999422146919,2.2328206293394585e-11
11,0,137.51529464015564,12.04359120448903,0.0069508298887387,3.187581332558865,0.0
11,1,137.51529464015564,12.04359120448903,0.0069508298887387,3.255178374735819,2.2118294879912107e-08
12,0,137.51529464015564,12.04359120448903,0.0069508298887387,3.256720324999442,0.0
12,1,137.51529464015564,12.04359120448903,0.0069508298887387,3.3185304545079912,3.6046023912001417e-06
13,0,137.51529464015564,12.04359120448903,0.0069508298887387,3.3199882035102246,0.0
13,1,137.51529464015564,12.04359120448903,0.0069508298887387,3.3769287168543105,0.00014722904385816658
14,0,137.51529464015564,12.04359120448903,0.0069508298887387,3.37826904898768,0.0
14,1,137.51529464015564,12.04359120448903,0.0069508298887387,3.4310668149226458,0.0020267857615682994
15,0,137.51529464015564,12.04359120448903,0.0069508298887387,3.432290024455717,0.0
15,1,137.51529464015564,12.04359120448903,0.0069508298887387,3.4815278047867686,0.012216432911215604
16,0,137.51529464015564,12.04359120448903,0.0069508298887387,3.4827089445425106,0.0
16,1,137.51529464015564,12.04359120448903,0.0069508298887387,3.528856249076636,0.04196852275252489
17,0,137.51529464015564,12.04359120448903,0.0069508298887387,3.530081777101797,0.0
17,1,137.51529464015564,12.04359120448903,0.0069508298887387,3.573517825689505,0.10246843606967018
18,0,137.51529464015564,12.04359120448903,0.0069508298887387,3.5742046662735714,0.0
18,1,137.51529464015564,12.04359120448903,0.0069508298887387,3.6152641877176386,0.1989093468203624
19,0,137.51529464015564,12.04359120448903,0.0069508298887387,3.6134938277360584,0.0
19,1,137.51529464015564,12.04359120448903,0.0069508298887387,3.6525337218731444,0.3248925013452514
0,0,192.1656809403309,12.427026173012427,0.004550258757946,0.6931471805599441,0.0
0,1,192.1656809403309,12.427026173012427,0.004550258757946,1.4055900656311175,0.0
1,0,192.1656809403309,12.427026173012427,0.004550258757946,1.4055900656311175,0.0
1,1,192.1656809403309,12.427026173012427,0.004550258757946,1.8402455532532684,0.0
2,0,192.1656809403309,12.427026173012427,0.004550258757946,1.8402455532556186,0.0
2,1,192.1656809403309,12.427026173012427,0.004550258757946,2.142401795474873,2.905721318522695e-193
3,0,192.1656809403309,12.427026173012427,0.004550258757946,2.142401819660015,0.0
3,1,192.1656809403309,12.427026173012427,0.004550258757946,2.369588516434545,3.105366087260096e-118
4,0,192.1656809403309,12.427026173012427,0.004550258757946,2.3695910750645317,0.0
4,1,192.1656809403309,12.427026173012427,0.004550258757946,2.549397267393139,1.8844149147736667e-87
5,0,192.1656809403309,12.427026173012427,0.004550258757946,2.549430865343219,0.0
5,1,192.1656809403309,12.427026173012427,0.004550258757946,2.696983568604932,3.997976725620192e-74
6,0,192.1656809403309,12.427026173012427,0.004550258757946,2.6971272396186077,0.0
6,1,192.1656809403309,12.427026173012427,0.004550258757946,2.821527697731586,1.1196879988382583e-56
7,0,192.1656809403309,12.427026173012427,0.004550258757946,2.8218522872627454,0.0
7,1,192.1656809403309,12.427026173012427,0.004550258757946,2.928957966095919,9.46058980899955e-41
8,0,192.1656809403309,12.427026173012427,0.004550258757946,2.9294687018586414,0.0
8,1,192.1656809403309,12.427026173012427,0.004550258757946,3.023249851503837,3.1091967299846764e-29
9,0,192.1656809403309,12.427026173012427,0.004550258757946,3.023907420895059,0.0
9,1,192.1656809403309,12.427026173012427,0.004550258757946,3.1071666462800094,2.8439464193879007e-21
10,0,192.1656809403309,12.427026173012427,0.004550258757946,3.1079274116963074,0.0
10,1,192.1656809403309,12.427026173012427,0.004550258757946,3.182707449542628,1.3773638286765145e-15
11,0,192.1656809403309,12.427026173012427,0.004550258757946,3.1835384150820216,0.0
11,1,192.1656809403309,12.427026173012427,0.004550258757946,3.2513673507036116,2.098455724786487e-11
12,0,192.1656809403309,12.427026173012427,0.004550258757946,3.2522430697029034,0.0
12,1,192.1656809403309,12.427026173012427,0.004550258757946,3.314289326132151,2.7250228859265088e-08
13,0,192.1656809403309,12.427026173012427,0.004550258757946,3.3151835936825877,0.0
13,1,192.1656809403309,12.427026173012427,0.004550258757946,3.372357822438732,5.47115031607008e-06
14,0,192.1656809403309,12.427026173012427,0.004550258757946,3.3732504443014126,0.0
14,1,192.1656809403309,12.427026173012427,0.004550258757946,3.426273876986799,0.000251036624393479
15,0,192.1656809403309,12.427026173012427,0.004550258757946,3.4271349531292055,0.0
15,1,192.1656809403309,12.427026173012427,0.004550258757946,3.476587663341637,0.003557514454685699
16,0,192.1656809403309,12.427026173012427,0.004550258757946,3.477417358793849,0.0
16,1,192.1656809403309,12.427026173012427,0.004550258757946,3.5237706137593694,0.02045145200373334
17,0,192.1656809403309,12.427026173012427,0.004550258757946,3.5247044404146384,0.0
17,1,192.1656809403309,12.427026173012427,0.004550258757946,3.568338229307271,0.06417618422454309
18,0,192.1656809403309,12.427026173012427,0.004550258757946,3.5694020216526026,0.0
18,1,192.1656809403309,12.427026173012427,0.004550258757946,3.6106271769488005,0.14534721128245895
19,0,192.1656809403309,12.427026173012427,0.004550258757946,3.610717810337612,0.0
19,1,192.1656809403309,12.427026173012427,0.004550258757946,3.649834836700855,0.26834069703956315
0,0,268.5348493626968,12.649675324913447,0.0035488677168109,0.6931471805599441,0.0
0,1,268.5348493626968,12.649675324913447,0.0035488677168109,1.4055900656311175,0.0
1,0,268.5348493626968,12.649675324913447,0.0035488677168109,1.4055900656311175,0.0
1,1,268.5348493626968,12.649675324913447,0.0035488677168109,1.8402455532532684,0.0
2,0,268.5348493626968,12.649675324913447,0.0035488677168109,1.8402455532532687,0.0
2,1,268.5348493626968,12.649675324913447,0.0035488677168109,2.1424017954729786,7.4163370775364435e-270
3,0,268.5348493626968,12.649675324913447,0.0035488677168109,2.142401795514637,0.0
3,1,268.5348493626968,12.649675324913447,0.0035488677168109,2.3695884960537614,4.99325317378518e-165
4,0,268.5348493626968,12.649675324913447,0.0035488677168109,2.3695885288590928,0.0
4,1,268.5348493626968,12.649675324913447,0.0035488677168109,2.5493950574895523,5.804136145154357e-122
5,0,268.5348493626968,12.649675324913447,0.0035488677168109,2.5493965165657215,0.0
5,1,268.5348493626968,12.649675324913447,0.0035488677168109,2.6969531330259664,1.922269183424961e-103
6,0,268.5348493626968,12.649675324913447,0.0035488677168109,2.696967219796259,0.0
6,1,268.5348493626968,12.649675324913447,0.0035488677168109,2.821383561636249,5.3504340886555704e-79
7,0,268.5348493626968,12.649675324913447,0.0035488677168109,2.821438969149974,0.0
7,1,268.5348493626968,12.649675324913447,0.0035488677168109,2.9285807575962797,9.46419074452751e-57
8,0,268.5348493626968,12.649675324913447,0.0035488677168109,2.928707022315642,0.0
8,1,268.5348493626968,12.649675324913447,0.0035488677168109,3.022547396300437,1.322647713375765e-40
9,0,268.5348493626968,12.649675324913447,0.0035488677168109,3.022754061061242,0.0
9,1,268.5348493626968,12.649675324913447,0.0035488677168109,3.106094026419701,2.0395837218396674e-29
10,0,268.5348493626968,12.649675324913447,0.0035488677168109,3.106371883650707,0.0
10,1,268.5348493626968,12.649675324913447,0.0035488677168109,3.181251018319222,1.7214419393233005e-21
11,0,268.5348493626968,12.649675324913447,0.0035488677168109,3.181584825815381,0.0
11,1,268.5348493626968,12.649675324913447,0.0035488677168109,3.249528013353844,1.1850642409123182e-15
12,0,268.5348493626968,12.649675324913447,0.0035488677168109,3.249905124317318,0.0
12,1,268.5348493626968,12.649675324913447,0.0035488677168109,3.3120776858386622,2.4027081255203897e-11
13,0,268.5348493626968,12.649675324913447,0.0035488677168109,3.312489013857371,0.0
13,1,268.5348493626968,12.649675324913447,0.0035488677168109,3.3697982542718643,3.763588056176511e-08
14,0,268.5348493626968,12.649675324913447,0.0035488677168109,3.3702368892694814,0.0
14,1,268.5348493626968,12.649675324913447,0.0035488677168109,3.4234007608697103,8.38575664338532e-06
15,0,268.5348493626968,12.649675324913447,0.0035488677168109,3.4238555366313337,0.0
15,1,268.5348493626968,12.649675324913447,0.0035488677168109,3.4734505792332344,0.000405111873564005
16,0,268.5348493626968,12.649675324913447,0.0035488677168109,3.473915597473922,0.0
16,1,268.5348493626968,12.649675324913447,0.0035488677168109,3.520410542129528,0.005819648291827085
17,0,268.5348493626968,12.649675324913447,0.0035488677168109,3.5209033439839175,0.0
17,1,268.5348493626968,12.649675324913447,0.0035488677168109,3.5646824685567866,0.032388434042193034
18,0,268.5348493626968,12.649675324913447,0.0035488677168109,3.5654397620365508,0.0
18,1,268.5348493626968,12.649675324913447,0.0035488677168109,3.606810162967862,0.09647838157251101
19,0,268.5348493626968,12.649675324913447,0.0035488677168109,3.6078618248146768,0.0
19,1,268.5348493626968,12.649675324913447,0.0035488677168109,3.647072283415494,0.21360770992314054
0,0,375.2541295062848,12.768075554858491,0.003167476512129,0.6931471805599441,0.0
0,1,375.2541295062848,12.768075554858491,0.003167476512129,1.4055900656311175,0.0
1,0,375.2541295062848,12.768075554858491,0.003167476512129,1.4055900656311175,0.0
1,1,375.2541295062848,12.768075554858491,0.003167476512129,1.8402455532532684,0.0
2,0,375.2541295062848,12.768075554858491,0.003167476512129,1.8402455532532684,0.0
2,1,375.2541295062848,12.768075554858491,0.003167476512129,2.1424017954729786,0.0
3,0,375.2541295062848,12.768075554858491,0.003167476512129,2.1424017954729844,0.0
3,1,375.2541295062848,12.768075554858491,0.003167476512129,2.3695884960186033,2.161124711822845e-230
4,0,375.2541295062848,12.768075554858491,0.003167476512129,2.36958849609239,0.0
4,1,375.2541295062848,12.768075554858491,0.003167476512129,2.549395029055575,3.502332232940121e-170
5,0,375.2541295062848,12.768075554858491,0.003167476512129,2.549395046430725,0.0
5,1,375.2541295062848,12.768075554858491,0.003167476512129,2.6969518313990677,2.3234367589041884e-144
6,0,375.2541295062848,12.768075554858491,0.003167476512129,2.696952335779884,0.0
6,1,375.2541295062848,12.768075554858491,0.003167476512129,2.821370173330149,3.304093217909195e-110
7,0,375.2541295062848,12.768075554858491,0.003167476512129,2.8213744626293966,0.0
7,1,375.2541295062848,12.768075554858491,0.003167476512129,2.928521981116547,4.1536408159997237e-79
8,0,375.2541295062848,12.768075554858491,0.003167476512129,2.9285388457139394,0.0
8,1,375.2541295062848,12.768075554858491,0.003167476512129,3.0223925331405015,1.6690247242394895e-56
9,0,375.2541295062848,12.768075554858491,0.003167476512129,3.022432811550291,0.0
9,1,375.2541295062848,12.768075554858491,0.003167476512129,3.1057956406102125,9.138483594422165e-41
10,0,375.2541295062848,12.768075554858491,0.003167476512129,3.1058652931091695,0.0
10,1,375.2541295062848,12.768075554858491,0.003167476512129,3.1807771453936913,9.397003113395442e-30
11,0,375.2541295062848,12.768075554858491,0.003167476512129,3.1808751719636414,0.0
11,1,375.2541295062848,12.768075554858491,0.003167476512129,3.248860340345539,1.4135954412219406e-21
12,0,375.2541295062848,12.768075554858491,0.003167476512129,3.2489818826855448,0.0
12,1,375.2541295062848,12.768075554858491,0.003167476512129,3.311204897086385,1.332667880203726e-15
13,0,375.2541295062848,12.768075554858491,0.003167476512129,3.311345019101174,0.0
13,1,375.2541295062848,12.768075554858491,0.003167476512129,3.368712403824305,3.5904439232606274e-11
14,0,375.2541295062848,12.768075554858491,0.003167476512129,3.3688679544054936,0.0
14,1,375.2541295062848,12.768075554858491,0.003167476512129,3.422096856937393,6.746060521376063e-08
15,0,375.2541295062848,12.768075554858491,0.003167476512129,3.4222658592388306,0.0
15,1,375.2541295062848,12.768075554858491,0.003167476512129,3.4719316927470745,1.6288119134057278e-05
16,0,375.2541295062848,12.768075554858491,0.003167476512129,3.4721144231591143,0.0
16,1,375.2541295062848,12.768075554858491,0.003167476512129,3.5186846472883375,0.0008230537261618115
17,0,375.2541295062848,12.768075554858491,0.003167476512129,3.5188663658321078,0.0
17,1,375.2541295062848,12.768075554858491,0.003167476512129,3.5627257832517074,0.011778975884303535
18,0,375.2541295062848,12.768075554858491,0.003167476512129,3.563017964207554,0.0
18,1,375.2541295062848,12.768075554858491,0.003167476512129,3.6044813006318526,0.060289055845277495
19,0,375.2541295062848,12.768075554858491,0.003167476512129,3.6056220520899673,0.0
19,1,375.2541295062848,12.768075554858491,0.003167476512129,3.6449145136998027,0.16481186918546392
0,0,524.3850548474869,12.831026755674376,0.0030224479186923,0.6931471805599441,0.0
0,1,524.3850548474869,12.831026755674376,0.0030224479186923,1.4055900656311175,0.0
1,0,524.3850548474869,12.831026755674376,0.0030224479186923,1.4055900656311175,0.0
1,1,524.3850548474869,12.831026755674376,0.0030224479186923,1.8402455532532684,0.0
2,0,524.3850548474869,12.831026755674376,0.0030224479186923,1.8402455532532684,0.0
2,1,524.3850548474869,12.831026755674376,0.0030224479186923,2.1424017954729786,0.0
3,0,524.3850548474869,12.831026755674376,0.0030224479186923,2.1424017954729786,0.0
3,1,524.3850548474869,12.831026755674376,0.0030224479186923,2.3695884960185984,1.023e-321
4,0,524.3850548474869,12.831026755674376,0.0030224479186923,2.3695884960186135,0.0
4,1,524.3850548474869,12.831026755674376,0.0030224479186923,2.549395028991555,1.47398008338994e-237
5,0,524.3850548474869,12.831026755674376,0.0030224479186923,2.5493950290264533,0.0
5,1,524.3850548474869,12.831026755674376,0.0030224479186923,2.6969518159939523,1.713990360783221e-201
6,0,524.3850548474869,12.831026755674376,0.0030224479186923,2.696951820532449,0.0
6,1,524.3850548474869,12.831026755674376,0.0030224479186923,2.8213697102106057,7.881388282586134e-154
7,0,524.3850548474869,12.831026755674376,0.0030224479186923,2.8213698202284703,0.0
7,1,524.3850548474869,12.831026755674376,0.0030224479186923,2.9285177559327704,2.4033821151996066e-110
8,0,524.3850548474869,12.831026755674376,0.0030224479186923,2.9285186833758017,0.0
8,1,524.3850548474869,12.831026755674376,0.0030224479186923,3.0223739910279477,9.920333838882219e-79
9,0,524.3850548474869,12.831026755674376,0.0030224479186923,3.0223778699324724,0.0
9,1,524.3850548474869,12.831026755674376,0.0030224479186923,3.105744671238961,1.3074417687910939e-56
10,0,524.3850548474869,12.831026755674376,0.0030224479186923,3.105754719092196,0.0
10,1,524.3850548474869,12.831026755674376,0.0030224479186923,3.1806738106233223,2.562846190772625e-41
11,0,524.3850548474869,12.831026755674376,0.0030224479186923,3.180692490995204,0.0
11,1,524.3850548474869,12.831026755674376,0.0030224479186923,3.248688566647603,7.796025470680029e-30
12,0,524.3850548474869,12.831026755674376,0.0030224479186923,3.2487161747737714,0.0
12,1,524.3850548474869,12.831026755674376,0.0030224479186923,3.3109537697287887,1.573821292782334e-21
13,0,524.3850548474869,12.831026755674376,0.0030224479186923,3.310988679395914,0.0
13,1,524.3850548474869,12.831026755674376,0.0030224479186923,3.3683741802096705,2.324648399233555e-15
14,0,524.3850548474869,12.831026755674376,0.0030224479186923,3.3684140915152145,0.0
14,1,524.3850548474869,12.831026755674376,0.0030224479186923,3.4216645331448623,8.405585104192086e-11
15,0,524.3850548474869,12.831026755674376,0.0030224479186923,3.4217075972327375,0.0
15,1,524.3850548474869,12.831026755674376,0.0030224479186923,3.4713983150110956,1.675064196800842e-07
16,0,524.3850548474869,12.831026755674376,0.0030224479186923,3.471443873256763,0.0
16,1,524.3850548474869,12.831026755674376,0.0030224479186923,3.518042292550811,4.343952235661247e-05
17,0,524.3850548474869,12.831026755674376,0.0030224479186923,3.518085495563554,0.0
17,1,524.3850548474869,12.831026755674376,0.0030224479186923,3.561975849909669,0.002321662884779292
18,0,524.3850548474869,12.831026755674376,0.0030224479186923,3.562014622257129,0.0
18,1,524.3850548474869,12.831026755674376,0.0030224479186923,3.6035166866692387,0.03174193686619142
19,0,524.3850548474869,12.831026755674376,0.0030224479186923,3.6041601988645,0.0
19,1,524.3850548474869,12.831026755674376,0.0030224479186923,3.6435106257512753,0.132504557470573
0,0,732.78257086521,12.864847667578935,0.0029666736520709,0.6931471805599441,0.0
0,1,732.78257086521,12.864847667578935,0.0029666736520709,1.4055900656311175,0.0
1,0,732.78257086521,12.864847667578935,0.0029666736520709,1.4055900656311175,0.0
1,1,732.78257086521,12.864847667578935,0.0029666736520709,1.8402455532532684,0.0
2,0,732.78257086521,12.864847667578935,0.0029666736520709,1.8402455532532684,0.0
2,1,732.78257086521,12.864847667578935,0.0029666736520709,2.1424017954729786,0.0
3,0,732.78257086521,12.864847667578935,0.0029666736520709,2.1424017954729786,0.0
3,1,732.78257086521,12.864847667578935,0.0029666736520709,2.3695884960185984,0.0
4,0,732.78257086521,12.864847667578935,0.0029666736520709,2.3695884960185984,0.0
4,1,732.78257086521,12.864847667578935,0.0029666736520709,2.5493950289915426,0.0
5,0,732.78257086521,12.864847667578935,0.0029666736520709,2.549395028991549,0.0
5,1,732.78257086521,12.864847667578935,0.0029666736520709,2.696951815963059,2.6559925055964207e-281
6,0,732.78257086521,12.864847667578935,0.0029666736520709,2.6969518159691726,0.0
6,1,732.78257086521,12.864847667578935,0.0029666736520709,2.8213697061102456,8.783603102796805e-215
7,0,732.78257086521,12.864847667578935,0.0029666736520709,2.821369706728036,0.0
7,1,732.78257086521,12.864847667578935,0.0029666736520709,2.928517652700259,5.583848833963663e-154
8,0,732.78257086521,12.864847667578935,0.0029666736520709,2.928517667413259,0.0
8,1,732.78257086521,12.864847667578935,0.0029666736520709,3.02237305757638,8.735469739573386e-110
9,0,732.78257086521,12.864847667578935,0.0029666736520709,3.0223731919771564,0.0
9,1,732.78257086521,12.864847667578935,0.0029666736520709,3.105740336049051,9.377287632911149e-79
10,0,732.78257086521,12.864847667578935,0.0029666736520709,3.1057409670091505,0.0
10,1,732.78257086521,12.864847667578935,0.0029666736520709,3.1806609714420775,1.7403949659081327e-57
11,0,732.78257086521,12.864847667578935,0.0029666736520709,3.1806628070451954,0.0
11,1,732.78257086521,12.864847667578935,0.0029666736520709,3.248660674844027,2.4017527814930764e-41
12,0,732.78257086521,12.864847667578935,0.0029666736520709,3.248664422866379,0.0
12,1,732.78257086521,12.864847667578935,0.0029666736520709,3.3109048711551603,8.744739174695833e-30
13,0,732.78257086521,12.864847667578935,0.0029666736520709,3.310910713630869,0.0
13,1,732.78257086521,12.864847667578935,0.0029666736520709,3.3683001591736064,3.592951670422994e-21
14,0,732.78257086521,12.864847667578935,0.0029666736520709,3.3683075079019984,0.0
14,1,732.78257086521,12.864847667578935,0.0029666736520709,3.4215629283702564,8.394528290661928e-15
15,0,732.78257086521,12.864847667578935,0.0029666736520709,3.421570627882395,0.0
15,1,732.78257086521,12.864847667578935,0.0029666736520709,3.471267296326062,2.8880284779263897e-10
16,0,732.78257086521,12.864847667578935,0.0029666736520709,3.471274072201868,0.0
16,1,732.78257086521,12.864847667578935,0.0029666736520709,3.5178794074464674,6.48390161211236e-07
17,0,732.78257086521,12.864847667578935,0.0029666736520709,3.517883765794074,0.0
17,1,732.78257086521,12.864847667578935,0.0029666736520709,3.5617818456426,0.0001986249846956704
18,0,732.78257086521,12.864847667578935,0.0029666736520709,3.5617684597484702,0.0
18,1,732.78257086521,12.864847667578935,0.0029666736520709,3.6032791260393306,0.011344212978025223
19,0,732.78257086521,12.864847667578935,0.0029666736520709,3.6034855444531484,0.0
19,1,732.78257086521,12.864847667578935,0.0029666736520709,3.6428642460068934,0.12218910645414263
0,0,1024.0,12.882310367103226,0.002946026712387,0.6931471805599441,0.0
0,1,1024.0,12.882310367103226,0.002946026712387,1.4055900656311175,0.0
1,0,1024.0,12.882310367103226,0.002946026712387,1.4055900656311175,0.0
1,1,1024.0,12.882310367103226,0.002946026712387,1.8402455532532684,0.0
2,0,1024.0,12.882310367103226,0.002946026712387,1.8402455532532684,0.0
2,1,1024.0,12.882310367103226,0.002946026712387,2.1424017954729786,0.0
3,0,1024.0,12.882310367103226,0.002946026712387,2.1424017954729786,0.0
3,1,1024.0,12.882310367103226,0.002946026712387,2.3695884960185984,0.0
4,0,1024.0,12.882310367103226,0.002946026712387,2.3695884960185984,0.0
4,1,1024.0,12.882310367103226,0.002946026712387,2.5493950289915426,0.0
5,0,1024.0,12.882310367103226,0.002946026712387,2.5493950289915426,0.0
5,1,1024.0,12.882310367103226,0.002946026712387,2.696951815963054,0.0
6,0,1024.0,12.882310367103226,0.002946026712387,2.6969518159630543,0.0
6,1,1024.0,12.882310367103226,0.002946026712387,2.821369706104748,6.115786771108612e-300
7,0,1024.0,12.882310367103226,0.002946026712387,2.8213697061051763,0.0
7,1,1024.0,12.882310367103226,0.002946026712387,2.928517652133904,6.332165542929362e-215
8,0,1024.0,12.882310367103226,0.002946026712387,2.9285176521760663,0.0
8,1,1024.0,12.882310367103226,0.002946026712387,3.0223730435840914,3.6424251551167175e-153
9,0,1024.0,12.882310367103226,0.002946026712387,3.0223730447005956,0.0
9,1,1024.0,12.882310367103226,0.002946026712387,3.105740199664586,1.0560872504253142e-109
10,0,1024.0,12.882310367103226,0.002946026712387,3.1057402115955695,0.0
10,1,1024.0,12.882310367103226,0.002946026712387,3.180660266769628,4.458846236176744e-80
11,0,1024.0,12.882310367103226,0.002946026712387,3.180660332966569,0.0
11,1,1024.0,12.882310367103226,0.002946026712387,3.2486583519880723,2.0880778733332643e-57
12,0,1024.0,12.882310367103226,0.002946026712387,3.2486585763671867,0.0
12,1,1024.0,12.882310367103226,0.002946026712387,3.3108993499947985,2.7958199592413125e-41
13,0,1024.0,12.882310367103226,0.002946026712387,3.31089986532855,0.0
13,1,1024.0,12.882310367103226,0.002946026712387,3.368289859878291,2.999487108977221e-29
14,0,1024.0,12.882310367103226,0.002946026712387,3.368290707531107,0.0
14,1,1024.0,12.882310367103226,0.002946026712387,3.421546899141438,2.4975950365516062e-20
15,0,1024.0,12.882310367103226,0.002946026712387,3.4215478892667646,0.0
15,1,1024.0,12.882310367103226,0.002946026712387,3.471245500274871,4.5276705141175126e-14
16,0,1024.0,12.882310367103226,0.002946026712387,3.471246158244073,0.0
16,1,1024.0,12.882310367103226,0.002946026712387,3.5178525329231602,1.9246990749956415e-09
17,0,1024.0,12.882310367103226,0.002946026712387,3.5178521532757534,0.0
17,1,1024.0,12.882310367103226,0.002946026712387,3.5617512830001914,6.131152834117327e-06
18,0,1024.0,12.882310367103226,0.002946026712387,3.561744624455301,0.0
18,1,1024.0,12.882310367103226,0.002946026712387,3.603255523269567,0.0024316043585217947
19,0,1024.0,12.882310367103226,0.002946026712387,3.6032934481490626,0.0
19,1,1024.0,12.882310367103226,0.002946026712387,3.6426805598125647,0.12130591103498554
