generation,timestep,channel_beta,rate,distortion,expected_true_probs_surprisal,prop_max_hit
0,0,0.0625,2.4434549141531578e-11,11.167600258145637,0.6931471805599441,0.0
0,1,0.0625,2.4434549141531578e-11,11.167600258145637,0.9899409166847176,0.0
1,0,0.0625,2.4434549141531578e-11,11.167600258145637,-0.6790644192458469,0.0
1,1,0.0625,2.4434549141531578e-11,11.167600258145637,-0.38227068312104556,0.0
2,0,0.0625,2.4434549141531578e-11,11.167600258145637,-0.6790644199134475,0.0
2,1,0.0625,2.4434549141531578e-11,11.167600258145637,-0.3822706837886411,0.0
3,0,0.0625,2.4434549141531578e-11,11.167600258145637,-0.6790644199134473,0.0
3,1,0.0625,2.4434549141531578e-11,11.167600258145637,-0.382270683788641,0.0
4,0,0.0625,2.4434549141531578e-11,11.167600258145637,-0.6790644199134473,0.0
4,1,0.0625,2.4434549141531578e-11,11.167600258145637,-0.382270683788641,0.0
5,0,0.0625,2.4434549141531578e-11,11.167600258145637,-0.6790644199134473,0.0
5,1,0.0625,2.4434549141531578e-11,11.167600258145637,-0.382270683788641,0.0
6,0,0.0625,2.4434549141531578e-11,11.167600258145637,-0.6790644199134473,0.0
6,1,0.0625,2.4434549141531578e-11,11.167600258145637,-0.382270683788641,0.0
7,0,0.0625,2.4434549141531578e-11,11.167600258145637,-0.6790644199134473,0.0
7,1,0.0625,2.4434549141531578e-11,11.167600258145637,-0.382270683788641,0.0
8,0,0.0625,2.4434549141531578e-11,11.167600258145637,-0.6790644199134473,0.0
8,1,0.0625,2.4434549141531578e-11,11.167600258145637,-0.382270683788641,0.0
9,0,0.0625,2.4434549141531578e-11,11.167600258145637,-0.6790644199134473,0.0
9,1,0.0625,2.4434549141531578e-11,11.167600258145637,-0.382270683788641,0.0
10,0,0.0625,2.4434549141531578e-11,11.167600258145637,-0.6790644199134473,0.0
10,1,0.0625,2.4434549141531578e-11,11.167600258145637,-0.382270683788641,0.0
11,0,0.0625,2.4434549141531578e-11,11.167600258145637,-0.6790644199134473,0.0
11,1,0.0625,2.4434549141531578e-11,11.167600258145637,-0.382270683788641,0.0
12,0,0.0625,2.4434549141531578e-11,11.167600258145637,-0.6790644199134473,0.0
12,1,0.0625,2.4434549141531578e-11,11.167600258145637,-0.382270683788641,0.0
13,0,0.0625,2.4434549141531578e-11,11.167600258145637,-0.6790644199134473,0.0
13,1,0.0625,2.4434549141531578e-11,11.167600258145637,-0.382270683788641,0.0
14,0,0.0625,2.4434549141531578e-11,11.167600258145637,-0.6790644199134473,0.0
14,1,0.0625,2.4434549141531578e-11,11.167600258145637,-0.382270683788641,0.0
15,0,0.0625,2.4434549141531578e-11,11.167600258145637,-0.6790644199134473,0.0
15,1,0.0625,2.4434549141531578e-11,11.167600258145637,-0.382270683788641,0.0
16,0,0.0625,2.4434549141531578e-11,11.167600258145637,-0.6790644199134473,0.0
16,1,0.0625,2.4434549141531578e-11,11.167600258145637,-0.382270683788641,0.0
17,0,0.0625,2.4434549141531578e-11,11.167600258145637,-0.6790644199134473,0.0
17,1,0.0625,2.4434549141531578e-11,11.167600258145637,-0.382270683788641,0.0
18,0,0.0625,2.4434549141531578e-11,11.167600258145637,-0.6790644199134473,0.0
18,1,0.0625,2.4434549141531578e-11,11.167600258145637,-0.382270683788641,0.0
19,0,0.0625,2.4434549141531578e-11,11.167600258145637,-0.6790644199134473,0.0
19,1,0.0625,2.4434549141531578e-11,11.167600258145637,-0.382270683788641,0.0
0,0,0.0873383218223026,1.6129245128324532e-13,11.167600255764905,0.6931471805599441,0.0
0,1,0.0873383218223026,1.6129245128324532e-13,11.167600255764905,0.9899409166847176,0.0
1,0,0.0873383218223026,1.6129245128324532e-13,11.167600255764905,-0.6790644099407651,0.0
1,1,0.0873383218223026,1.6129245128324532e-13,11.167600255764905,-0.3822706738159913,0.0
2,0,0.0873383218223026,1.6129245128324532e-13,11.167600255764905,-0.6790644099437871,0.0
2,1,0.0873383218223026,1.6129245128324532e-13,11.167600255764905,-0.3822706738190122,0.0
3,0,0.0873383218223026,1.6129245128324532e-13,11.167600255764905,-0.6790644099437871,0.0
3,1,0.0873383218223026,1.6129245128324532e-13,11.167600255764905,-0.3822706738190122,0.0
4,0,0.0873383218223026,1.6129245128324532e-13,11.167600255764905,-0.6790644099437871,0.0
4,1,0.0873383218223026,1.6129245128324532e-13,11.167600255764905,-0.3822706738190122,0.0
5,0,0.0873383218223026,1.6129245128324532e-13,11.167600255764905,-0.6790644099437871,0.0
5,1,0.0873383218223026,1.6129245128324532e-13,11.167600255764905,-0.3822706738190122,0.0
6,0,0.0873383218223026,1.6129245128324532e-13,11.167600255764905,-0.6790644099437871,0.0
6,1,0.0873383218223026,1.6129245128324532e-13,11.167600255764905,-0.3822706738190122,0.0
7,0,0.0873383218223026,1.6129245128324532e-13,11.167600255764905,-0.6790644099437871,0.0
7,1,0.0873383218223026,1.6129245128324532e-13,11.167600255764905,-0.3822706738190122,0.0
8,0,0.0873383218223026,1.6129245128324532e-13,11.167600255764905,-0.6790644099437871,0.0
8,1,0.0873383218223026,1.6129245128324532e-13,11.167600255764905,-0.3822706738190122,0.0
9,0,0.0873383218223026,1.6129245128324532e-13,11.167600255764905,-0.6790644099437871,0.0
9,1,0.0873383218223026,1.6129245128324532e-13,11.167600255764905,-0.3822706738190122,0.0
10,0,0.0873383218223026,1.6129245128324532e-13,11.167600255764905,-0.6790644099437871,0.0
10,1,0.0873383218223026,1.6129245128324532e-13,11.167600255764905,-0.3822706738190122,0.0
11,0,0.0873383218223026,1.6129245128324532e-13,11.167600255764905,-0.6790644099437871,0.0
11,1,0.0873383218223026,1.6129245128324532e-13,11.167600255764905,-0.3822706738190122,0.0
12,0,0.0873383218223026,1.6129245128324532e-13,11.167600255764905,-0.6790644099437871,0.0
12,1,0.0873383218223026,1.6129245128324532e-13,11.167600255764905,-0.3822706738190122,0.0
13,0,0.0873383218223026,1.6129245128324532e-13,11.167600255764905,-0.6790644099437871,0.0
13,1,0.0873383218223026,1.6129245128324532e-13,11.167600255764905,-0.3822706738190122,0.0
14,0,0.0873383218223026,1.6129245128324532e-13,11.167600255764905,-0.6790644099437871,0.0
14,1,0.0873383218223026,1.6129245128324532e-13,11.167600255764905,-0.3822706738190122,0.0
15,0,0.0873383218223026,1.6129245128324532e-13,11.167600255764905,-0.6790644099437871,0.0
15,1,0.0873383218223026,1.6129245128324532e-13,11.167600255764905,-0.3822706738190122,0.0
16,0,0.0873383218223026,1.6129245128324532e-13,11.167600255764905,-0.6790644099437871,0.0
16,1,0.0873383218223026,1.6129245128324532e-13,11.167600255764905,-0.3822706738190122,0.0
17,0,0.0873383218223026,1.6129245128324532e-13,11.167600255764905,-0.6790644099437871,0.0
17,1,0.0873383218223026,1.6129245128324532e-13,11.167600255764905,-0.3822706738190122,0.0
18,0,0.0873383218223026,1.6129245128324532e-13,11.167600255764905,-0.6790644099437871,0.0
18,1,0.0873383218223026,1.6129245128324532e-13,11.167600255764905,-0.3822706738190122,0.0
19,0,0.0873383218223026,1.6129245128324532e-13,11.167600255764905,-0.6790644099437871,0.0
19,1,0.0873383218223026,1.6129245128324532e-13,11.167600255764905,-0.3822706738190122,0.0
0,0,0.1220477193397777,4.361581043116298e-13,11.167600255756303,0.6931471805599441,0.0
0,1,0.1220477193397777,4.361581043116298e-13,11.167600255756303,0.9899409166847176,0.0
1,0,0.1220477193397777,4.361581043116298e-13,11.167600255756303,-0.6790644099141748,0.0
1,1,0.1220477193397777,4.361581043116298e-13,11.167600255756303,-0.38227067378936647,0.0
2,0,0.1220477193397777,4.361581043116298e-13,11.167600255756303,-0.6790644099145231,0.0
2,1,0.1220477193397777,4.361581043116298e-13,11.167600255756303,-0.3822706737896965,0.0
3,0,0.1220477193397777,4.361581043116298e-13,11.167600255756303,-0.679064409914523,0.0
3,1,0.1220477193397777,4.361581043116298e-13,11.167600255756303,-0.3822706737896965,0.0
4,0,0.1220477193397777,4.361581043116298e-13,11.167600255756303,-0.679064409914523,0.0
4,1,0.1220477193397777,4.361581043116298e-13,11.167600255756303,-0.3822706737896965,0.0
5,0,0.1220477193397777,4.361581043116298e-13,11.167600255756303,-0.679064409914523,0.0
5,1,0.1220477193397777,4.361581043116298e-13,11.167600255756303,-0.3822706737896965,0.0
6,0,0.1220477193397777,4.361581043116298e-13,11.167600255756303,-0.679064409914523,0.0
6,1,0.1220477193397777,4.361581043116298e-13,11.167600255756303,-0.3822706737896965,0.0
7,0,0.1220477193397777,4.361581043116298e-13,11.167600255756303,-0.679064409914523,0.0
7,1,0.1220477193397777,4.361581043116298e-13,11.167600255756303,-0.3822706737896965,0.0
8,0,0.1220477193397777,4.361581043116298e-13,11.167600255756303,-0.679064409914523,0.0
8,1,0.1220477193397777,4.361581043116298e-13,11.167600255756303,-0.3822706737896965,0.0
9,0,0.1220477193397777,4.361581043116298e-13,11.167600255756303,-0.679064409914523,0.0
9,1,0.1220477193397777,4.361581043116298e-13,11.167600255756303,-0.3822706737896965,0.0
10,0,0.1220477193397777,4.361581043116298e-13,11.167600255756303,-0.679064409914523,0.0
10,1,0.1220477193397777,4.361581043116298e-13,11.167600255756303,-0.3822706737896965,0.0
11,0,0.1220477193397777,4.361581043116298e-13,11.167600255756303,-0.679064409914523,0.0
11,1,0.1220477193397777,4.361581043116298e-13,11.167600255756303,-0.3822706737896965,0.0
12,0,0.1220477193397777,4.361581043116298e-13,11.167600255756303,-0.679064409914523,0.0
12,1,0.1220477193397777,4.361581043116298e-13,11.167600255756303,-0.3822706737896965,0.0
13,0,0.1220477193397777,4.361581043116298e-13,11.167600255756303,-0.679064409914523,0.0
13,1,0.1220477193397777,4.361581043116298e-13,11.167600255756303,-0.3822706737896965,0.0
14,0,0.1220477193397777,4.361581043116298e-13,11.167600255756303,-0.679064409914523,0.0
14,1,0.1220477193397777,4.361581043116298e-13,11.167600255756303,-0.3822706737896965,0.0
15,0,0.1220477193397777,4.361581043116298e-13,11.167600255756303,-0.679064409914523,0.0
15,1,0.1220477193397777,4.361581043116298e-13,11.167600255756303,-0.3822706737896965,0.0
16,0,0.1220477193397777,4.361581043116298e-13,11.167600255756303,-0.679064409914523,0.0
16,1,0.1220477193397777,4.361581043116298e-13,11.167600255756303,-0.3822706737896965,0.0
17,0,0.1220477193397777,4.361581043116298e-13,11.167600255756303,-0.679064409914523,0.0
17,1,0.1220477193397777,4.361581043116298e-13,11.167600255756303,-0.3822706737896965,0.0
18,0,0.1220477193397777,4.361581043116298e-13,11.167600255756303,-0.679064409914523,0.0
18,1,0.1220477193397777,4.361581043116298e-13,11.167600255756303,-0.3822706737896965,0.0
19,0,0.1220477193397777,4.361581043116298e-13,11.167600255756303,-0.679064409914523,0.0
19,1,0.1220477193397777,4.361581043116298e-13,11.167600255756303,-0.3822706737896965,0.0
0,0,0.1705510878300092,0.1239584335229856,10.41675257728478,0.6931471805599441,0.0
0,1,0.1705510878300092,0.1239584335229856,10.41675257728478,0.9899409166847176,0.0
1,0,0.1705510878300092,0.1239584335229856,10.41675257728478,-0.7741603512853138,0.0
1,1,0.1705510878300092,0.1239584335229856,10.41675257728478,-0.4733184437610714,0.0
2,0,0.1705510878300092,0.1239584335229856,10.41675257728478,-0.7787881321317176,0.0
2,1,0.1705510878300092,0.1239584335229856,10.41675257728478,-0.4769198195997508,0.0
3,0,0.1705510878300092,0.1239584335229856,10.41675257728478,-0.7794296298570538,0.0
3,1,0.1705510878300092,0.1239584335229856,10.41675257728478,-0.4774919864527207,0.0
4,0,0.1705510878300092,0.1239584335229856,10.41675257728478,-0.779463166550143,0.0
4,1,0.1705510878300092,0.1239584335229856,10.41675257728478,-0.4775222577212179,0.0
5,0,0.1705510878300092,0.1239584335229856,10.41675257728478,-0.7794646692006942,0.0
5,1,0.1705510878300092,0.1239584335229856,10.41675257728478,-0.4775236195872331,0.0
6,0,0.1705510878300092,0.1239584335229856,10.41675257728478,-0.7794647336285478,0.0
6,1,0.1705510878300092,0.1239584335229856,10.41675257728478,-0.4775236781109199,0.0
7,0,0.1705510878300092,0.1239584335229856,10.41675257728478,-0.7794647363568289,0.0
7,1,0.1705510878300092,0.1239584335229856,10.41675257728478,-0.4775236805936207,0.0
8,0,0.1705510878300092,0.1239584335229856,10.41675257728478,-0.7794647364721873,0.0
8,1,0.1705510878300092,0.1239584335229856,10.41675257728478,-0.47752368069877593,0.0
9,0,0.1705510878300092,0.1239584335229856,10.41675257728478,-0.7794647364770779,0.0
9,1,0.1705510878300092,0.1239584335229856,10.41675257728478,-0.4775236807032422,0.0
10,0,0.1705510878300092,0.1239584335229856,10.41675257728478,-0.7794647364772859,0.0
10,1,0.1705510878300092,0.1239584335229856,10.41675257728478,-0.47752368070343254,0.0
11,0,0.1705510878300092,0.1239584335229856,10.41675257728478,-0.779464736477295,0.0
11,1,0.1705510878300092,0.1239584335229856,10.41675257728478,-0.4775236807034404,0.0
12,0,0.1705510878300092,0.1239584335229856,10.41675257728478,-0.779464736477295,0.0
12,1,0.1705510878300092,0.1239584335229856,10.41675257728478,-0.4775236807034411,0.0
13,0,0.1705510878300092,0.1239584335229856,10.41675257728478,-0.7794647364772949,0.0
13,1,0.1705510878300092,0.1239584335229856,10.41675257728478,-0.477523680703441,0.0
14,0,0.1705510878300092,0.1239584335229856,10.41675257728478,-0.7794647364772948,0.0
14,1,0.1705510878300092,0.1239584335229856,10.41675257728478,-0.477523680703441,0.0
15,0,0.1705510878300092,0.1239584335229856,10.41675257728478,-0.7794647364772946,0.0
15,1,0.1705510878300092,0.1239584335229856,10.41675257728478,-0.477523680703441,0.0
16,0,0.1705510878300092,0.1239584335229856,10.41675257728478,-0.7794647364772946,0.0
16,1,0.1705510878300092,0.1239584335229856,10.41675257728478,-0.477523680703441,0.0
17,0,0.1705510878300092,0.1239584335229856,10.41675257728478,-0.7794647364772945,0.0
17,1,0.1705510878300092,0.1239584335229856,10.41675257728478,-0.477523680703441,0.0
18,0,0.1705510878300092,0.1239584335229856,10.41675257728478,-0.7794647364772944,0.0
18,1,0.1705510878300092,0.1239584335229856,10.41675257728478,-0.4775236807034409,0.0
19,0,0.1705510878300092,0.1239584335229856,10.41675257728478,-0.7794647364772944,0.0
19,1,0.1705510878300092,0.1239584335229856,10.41675257728478,-0.4775236807034407,0.0
0,0,0.2383303327366585,0.8045613334584265,6.9980952963244585,0.6931471805599441,0.0
0,1,0.2383303327366585,0.8045613334584265,6.9980952963244585,0.9899409166847176,0.0
1,0,0.2383303327366585,0.8045613334584265,6.9980952963244585,-1.7161360194418869,0.0
1,1,0.2383303327366585,0.8045613334584265,6.9980952963244585,-1.4024068929662488,0.0
2,0,0.2383303327366585,0.8045613334584265,6.9980952963244585,-1.7128532073976253,0.0
2,1,0.2383303327366585,0.8045613334584265,6.9980952963244585,-1.398529950024051,0.0
3,0,0.2383303327366585,0.8045613334584265,6.9980952963244585,-1.7260134673399912,0.0
3,1,0.2383303327366585,0.8045613334584265,6.9980952963244585,-1.410189321317159,0.0
4,0,0.2383303327366585,0.8045613334584265,6.9980952963244585,-1.733460240352284,0.0
4,1,0.2383303327366585,0.8045613334584265,6.9980952963244585,-1.4169141801641585,0.0
5,0,0.2383303327366585,0.8045613334584265,6.9980952963244585,-1.7364821745925112,0.0
5,1,0.2383303327366585,0.8045613334584265,6.9980952963244585,-1.4196604925654819,0.0
6,0,0.2383303327366585,0.8045613334584265,6.9980952963244585,-1.7375756299498253,0.0
6,1,0.2383303327366585,0.8045613334584265,6.9980952963244585,-1.420657665588656,0.0
7,0,0.2383303327366585,0.8045613334584265,6.9980952963244585,-1.7379512708584268,0.0
7,1,0.2383303327366585,0.8045613334584265,6.9980952963244585,-1.4210010659513972,0.0
8,0,0.2383303327366585,0.8045613334584265,6.9980952963244585,-1.7380771082399544,0.0
8,1,0.2383303327366585,0.8045613334584265,6.9980952963244585,-1.4211163367043471,0.0
9,0,0.2383303327366585,0.8045613334584265,6.9980952963244585,-1.7381187716915698,0.0
9,1,0.2383303327366585,0.8045613334584265,6.9980952963244585,-1.4211545737332354,0.0
10,0,0.2383303327366585,0.8045613334584265,6.9980952963244585,-1.7381325063758424,0.0
10,1,0.2383303327366585,0.8045613334584265,6.9980952963244585,-1.4211672024163646,0.0
11,0,0.2383303327366585,0.8045613334584265,6.9980952963244585,-1.7381370338446995,0.0
11,1,0.2383303327366585,0.8045613334584265,6.9980952963244585,-1.4211713732271125,0.0
12,0,0.2383303327366585,0.8045613334584265,6.9980952963244585,-1.7381385299929257,0.0
12,1,0.2383303327366585,0.8045613334584265,6.9980952963244585,-1.4211727542122878,0.0
13,0,0.2383303327366585,0.8045613334584265,6.9980952963244585,-1.7381390264162713,0.0
13,1,0.2383303327366585,0.8045613334584265,6.9980952963244585,-1.421173213346377,0.0
14,0,0.2383303327366585,0.8045613334584265,6.9980952963244585,-1.7381391919557825,0.0
14,1,0.2383303327366585,0.8045613334584265,6.9980952963244585,-1.4211733667657178,0.0
15,0,0.2383303327366585,0.8045613334584265,6.9980952963244585,-1.7381392474655386,0.0
15,1,0.2383303327366585,0.8045613334584265,6.9980952963244585,-1.4211734183180744,0.0
16,0,0.2383303327366585,0.8045613334584265,6.9980952963244585,-1.7381392661891208,0.0
16,1,0.2383303327366585,0.8045613334584265,6.9980952963244585,-1.4211734357429058,0.0
17,0,0.2383303327366585,0.8045613334584265,6.9980952963244585,-1.738139272542639,0.0
17,1,0.2383303327366585,0.8045613334584265,6.9980952963244585,-1.4211734416678325,0.0
18,0,0.2383303327366585,0.8045613334584265,6.9980952963244585,-1.7381392747115354,0.0
18,1,0.2383303327366585,0.8045613334584265,6.9980952963244585,-1.4211734436944656,0.0
19,0,0.2383303327366585,0.8045613334584265,6.9980952963244585,-1.7381392754562837,0.0
19,1,0.2383303327366585,0.8045613334584265,6.9980952963244585,-1.421173444391707,0.0
0,0,0.333045940809132,1.37960791021881,4.917369161028162,0.6931471805599441,0.0
0,1,0.333045940809132,1.37960791021881,4.917369161028162,0.9899409166847176,0.0
1,0,0.333045940809132,1.37960791021881,4.917369161028162,-2.497718211126795,0.0
1,1,0.333045940809132,1.37960791021881,4.917369161028162,-2.181802894611214,0.0
2,0,0.333045940809132,1.37960791021881,4.917369161028162,-2.5256947011036606,0.0
2,1,0.333045940809132,1.37960791021881,4.917369161028162,-2.2207693401223416,0.0
3,0,0.333045940809132,1.37960791021881,4.917369161028162,-2.5836311806861723,0.0
3,1,0.333045940809132,1.37960791021881,4.917369161028162,-2.281057238623573,0.0
4,0,0.333045940809132,1.37960791021881,4.917369161028162,-2.639116871368406,0.0
4,1,0.333045940809132,1.37960791021881,4.917369161028162,-2.335923621285591,0.0
5,0,0.333045940809132,1.37960791021881,4.917369161028162,-2.683136594794805,0.0
5,1,0.333045940809132,1.37960791021881,4.917369161028162,-2.378557767570755,0.0
6,0,0.333045940809132,1.37960791021881,4.917369161028162,-2.7154178195408574,0.0
6,1,0.333045940809132,1.37960791021881,4.917369161028162,-2.409480819424405,0.0
7,0,0.333045940809132,1.37960791021881,4.917369161028162,-2.738117257666814,0.0
7,1,0.333045940809132,1.37960791021881,4.917369161028162,-2.431083593118977,0.0
8,0,0.333045940809132,1.37960791021881,4.917369161028162,-2.7536777376842174,0.0
8,1,0.333045940809132,1.37960791021881,4.917369161028162,-2.4458317510106604,0.0
9,0,0.333045940809132,1.37960791021881,4.917369161028162,-2.7641695682025254,0.0
9,1,0.333045940809132,1.37960791021881,4.917369161028162,-2.4557498045677373,0.0
10,0,0.333045940809132,1.37960791021881,4.917369161028162,-2.7711657677899835,0.0
10,1,0.333045940809132,1.37960791021881,4.917369161028162,-2.462352355004568,0.0
11,0,0.333045940809132,1.37960791021881,4.917369161028162,-2.775796147050124,0.0
11,1,0.333045940809132,1.37960791021881,4.917369161028162,-2.466717725442799,0.0
12,0,0.333045940809132,1.37960791021881,4.917369161028162,-2.7788454662864956,0.0
12,1,0.333045940809132,1.37960791021881,4.917369161028162,-2.4695908823959796,0.0
13,0,0.333045940809132,1.37960791021881,4.917369161028162,-2.7808472067565644,0.0
13,1,0.333045940809132,1.37960791021881,4.917369161028162,-2.4714765184518614,0.0
14,0,0.333045940809132,1.37960791021881,4.917369161028162,-2.782158841396833,0.0
14,1,0.333045940809132,1.37960791021881,4.917369161028162,-2.4727120690818776,0.0
15,0,0.333045940809132,1.37960791021881,4.917369161028162,-2.7830175674781232,0.0
15,1,0.333045940809132,1.37960791021881,4.917369161028162,-2.473521122230506,0.0
16,0,0.333045940809132,1.37960791021881,4.917369161028162,-2.783579731768312,0.0
16,1,0.333045940809132,1.37960791021881,4.917369161028162,-2.474050929721402,0.0
17,0,0.333045940809132,1.37960791021881,4.917369161028162,-2.7839479363875106,0.0
17,1,0.333045940809132,1.37960791021881,4.917369161028162,-2.4743980817674576,0.0
18,0,0.333045940809132,1.37960791021881,4.917369161028162,-2.784189328140462,0.0
18,1,0.333045940809132,1.37960791021881,4.917369161028162,-2.4746257805809897,0.0
19,0,0.333045940809132,1.37960791021881,4.917369161028162,-2.784347783060432,0.0
19,1,0.333045940809132,1.37960791021881,4.917369161028162,-2.4747753268343056,0.0
0,0,0.4654027769599926,1.916481924960507,3.5603010750541184,0.6931471805599441,0.0
0,1,0.4654027769599926,1.916481924960507,3.5603010750541184,0.9899409166847176,0.0
1,0,0.4654027769599926,1.916481924960507,3.5603010750541184,-2.6368913889244165,0.0
1,1,0.4654027769599926,1.916481924960507,3.5603010750541184,-2.3460129449837535,0.0
2,0,0.4654027769599926,1.916481924960507,3.5603010750541184,-2.8676807012361865,0.0
2,1,0.4654027769599926,1.916481924960507,3.5603010750541184,-2.5813145538053037,0.0
3,0,0.4654027769599926,1.916481924960507,3.5603010750541184,-2.9876889978832857,0.0
3,1,0.4654027769599926,1.916481924960507,3.5603010750541184,-2.7034506243264547,0.0
4,0,0.4654027769599926,1.916481924960507,3.5603010750541184,-3.079926382947113,0.0
4,1,0.4654027769599926,1.916481924960507,3.5603010750541184,-2.7956319211582823,0.0
5,0,0.4654027769599926,1.916481924960507,3.5603010750541184,-3.157894174313955,0.0
5,1,0.4654027769599926,1.916481924960507,3.5603010750541184,-2.872343740660062,0.0
6,0,0.4654027769599926,1.916481924960507,3.5603010750541184,-3.2238987418240024,0.0
6,1,0.4654027769599926,1.916481924960507,3.5603010750541184,-2.936600107301048,0.0
7,0,0.4654027769599926,1.916481924960507,3.5603010750541184,-3.2789002751991996,0.0
7,1,0.4654027769599926,1.916481924960507,3.5603010750541184,-2.9897668259277,0.0
8,0,0.4654027769599926,1.916481924960507,3.5603010750541184,-3.324028814041957,0.0
8,1,0.4654027769599926,1.916481924960507,3.5603010750541184,-3.0331788408570337,0.0
9,0,0.4654027769599926,1.916481924960507,3.5603010750541184,-3.360600551294681,0.0
9,1,0.4654027769599926,1.916481924960507,3.5603010750541184,-3.068240047970946,0.0
10,0,0.4654027769599926,1.916481924960507,3.5603010750541184,-3.3899571416436425,0.0
10,1,0.4654027769599926,1.916481924960507,3.5603010750541184,-3.096315886576755,0.0
11,0,0.4654027769599926,1.916481924960507,3.5603010750541184,-3.413351227513823,0.0
11,1,0.4654027769599926,1.916481924960507,3.5603010750541184,-3.1186502841556996,0.0
12,0,0.4654027769599926,1.916481924960507,3.5603010750541184,-3.4318901892809497,0.0
12,1,0.4654027769599926,1.916481924960507,3.5603010750541184,-3.136327212833451,0.0
13,0,0.4654027769599926,1.916481924960507,3.5603010750541184,-3.4465188822074766,0.0
13,1,0.4654027769599926,1.916481924960507,3.5603010750541184,-3.1502631619976005,0.0
14,0,0.4654027769599926,1.916481924960507,3.5603010750541184,-3.4580242325026207,0.0
14,1,0.4654027769599926,1.916481924960507,3.5603010750541184,-3.1612167939031757,0.0
15,0,0.4654027769599926,1.916481924960507,3.5603010750541184,-3.4670504853551964,0.0
15,1,0.4654027769599926,1.916481924960507,3.5603010750541184,-3.1698065935908692,0.0
16,0,0.4654027769599926,1.916481924960507,3.5603010750541184,-3.4741184955252575,0.0
16,1,0.4654027769599926,1.916481924960507,3.5603010750541184,-3.176531089209227,0.0
17,0,0.4654027769599926,1.916481924960507,3.5603010750541184,-3.47964542533258,0.0
17,1,0.4654027769599926,1.916481924960507,3.5603010750541184,-3.181788697107086,0.0
18,0,0.4654027769599926,1.916481924960507,3.5603010750541184,-3.4839630155227717,0.0
18,1,0.4654027769599926,1.916481924960507,3.5603010750541184,-3.185895752900433,0.0
19,0,0.4654027769599926,1.916481924960507,3.5603010750541184,-3.487333640967561,0.0
19,1,0.4654027769599926,1.916481924960507,3.5603010750541184,-3.189102162789374,0.0
0,0,0.6503599601780028,2.4794417237441344,2.53396776148339,0.6931471805599441,0.0
0,1,0.6503599601780028,2.4794417237441344,2.53396776148339,0.9899409166847176,0.0
1,0,0.6503599601780028,2.4794417237441344,2.53396776148339,-2.35049786459981,0.0
1,1,0.6503599601780028,2.4794417237441344,2.53396776148339,-2.0830862726669634,0.0
2,0,0.6503599601780028,2.4794417237441344,2.53396776148339,-2.6591475974591114,0.0
2,1,0.6503599601780028,2.4794417237441344,2.53396776148339,-2.397855084220832,0.0
3,0,0.6503599601780028,2.4794417237441344,2.53396776148339,-2.864476594941416,0.0
3,1,0.6503599601780028,2.4794417237441344,2.53396776148339,-2.605945772880677,0.0
4,0,0.6503599601780028,2.4794417237441344,2.53396776148339,-3.0202312669463502,0.0
4,1,0.6503599601780028,2.4794417237441344,2.53396776148339,-2.7622502543854512,0.0
5,0,0.6503599601780028,2.4794417237441344,2.53396776148339,-3.1476725860281833,0.0
5,1,0.6503599601780028,2.4794417237441344,2.53396776148339,-2.8888415867713215,0.0
6,0,0.6503599601780028,2.4794417237441344,2.53396776148339,-3.2559697250630224,0.0
6,1,0.6503599601780028,2.4794417237441344,2.53396776148339,-2.9954866093489363,0.0
7,0,0.6503599601780028,2.4794417237441344,2.53396776148339,-3.349366458517367,0.0
7,1,0.6503599601780028,2.4794417237441344,2.53396776148339,-3.0868417541790665,0.0
8,0,0.6503599601780028,2.4794417237441344,2.53396776148339,-3.43015343735277,0.0
8,1,0.6503599601780028,2.4794417237441344,2.53396776148339,-3.1654665011557013,0.0
9,0,0.6503599601780028,2.4794417237441344,2.53396776148339,-3.499874209042113,0.0
9,1,0.6503599601780028,2.4794417237441344,2.53396776148339,-3.2330693518599816,0.0
10,0,0.6503599601780028,2.4794417237441344,2.53396776148339,-3.559790710369149,0.0
10,1,0.6503599601780028,2.4794417237441344,2.53396776148339,-3.291005876583517,0.0
11,0,0.6503599601780028,2.4794417237441344,2.53396776148339,-3.6110443991599093,0.0
11,1,0.6503599601780028,2.4794417237441344,2.53396776148339,-3.3404641315223182,0.0
12,0,0.6503599601780028,2.4794417237441344,2.53396776148339,-3.6546987601770704,0.0
12,1,0.6503599601780028,2.4794417237441344,2.53396776148339,-3.3825243638549454,0.0
13,0,0.6503599601780028,2.4794417237441344,2.53396776148339,-3.691741050653161,0.0
13,1,0.6503599601780028,2.4794417237441344,2.53396776148339,-3.418172514280494,0.0
14,0,0.6503599601780028,2.4794417237441344,2.53396776148339,-3.7230744520459087,0.0
14,1,0.6503599601780028,2.4794417237441344,2.53396776148339,-3.448300181656454,0.0
15,0,0.6503599601780028,2.4794417237441344,2.53396776148339,-3.74951178797995,0.0
15,1,0.6503599601780028,2.4794417237441344,2.53396776148339,-3.473703395497471,0.0
16,0,0.6503599601780028,2.4794417237441344,2.53396776148339,-3.771773704923887,0.0
16,1,0.6503599601780028,2.4794417237441344,2.53396776148339,-3.495083970045964,0.0
17,0,0.6503599601780028,2.4794417237441344,2.53396776148339,-3.790491087073713,0.0
17,1,0.6503599601780028,2.4794417237441344,2.53396776148339,-3.513053835595091,0.0
18,0,0.6503599601780028,2.4794417237441344,2.53396776148339,-3.8062105399796433,0.0
18,1,0.6503599601780028,2.4794417237441344,2.53396776148339,-3.528141614774018,0.0
19,0,0.6503599601780028,2.4794417237441344,2.53396776148339,-3.819401712364683,0.0
19,1,0.6503599601780028,2.4794417237441344,2.53396776148339,-3.5408005083619214,0.0
0,0,0.9088215600378616,3.03046675255305,1.8157463473073268,0.6931471805599441,0.0
0,1,0.9088215600378616,3.03046675255305,1.8157463473073268,0.9899409166847176,0.0
1,0,0.9088215600378616,3.03046675255305,1.8157463473073268,-1.823311701993928,0.0
1,1,0.9088215600378616,3.03046675255305,1.8157463473073268,-1.5684777613359737,0.0
2,0,0.9088215600378616,3.03046675255305,1.8157463473073268,-2.086407888675866,0.0
2,1,0.9088215600378616,3.03046675255305,1.8157463473073268,-1.8456606151980437,0.0
3,0,0.9088215600378616,3.03046675255305,1.8157463473073268,-2.2956353072673306,0.0
3,1,0.9088215600378616,3.03046675255305,1.8157463473073268,-2.0628817276063858,0.0
4,0,0.9088215600378616,3.03046675255305,1.8157463473073268,-2.483094185330526,0.0
4,1,0.9088215600378616,3.03046675255305,1.8157463473073268,-2.2543270336416357,0.0
5,0,0.9088215600378616,3.03046675255305,1.8157463473073268,-2.653202197651331,0.0
5,1,0.9088215600378616,3.03046675255305,1.8157463473073268,-2.4257470588821404,0.0
6,0,0.9088215600378616,3.03046675255305,1.8157463473073268,-2.8083880752847783,0.0
6,1,0.9088215600378616,3.03046675255305,1.8157463473073268,-2.580527868608502,0.0
7,0,0.9088215600378616,3.03046675255305,1.8157463473073268,-2.9498052220158364,0.0
7,1,0.9088215600378616,3.03046675255305,1.8157463473073268,-2.720491517350936,0.0
8,0,0.9088215600378616,3.03046675255305,1.8157463473073268,-3.0781009438693885,0.0
8,1,0.9088215600378616,3.03046675255305,1.8157463473073268,-2.846741527930318,0.0
9,0,0.9088215600378616,3.03046675255305,1.8157463473073268,-3.1938413705440656,0.0
9,1,0.9088215600378616,3.03046675255305,1.8157463473073268,-2.9601488642192453,0.0
10,0,0.9088215600378616,3.03046675255305,1.8157463473073268,-3.297672121927695,0.0
10,1,0.9088215600378616,3.03046675255305,1.8157463473073268,-3.0615581430048744,0.0
11,0,0.9088215600378616,3.03046675255305,1.8157463473073268,-3.390346161521235,0.0
11,1,0.9088215600378616,3.03046675255305,1.8157463473073268,-3.1518482967495576,0.0
12,0,0.9088215600378616,3.03046675255305,1.8157463473073268,-3.4726986459762665,0.0
12,1,0.9088215600378616,3.03046675255305,1.8157463473073268,-3.231930629543384,0.0
13,0,0.9088215600378616,3.03046675255305,1.8157463473073268,-3.5456077435204767,0.0
13,1,0.9088215600378616,3.03046675255305,1.8157463473073268,-3.3027258767439145,0.0
14,0,0.9088215600378616,3.03046675255305,1.8157463473073268,-3.6099578743991723,0.0
14,1,0.9088215600378616,3.03046675255305,1.8157463473073268,-3.3651387303304894,0.0
15,0,0.9088215600378616,3.03046675255305,1.8157463473073268,-3.6666109065159347,0.0
15,1,0.9088215600378616,3.03046675255305,1.8157463473073268,-3.420036827842967,0.0
16,0,0.9088215600378616,3.03046675255305,1.8157463473073268,-3.716386027483158,0.0
16,1,0.9088215600378616,3.03046675255305,1.8157463473073268,-3.468235971833841,0.0
17,0,0.9088215600378616,3.03046675255305,1.8157463473073268,-3.7600471638808863,0.0
17,1,0.9088215600378616,3.03046675255305,1.8157463473073268,-3.510491189426096,0.0
18,0,0.9088215600378616,3.03046675255305,1.8157463473073268,-3.7982963138904293,0.0
18,1,0.9088215600378616,3.03046675255305,1.8157463473073268,-3.5474925173533043,0.0
19,0,0.9088215600378616,3.03046675255305,1.8157463473073268,-3.8317712157541,0.0
19,1,0.9088215600378616,3.03046675255305,1.8157463473073268,-3.5798642988667306,0.0
0,0,1.2699991982341428,3.572198710051056,1.3089867579404644,0.6931471805599441,0.0
0,1,1.2699991982341428,3.572198710051056,1.3089867579404644,0.9899409166847176,0.0
1,0,1.2699991982341428,3.572198710051056,1.3089867579404644,-0.6580900861894087,0.0
1,1,1.2699991982341428,3.572198710051056,1.3089867579404644,-0.3864245354613218,0.0
2,0,1.2699991982341428,3.572198710051056,1.3089867579404644,-1.3234980058061565,0.0
2,1,1.2699991982341428,3.572198710051056,1.3089867579404644,-1.0732888021222147,0.0
3,0,1.2699991982341428,3.572198710051056,1.3089867579404644,-1.6724305793314134,0.0
3,1,1.2699991982341428,3.572198710051056,1.3089867579404644,-1.4389821841631174,0.0
4,0,1.2699991982341428,3.572198710051056,1.3089867579404644,-1.879872011525316,0.0
4,1,1.2699991982341428,3.572198710051056,1.3089867579404644,-1.6587235633329416,0.0
5,0,1.2699991982341428,3.572198710051056,1.3089867579404644,-2.026768969198052,0.0
5,1,1.2699991982341428,3.572198710051056,1.3089867579404644,-1.8141423228739366,0.0
6,0,1.2699991982341428,3.572198710051056,1.3089867579404644,-2.149401094092018,0.0
6,1,1.2699991982341428,3.572198710051056,1.3089867579404644,-1.9422882560915835,0.0
7,0,1.2699991982341428,3.572198710051056,1.3089867579404644,-2.262998559740073,0.0
7,1,1.2699991982341428,3.572198710051056,1.3089867579404644,-2.0591000635933367,0.0
8,0,1.2699991982341428,3.572198710051056,1.3089867579404644,-2.3730994647996426,0.0
8,1,1.2699991982341428,3.572198710051056,1.3089867579404644,-2.170711879417299,0.0
9,0,1.2699991982341428,3.572198710051056,1.3089867579404644,-2.4809933571219513,0.0
9,1,1.2699991982341428,3.572198710051056,1.3089867579404644,-2.27889022556257,0.0
10,0,1.2699991982341428,3.572198710051056,1.3089867579404644,-2.5862931383580774,0.0
10,1,1.2699991982341428,3.572198710051056,1.3089867579404644,-2.3836176574463313,0.0
11,0,1.2699991982341428,3.572198710051056,1.3089867579404644,-2.6881124309978324,0.0
11,1,1.2699991982341428,3.572198710051056,1.3089867579404644,-2.4842877862355666,0.0
12,0,1.2699991982341428,3.572198710051056,1.3089867579404644,-2.785570862258985,0.0
12,1,1.2699991982341428,3.572198710051056,1.3089867579404644,-2.580228487844634,0.0
13,0,1.2699991982341428,3.572198710051056,1.3089867579404644,-2.8779815421363044,0.0
13,1,1.2699991982341428,3.572198710051056,1.3089867579404644,-2.6709052773585142,0.0
14,0,1.2699991982341428,3.572198710051056,1.3089867579404644,-2.9648939585919445,0.0
14,1,1.2699991982341428,3.572198710051056,1.3089867579404644,-2.7559773874504563,0.0
15,0,1.2699991982341428,3.572198710051056,1.3089867579404644,-3.0460760892649086,0.0
15,1,1.2699991982341428,3.572198710051056,1.3089867579404644,-2.8352903973597416,0.0
16,0,1.2699991982341428,3.572198710051056,1.3089867579404644,-3.1214753493735827,0.0
16,1,1.2699991982341428,3.572198710051056,1.3089867579404644,-2.908845368723881,0.0
17,0,1.2699991982341428,3.572198710051056,1.3089867579404644,-3.1911762807036945,0.0
17,1,1.2699991982341428,3.572198710051056,1.3089867579404644,-2.9767628061999325,0.0
18,0,1.2699991982341428,3.572198710051056,1.3089867579404644,-3.255362354131183,0.0
18,1,1.2699991982341428,3.572198710051056,1.3089867579404644,-3.039249209684378,0.0
19,0,1.2699991982341428,3.572198710051056,1.3089867579404644,-3.3142842835849313,0.0
19,1,1.2699991982341428,3.572198710051056,1.3089867579404644,-3.0965689556618146,0.0
0,0,1.774713579031038,4.097939263849469,0.9579806815535462,0.6931471805599441,0.0
0,1,1.774713579031038,4.097939263849469,0.9579806815535462,0.9899409166847176,0.0
1,0,1.774713579031038,4.097939263849469,0.9579806815535462,0.5429012337724408,0.0
1,1,1.774713579031038,4.097939263849469,0.9579806815535462,0.8185948856044405,0.0
2,0,1.774713579031038,4.097939263849469,0.9579806815535462,-0.47064422985944143,0.0
2,1,1.774713579031038,4.097939263849469,0.9579806815535462,-0.22492792983249868,0.0
3,0,1.774713579031038,4.097939263849469,0.9579806815535462,-1.162866488444984,0.0
3,1,1.774713579031038,4.097939263849469,0.9579806815535462,-0.9367702980440711,0.0
4,0,1.774713579031038,4.097939263849469,0.9579806815535462,-1.607997739885408,0.0
4,1,1.774713579031038,4.097939263849469,0.9579806815535462,-1.395138190010345,0.0
5,0,1.774713579031038,4.097939263849469,0.9579806815535462,-1.8992121044077437,0.0
5,1,1.774713579031038,4.097939263849469,0.9579806815535462,-1.6952876468980511,0.0
6,0,1.774713579031038,4.097939263849469,0.9579806815535462,-2.097089805068326,0.0
6,1,1.774713579031038,4.097939263849469,0.9579806815535462,-1.89913813118238,0.0
7,0,1.774713579031038,4.097939263849469,0.9579806815535462,-2.2386248465980776,0.0
7,1,1.774713579031038,4.097939263849469,0.9579806815535462,-2.0445845838570738,0.0
8,0,1.774713579031038,4.097939263849469,0.9579806815535462,-2.3459507365288124,0.0
8,1,1.774713579031038,4.097939263849469,0.9579806815535462,-2.1543746682408567,0.0
9,0,1.774713579031038,4.097939263849469,0.9579806815535462,-2.4321622506785445,0.0
9,1,1.774713579031038,4.097939263849469,0.9579806815535462,-2.24202812515424,0.0
10,0,1.774713579031038,4.097939263849469,0.9579806815535462,-2.5049464485586155,0.0
10,1,1.774713579031038,4.097939263849469,0.9579806815535462,-2.3155306495283687,0.0
11,0,1.774713579031038,4.097939263849469,0.9579806815535462,-2.568789468270741,0.0
11,1,1.774713579031038,4.097939263849469,0.9579806815535462,-2.3795811079993947,0.0
12,0,1.774713579031038,4.097939263849469,0.9579806815535462,-2.626299984335125,0.0
12,1,1.774713579031038,4.097939263849469,0.9579806815535462,-2.4369413502692634,0.0
13,0,1.774713579031038,4.097939263849469,0.9579806815535462,-2.6789960143532916,0.0
13,1,1.774713579031038,4.097939263849469,0.9579806815535462,-2.4892405503093418,0.0
14,0,1.774713579031038,4.097939263849469,0.9579806815535462,-2.7277692144728065,0.0
14,1,1.774713579031038,4.097939263849469,0.9579806815535462,-2.5374514222943456,0.0
15,0,1.774713579031038,4.097939263849469,0.9579806815535462,-2.7731566917411277,0.0
15,1,1.774713579031038,4.097939263849469,0.9579806815535462,-2.5821703027537968,0.0
16,0,1.774713579031038,4.097939263849469,0.9579806815535462,-2.815498581659793,0.0
16,1,1.774713579031038,4.097939263849469,0.9579806815535462,-2.6237805697903607,0.0
17,0,1.774713579031038,4.097939263849469,0.9579806815535462,-2.855028219172665,0.0
17,1,1.774713579031038,4.097939263849469,0.9579806815535462,-2.662547005047794,0.0
18,0,1.774713579031038,4.097939263849469,0.9579806815535462,-2.8919228095149343,0.0
18,1,1.774713579031038,4.097939263849469,0.9579806815535462,-2.698669510555238,0.0
19,0,1.774713579031038,4.097939263849469,0.9579806815535462,-2.926331161799048,0.0
19,1,1.774713579031038,4.097939263849469,0.9579806815535462,-2.7323130797468673,0.0
0,0,2.4800080913251747,4.625077210490507,0.7053574623257535,0.6931471805599441,0.0
0,1,2.4800080913251747,4.625077210490507,0.7053574623257535,0.9899409166847176,0.0
1,0,2.4800080913251747,4.625077210490507,0.7053574623257535,0.7441491744113736,0.0
1,1,2.4800080913251747,4.625077210490507,0.7053574623257535,0.9782392354510114,0.0
2,0,2.4800080913251747,4.625077210490507,0.7053574623257535,0.4634448973685821,0.0
2,1,2.4800080913251747,4.625077210490507,0.7053574623257535,0.6643065078628488,0.0
3,0,2.4800080913251747,4.625077210490507,0.7053574623257535,0.06555986055541962,0.0
3,1,2.4800080913251747,4.625077210490507,0.7053574623257535,0.24974977089556522,0.0
4,0,2.4800080913251747,4.625077210490507,0.7053574623257535,-0.2778656338205886,0.0
4,1,2.4800080913251747,4.625077210490507,0.7053574623257535,-0.10411845900386274,0.0
5,0,2.4800080913251747,4.625077210490507,0.7053574623257535,-0.5437648053541414,0.0
5,1,2.4800080913251747,4.625077210490507,0.7053574623257535,-0.377519541190687,0.0
6,0,2.4800080913251747,4.625077210490507,0.7053574623257535,-0.7441294115744851,0.0
6,1,2.4800080913251747,4.625077210490507,0.7053574623257535,-0.5834553644581111,0.0
7,0,2.4800080913251747,4.625077210490507,0.7053574623257535,-0.8956632322309808,0.0
7,1,2.4800080913251747,4.625077210490507,0.7053574623257535,-0.7390776182847777,0.0
8,0,2.4800080913251747,4.625077210490507,0.7053574623257535,-1.0126455927201483,0.0
8,1,2.4800080913251747,4.625077210490507,0.7053574623257535,-0.8589681028267269,0.0
9,0,2.4800080913251747,4.625077210490507,0.7053574623257535,-1.105859491710782,0.0
9,1,2.4800080913251747,4.625077210490507,0.7053574623257535,-0.9541539257281811,0.0
10,0,2.4800080913251747,4.625077210490507,0.7053574623257535,-1.1830063918101659,0.0
10,1,2.4800080913251747,4.625077210490507,0.7053574623257535,-1.0325386155614447,0.0
11,0,2.4800080913251747,4.625077210490507,0.7053574623257535,-1.2493963128647585,0.0
11,1,2.4800080913251747,4.625077210490507,0.7053574623257535,-1.099597198793324,0.0
12,0,2.4800080913251747,4.625077210490507,0.7053574623257535,-1.3085883279449375,0.0
12,1,2.4800080913251747,4.625077210490507,0.7053574623257535,-1.159021344999975,0.0
13,0,2.4800080913251747,4.625077210490507,0.7053574623257535,-1.362904991320805,0.0
13,1,2.4800080913251747,4.625077210490507,0.7053574623257535,-1.2132389226686369,0.0
14,0,2.4800080913251747,4.625077210490507,0.7053574623257535,-1.4138192365462654,0.0
14,1,2.4800080913251747,4.625077210490507,0.7053574623257535,-1.2638058822285039,0.0
15,0,2.4800080913251747,4.625077210490507,0.7053574623257535,-1.4622341614158274,0.0
15,1,2.4800080913251747,4.625077210490507,0.7053574623257535,-1.3116904503890647,0.0
16,0,2.4800080913251747,4.625077210490507,0.7053574623257535,-1.5086798375408397,0.0
16,1,2.4800080913251747,4.625077210490507,0.7053574623257535,-1.357473629621476,0.0
17,0,2.4800080913251747,4.625077210490507,0.7053574623257535,-1.5534487402338821,0.0
17,1,2.4800080913251747,4.625077210490507,0.7053574623257535,-1.4014876201968902,0.0
18,0,2.4800080913251747,4.625077210490507,0.7053574623257535,-1.596687136942238,0.0
18,1,2.4800080913251747,4.625077210490507,0.7053574623257535,-1.4439095928928805,0.0
19,0,2.4800080913251747,4.625077210490507,0.7053574623257535,-1.6384555716084463,0.0
19,1,2.4800080913251747,4.625077210490507,0.7053574623257535,-1.4848240557154193,0.0
0,0,3.465595916833162,5.18201993070619,0.5151186695258578,0.6931471805599441,0.0
0,1,3.465595916833162,5.18201993070619,0.5151186695258578,0.9899409166847176,0.0
1,0,3.465595916833162,5.18201993070619,0.5151186695258578,0.8432807682436317,0.0
1,1,3.465595916833162,5.18201993070619,0.5151186695258578,1.0648781817163586,0.0
2,0,3.465595916833162,5.18201993070619,0.5151186695258578,0.6768965149676118,0.0
2,1,3.465595916833162,5.18201993070619,0.5151186695258578,0.8610647266807625,0.0
3,0,3.465595916833162,5.18201993070619,0.5151186695258578,0.3761037849407787,0.0
3,1,3.465595916833162,5.18201993070619,0.5151186695258578,0.5419093172829184,0.0
4,0,3.465595916833162,5.18201993070619,0.5151186695258578,0.10580585161087241,0.0
4,1,3.465595916833162,5.18201993070619,0.5151186695258578,0.26047217869060374,0.0
5,0,3.465595916833162,5.18201993070619,0.5151186695258578,-0.0826353989471201,0.0
5,1,3.465595916833162,5.18201993070619,0.5151186695258578,0.06387601051891029,0.0
6,0,3.465595916833162,5.18201993070619,0.5151186695258578,-0.20472798006534004,0.0
6,1,3.465595916833162,5.18201993070619,0.5151186695258578,-0.06468654904033086,0.0
7,0,3.465595916833162,5.18201993070619,0.5151186695258578,-0.28252451483144786,0.0
7,1,3.465595916833162,5.18201993070619,0.5151186695258578,-0.14767602053101103,0.0
8,0,3.465595916833162,5.18201993070619,0.5151186695258578,-0.3325403846368716,0.0
8,1,3.465595916833162,5.18201993070619,0.5151186695258578,-0.20181149636645465,0.0
9,0,3.465595916833162,5.18201993070619,0.5151186695258578,-0.3657693862844441,0.0
9,1,3.465595916833162,5.18201993070619,0.5151186695258578,-0.2382489853927543,0.0
10,0,3.465595916833162,5.18201993070619,0.5151186695258578,-0.3893351265528342,0.0
10,1,3.465595916833162,5.18201993070619,0.5151186695258578,-0.2642594451271216,0.0
11,0,3.465595916833162,5.18201993070619,0.5151186695258578,-0.40781691248006197,0.0
11,1,3.465595916833162,5.18201993070619,0.5151186695258578,-0.28455434493739123,0.0
12,0,3.465595916833162,5.18201993070619,0.5151186695258578,-0.42412232384550375,0.0
12,1,3.465595916833162,5.18201993070619,0.5151186695258578,-0.30215598268972294,0.0
13,0,3.465595916833162,5.18201993070619,0.5151186695258578,-0.4400484241986974,0.0
13,1,3.465595916833162,5.18201993070619,0.5151186695258578,-0.31895846471594624,0.0
14,0,3.465595916833162,5.18201993070619,0.5151186695258578,-0.4566503212470808,0.0
14,1,3.465595916833162,5.18201993070619,0.5151186695258578,-0.33609762282867767,0.0
15,0,3.465595916833162,5.18201993070619,0.5151186695258578,-0.47448930739871986,0.0
15,1,3.465595916833162,5.18201993070619,0.5151186695258578,-0.3542012281588867,0.0
16,0,3.465595916833162,5.18201993070619,0.5151186695258578,-0.49380264444186167,0.0
16,1,3.465595916833162,5.18201993070619,0.5151186695258578,-0.3735609865673368,0.0
17,0,3.465595916833162,5.18201993070619,0.5151186695258578,-0.51462040788296,0.0
17,1,3.465595916833162,5.18201993070619,0.5151186695258578,-0.39425144038365934,0.0
18,0,3.465595916833162,5.18201993070619,0.5151186695258578,-0.5368456757518122,0.0
18,1,3.465595916833162,5.18201993070619,0.5151186695258578,-0.4162119488164485,0.0
19,0,3.465595916833162,5.18201993070619,0.5151186695258578,-0.5603090423189707,0.0
19,1,3.465595916833162,5.18201993070619,0.5151186695258578,-0.4393027071414869,0.0
0,0,4.842869303846925,5.750302859357559,0.3759002544398143,0.6931471805599441,0.0
0,1,4.842869303846925,5.750302859357559,0.3759002544398143,0.9899409166847176,0.0
1,0,4.842869303846925,5.750302859357559,0.3759002544398143,0.9152963460969588,0.0
1,1,4.842869303846925,5.750302859357559,0.3759002544398143,1.132557917653509,0.0
2,0,4.842869303846925,5.750302859357559,0.3759002544398143,0.94167797023797,0.0
2,1,4.842869303846925,5.750302859357559,0.3759002544398143,1.1175127944945311,0.0
3,0,4.842869303846925,5.750302859357559,0.3759002544398143,0.8234938150666633,0.0
3,1,4.842869303846925,5.750302859357559,0.3759002544398143,0.9783181810473419,0.0
4,0,4.842869303846925,5.750302859357559,0.3759002544398143,0.6242367983344085,0.0
4,1,4.842869303846925,5.750302859357559,0.3759002544398143,0.7667898699950444,0.0
5,0,4.842869303846925,5.750302859357559,0.3759002544398143,0.4284582438490744,0.0
5,1,4.842869303846925,5.750302859357559,0.3759002544398143,0.5628179336357,0.0
6,0,4.842869303846925,5.750302859357559,0.3759002544398143,0.28256920382488393,0.0
6,1,4.842869303846925,5.750302859357559,0.3759002544398143,0.41047766810904407,0.0
7,0,4.842869303846925,5.750302859357559,0.3759002544398143,0.19123401052367217,0.0
7,1,4.842869303846925,5.750302859357559,0.3759002544398143,0.31362325320757095,0.0
8,0,4.842869303846925,5.750302859357559,0.3759002544398143,0.14302043200127168,0.0
8,1,4.842869303846925,5.750302859357559,0.3759002544398143,0.260617821657169,0.0
9,0,4.842869303846925,5.750302859357559,0.3759002544398143,0.12452660361215498,0.0
9,1,4.842869303846925,5.750302859357559,0.3759002544398143,0.23801032303880693,0.0
10,0,4.842869303846925,5.750302859357559,0.3759002544398143,0.12480728938994061,0.0
10,1,4.842869303846925,5.750302859357559,0.3759002544398143,0.2348162594958618,0.0
11,0,4.842869303846925,5.750302859357559,0.3759002544398143,0.13597216924222516,0.0
11,1,4.842869303846925,5.750302859357559,0.3759002544398143,0.24308933301899885,0.0
12,0,4.842869303846925,5.750302859357559,0.3759002544398143,0.15266699371280548,0.0
12,1,4.842869303846925,5.750302859357559,0.3759002544398143,0.2574081741827534,0.0
13,0,4.842869303846925,5.750302859357559,0.3759002544398143,0.17139417667939677,0.0
13,1,4.842869303846925,5.750302859357559,0.3759002544398143,0.2742060081713595,0.0
14,0,4.842869303846925,5.750302859357559,0.3759002544398143,0.1899446120285108,0.0
14,1,4.842869303846925,5.750302859357559,0.3759002544398143,0.29120847764756363,0.0
15,0,4.842869303846925,5.750302859357559,0.3759002544398143,0.20698059823858317,0.0
15,1,4.842869303846925,5.750302859357559,0.3759002544398143,0.3070194186051711,0.0
16,0,4.842869303846925,5.750302859357559,0.3759002544398143,0.22174516753522733,0.0
16,1,4.842869303846925,5.750302859357559,0.3759002544398143,0.3208310113771507,0.0
17,0,4.842869303846925,5.750302859357559,0.3759002544398143,0.23386382118143084,0.0
17,1,4.842869303846925,5.750302859357559,0.3759002544398143,0.3322252662342464,0.0
18,0,4.842869303846925,5.750302859357559,0.3759002544398143,0.24321041554357245,0.0
18,1,4.842869303846925,5.750302859357559,0.3759002544398143,0.3410391868352578,0.0
19,0,4.842869303846925,5.750302859357559,0.3759002544398143,0.2498167215557617,0.0
19,1,4.842869303846925,5.750302859357559,0.3759002544398143,0.3472734599397173,0.0
0,0,6.767489244843735,6.35157667199576,0.2704030241386756,0.6931471805599441,0.0
0,1,6.767489244843735,6.35157667199576,0.2704030241386756,0.9899409166847176,0.0
1,0,6.767489244843735,6.35157667199576,0.2704030241386756,0.9579027832128815,0.0
1,1,6.767489244843735,6.35157667199576,0.2704030241386756,1.1710810970012606,0.0
2,0,6.767489244843735,6.35157667199576,0.2704030241386756,1.0841222766077185,0.0
2,1,6.767489244843735,6.35157667199576,0.2704030241386756,1.252270581729368,0.0
3,0,6.767489244843735,6.35157667199576,0.2704030241386756,1.1008161254565736,0.0
3,1,6.767489244843735,6.35157667199576,0.2704030241386756,1.2446492114283776,0.0
4,0,6.767489244843735,6.35157667199576,0.2704030241386756,1.043830543240976,0.0
4,1,6.767489244843735,6.35157667199576,0.2704030241386756,1.1739261912215575,0.0
5,0,6.767489244843735,6.35157667199576,0.2704030241386756,0.9397666253474707,0.0
5,1,6.767489244843735,6.35157667199576,0.2704030241386756,1.0613609280400498,0.0
6,0,6.767489244843735,6.35157667199576,0.2704030241386756,0.824756017910983,0.0
6,1,6.767489244843735,6.35157667199576,0.2704030241386756,0.9404825893034374,0.0
7,0,6.767489244843735,6.35157667199576,0.2704030241386756,0.7268258371407064,0.0
7,1,6.767489244843735,6.35157667199576,0.2704030241386756,0.8378448472542763,0.0
8,0,6.767489244843735,6.35157667199576,0.2704030241386756,0.6587747356584154,0.0
8,1,6.767489244843735,6.35157667199576,0.2704030241386756,0.7655875907103288,0.0
9,0,6.767489244843735,6.35157667199576,0.2704030241386756,0.6211946985518764,0.0
9,1,6.767489244843735,6.35157667199576,0.2704030241386756,0.7240934206474392,0.0
10,0,6.767489244843735,6.35157667199576,0.2704030241386756,0.6087776963987894,0.0
10,1,6.767489244843735,6.35157667199576,0.2704030241386756,0.7080393680052497,0.0
11,0,6.767489244843735,6.35157667199576,0.2704030241386756,0.6147723041465545,0.0
11,1,6.767489244843735,6.35157667199576,0.2704030241386756,0.7107101881922232,0.0
12,0,6.767489244843735,6.35157667199576,0.2704030241386756,0.6330792340197936,0.0
12,1,6.767489244843735,6.35157667199576,0.2704030241386756,0.726035187912939,0.0
13,0,6.767489244843735,6.35157667199576,0.2704030241386756,0.6588924826250551,0.0
13,1,6.767489244843735,6.35157667199576,0.2704030241386756,0.7492153653274032,0.0
14,0,6.767489244843735,6.35157667199576,0.2704030241386756,0.6886869116905896,0.0
14,1,6.767489244843735,6.35157667199576,0.2704030241386756,0.7767139929285685,0.0
15,0,6.767489244843735,6.35157667199576,0.2704030241386756,0.7199903313222498,0.0
15,1,6.767489244843735,6.35157667199576,0.2704030241386756,0.8060355407427708,0.0
16,0,6.767489244843735,6.35157667199576,0.2704030241386756,0.7511286867511169,0.0
16,1,6.767489244843735,6.35157667199576,0.2704030241386756,0.8354768466719511,0.0
17,0,6.767489244843735,6.35157667199576,0.2704030241386756,0.7810085290878281,0.0
17,1,6.767489244843735,6.35157667199576,0.2704030241386756,0.8639136956704117,0.0
18,0,6.767489244843735,6.35157667199576,0.2704030241386756,0.8089491623759835,0.0
18,1,6.767489244843735,6.35157667199576,0.2704030241386756,0.8906354253244196,0.0
19,0,6.767489244843735,6.35157667199576,0.2704030241386756,0.834558969620926,0.0
19,1,6.767489244843735,6.35157667199576,0.2704030241386756,0.9152225474192526,0.0
0,0,9.45697845752215,6.955671409071957,0.1948342241690416,0.6931471805599441,0.0
0,1,9.45697845752215,6.955671409071957,0.1948342241690416,0.9899409166847176,0.0
1,0,9.45697845752215,6.955671409071957,0.1948342241690416,0.9775708392722551,0.0
1,1,9.45697845752215,6.955671409071957,0.1948342241690416,1.1885666469347527,0.0
2,0,9.45697845752215,6.955671409071957,0.1948342241690416,1.1554543699929345,0.0
2,1,9.45697845752215,6.955671409071957,0.1948342241690416,1.318932953489814,0.0
3,0,9.45697845752215,6.955671409071957,0.1948342241690416,1.2606271218022533,0.0
3,1,9.45697845752215,6.955671409071957,0.1948342241690416,1.3965439631221694,0.0
4,0,9.45697845752215,6.955671409071957,0.1948342241690416,1.307202450230188,0.0
4,1,9.45697845752215,6.955671409071957,0.1948342241690416,1.426528592640626,0.0
5,0,9.45697845752215,6.955671409071957,0.1948342241690416,1.3077636356374145,0.0
5,1,9.45697845752215,6.955671409071957,0.1948342241690416,1.417004389057679,0.0
6,0,9.45697845752215,6.955671409071957,0.1948342241690416,1.2772654694150367,0.0
6,1,9.45697845752215,6.955671409071957,0.1948342241690416,1.37992701529044,0.0
7,0,9.45697845752215,6.955671409071957,0.1948342241690416,1.2288285234616847,0.0
7,1,9.45697845752215,6.955671409071957,0.1948342241690416,1.3268039826502287,0.0
8,0,9.45697845752215,6.955671409071957,0.1948342241690416,1.1774719155107156,0.0
8,1,9.45697845752215,6.955671409071957,0.1948342241690416,1.2717170922648138,0.0
9,0,9.45697845752215,6.955671409071957,0.1948342241690416,1.1358028772967474,0.0
9,1,9.45697845752215,6.955671409071957,0.1948342241690416,1.226754079892122,0.0
10,0,9.45697845752215,6.955671409071957,0.1948342241690416,1.1106580135597108,0.0
10,1,9.45697845752215,6.955671409071957,0.1948342241690416,1.1985003761556663,0.0
11,0,9.45697845752215,6.955671409071957,0.1948342241690416,1.1033487473522126,0.0
11,1,9.45697845752215,6.955671409071957,0.1948342241690416,1.1881908516422575,0.0
12,0,9.45697845752215,6.955671409071957,0.1948342241690416,1.1117029461828594,0.0
12,1,9.45697845752215,6.955671409071957,0.1948342241690416,1.193667627543452,0.0
13,0,9.45697845752215,6.955671409071957,0.1948342241690416,1.132106657562674,0.0
13,1,9.45697845752215,6.955671409071957,0.1948342241690416,1.2113601748205982,0.0
14,0,9.45697845752215,6.955671409071957,0.1948342241690416,1.1608185002413611,0.0
14,1,9.45697845752215,6.955671409071957,0.1948342241690416,1.2375666273636714,0.0
15,0,9.45697845752215,6.955671409071957,0.1948342241690416,1.194596714118263,0.0
15,1,9.45697845752215,6.955671409071957,0.1948342241690416,1.269069136722238,0.0
16,0,9.45697845752215,6.955671409071957,0.1948342241690416,1.2308912454984,0.0
16,1,9.45697845752215,6.955671409071957,0.1948342241690416,1.3033255407690745,0.0
17,0,9.45697845752215,6.955671409071957,0.1948342241690416,1.2678194022563427,0.0
17,1,9.45697845752215,6.955671409071957,0.1948342241690416,1.3384487848054285,0.0
18,0,9.45697845752215,6.955671409071957,0.1948342241690416,1.3040587019986065,0.0
18,1,9.45697845752215,6.955671409071957,0.1948342241690416,1.3731041168388216,0.0
19,0,9.45697845752215,6.955671409071957,0.1948342241690416,1.3387240319418456,0.0
19,1,9.45697845752215,6.955671409071957,0.1948342241690416,1.4063898150696852,0.0
0,0,13.215306047834442,7.582820215528679,0.1383769826383284,0.6931471805599441,0.0
0,1,13.215306047834442,7.582820215528679,0.1383769826383284,0.9899409166847176,0.0
1,0,13.215306047834442,7.582820215528679,0.1383769826383284,0.9858527482217978,0.0
1,1,13.215306047834442,7.582820215528679,0.1383769826383284,1.1962171609001253,0.0
2,0,13.215306047834442,7.582820215528679,0.1383769826383284,1.1845993534619965,0.0
2,1,13.215306047834442,7.582820215528679,0.1383769826383284,1.345849120445631,0.0
3,0,13.215306047834442,7.582820215528679,0.1383769826383284,1.3215105590095049,0.0
3,1,13.215306047834442,7.582820215528679,0.1383769826383284,1.453505044653598,0.0
4,0,13.215306047834442,7.582820215528679,0.1383769826383284,1.4132916209735922,0.0
4,1,13.215306047834442,7.582820215528679,0.1383769826383284,1.5272426445028844,0.0
5,0,13.215306047834442,7.582820215528679,0.1383769826383284,1.4705304524974965,0.0
5,1,13.215306047834442,7.582820215528679,0.1383769826383284,1.5727990285442286,0.0
6,0,13.215306047834442,7.582820215528679,0.1383769826383284,1.5001140924010978,0.0
6,1,13.215306047834442,7.582820215528679,0.1383769826383284,1.5945571183370193,0.0
7,0,13.215306047834442,7.582820215528679,0.1383769826383284,1.5091086905155449,0.0
7,1,13.215306047834442,7.582820215528679,0.1383769826383284,1.598053914434377,0.0
8,0,13.215306047834442,7.582820215528679,0.1383769826383284,1.5037736164822122,0.0
8,1,13.215306047834442,7.582820215528679,0.1383769826383284,1.5886129109075775,0.0
9,0,13.215306047834442,7.582820215528679,0.1383769826383284,1.4913417799000337,0.0
9,1,13.215306047834442,7.582820215528679,0.1383769826383284,1.572887190015959,0.0
10,0,13.215306047834442,7.582820215528679,0.1383769826383284,1.479261230350781,0.0
10,1,13.215306047834442,7.582820215528679,0.1383769826383284,1.5579484312020395,0.0
11,0,13.215306047834442,7.582820215528679,0.1383769826383284,1.4732979494455698,0.0
11,1,13.215306047834442,7.582820215528679,0.1383769826383284,1.5493340052448679,0.0
12,0,13.215306047834442,7.582820215528679,0.1383769826383284,1.4765477155264985,0.0
12,1,13.215306047834442,7.582820215528679,0.1383769826383284,1.55002873715368,0.0
13,0,13.215306047834442,7.582820215528679,0.1383769826383284,1.4895909506897482,0.0
13,1,13.215306047834442,7.582820215528679,0.1383769826383284,1.560585277518038,0.0
14,0,13.215306047834442,7.582820215528679,0.1383769826383284,1.5113119375059934,0.0
14,1,13.215306047834442,7.582820215528679,0.1383769826383284,1.5799059707582477,0.0
15,0,13.215306047834442,7.582820215528679,0.1383769826383284,1.53977238853658,0.0
15,1,13.215306047834442,7.582820215528679,0.1383769826383284,1.6060863099771732,0.0
16,0,13.215306047834442,7.582820215528679,0.1383769826383284,1.5728495452752986,0.0
16,1,13.215306047834442,7.582820215528679,0.1383769826383284,1.6370349535538709,0.0
17,0,13.215306047834442,7.582820215528679,0.1383769826383284,1.608601301850945,0.0
17,1,13.215306047834442,7.582820215528679,0.1383769826383284,1.6708311541990992,0.0
18,0,13.215306047834442,7.582820215528679,0.1383769826383284,1.6454242846631932,0.0
18,1,13.215306047834442,7.582820215528679,0.1383769826383284,1.7058816071705647,0.0
19,0,13.215306047834442,7.582820215528679,0.1383769826383284,1.682085647862512,0.0
19,1,13.215306047834442,7.582820215528679,0.1383769826383284,1.740954050153773,0.0
0,0,18.4672424413758,8.215653017667373,0.0977974755136652,0.6931471805599441,0.0
0,1,18.4672424413758,8.215653017667373,0.0977974755136652,0.9899409166847176,0.0
1,0,18.4672424413758,8.215653017667373,0.0977974755136652,0.9888761591863865,0.0
1,1,18.4672424413758,8.215653017667373,0.0977974755136652,1.199094610015441,0.0
2,0,18.4672424413758,8.215653017667373,0.0977974755136652,1.1969132681903065,0.0
2,1,18.4672424413758,8.215653017667373,0.0977974755136652,1.3573260696166696,0.0
3,0,18.4672424413758,8.215653017667373,0.0977974755136652,1.3496528496238553,0.0
3,1,18.4672424413758,8.215653017667373,0.0977974755136652,1.4799601769267674,7.236000000000001e-13
4,0,18.4672424413758,8.215653017667373,0.0977974755136652,1.4652659406640036,0.0
4,1,18.4672424413758,8.215653017667373,0.0977974755136652,1.5763288471440795,4.900565e-10
5,0,18.4672424413758,8.215653017667373,0.0977974755136652,1.5529914592627458,0.0
5,1,18.4672424413758,8.215653017667373,0.0977974755136652,1.65118618571086,1.1264303599999998e-08
6,0,18.4672424413758,8.215653017667373,0.0977974755136652,1.6190641578039364,0.0
6,1,18.4672424413758,8.215653017667373,0.0977974755136652,1.7083299651297514,1.0797813009999998e-07
7,0,18.4672424413758,8.215653017667373,0.0977974755136652,1.6678279588693377,0.0
7,1,18.4672424413758,8.215653017667373,0.0977974755136652,1.750636093124198,1.6199228233e-06
8,0,18.4672424413758,8.215653017667373,0.0977974755136652,1.702679680741286,0.0
8,1,18.4672424413758,8.215653017667373,0.0977974755136652,1.7806274780872506,1.77223107413e-05
9,0,18.4672424413758,8.215653017667373,0.0977974755136652,1.7266736032715038,0.0
9,1,18.4672424413758,8.215653017667373,0.0977974755136652,1.8008167445592136,0.00010407032049339999
10,0,18.4672424413758,8.215653017667373,0.0977974755136652,1.7427628808542313,0.0
10,1,18.4672424413758,8.215653017667373,0.0977974755136652,1.813804698222161,0.000363124755488
11,0,18.4672424413758,8.215653017667373,0.0977974755136652,1.7544322832821848,0.0
11,1,18.4672424413758,8.215653017667373,0.0977974755136652,1.8228297382789773,0.0008882051137278
12,0,18.4672424413758,8.215653017667373,0.0977974755136652,1.7654786442609058,0.0
12,1,18.4672424413758,8.215653017667373,0.0977974755136652,1.8315042085072148,0.001721375832157
13,0,18.4672424413758,8.215653017667373,0.0977974755136652,1.7791548596437328,0.0
13,1,18.4672424413758,8.215653017667373,0.0977974755136652,1.8429568866943202,0.0028545683224714003
14,0,18.4672424413758,8.215653017667373,0.0977974755136652,1.7975075903824176,0.0
14,1,18.4672424413758,8.215653017667373,0.0977974755136652,1.8591662637390396,0.0042370341715092
15,0,18.4672424413758,8.215653017667373,0.0977974755136652,1.8212379393901243,0.0
15,1,18.4672424413758,8.215653017667373,0.0977974755136652,1.8808104604437985,0.005771720689016701
16,0,18.4672424413758,8.215653017667373,0.0977974755136652,1.8499580141089713,0.0
16,1,18.4672424413758,8.215653017667373,0.0977974755136652,1.9075089322978986,0.0073340857111756
17,0,18.4672424413758,8.215653017667373,0.0977974755136652,1.882615077406196,0.0
17,1,18.4672424413758,8.215653017667373,0.0977974755136652,1.938231090804818,0.0088133809894899
18,0,18.4672424413758,8.215653017667373,0.0977974755136652,1.917887097106719,0.0
18,1,18.4672424413758,8.215653017667373,0.0977974755136652,1.9716796911173013,0.0101403832449904
19,0,18.4672424413758,8.215653017667373,0.0977974755136652,1.9544641741375068,0.0
19,1,18.4672424413758,8.215653017667373,0.0977974755136652,2.0065649492810005,0.011287459626443702
0,0,25.806367416245845,8.866213537706502,0.0678177177518049,0.6931471805599441,0.0
0,1,25.806367416245845,8.866213537706502,0.0678177177518049,0.9899409166847176,0.0
1,0,25.806367416245845,8.866213537706502,0.0678177177518049,0.9897699989864037,0.0
1,1,25.806367416245845,8.866213537706502,0.0678177177518049,1.1999529339604782,0.0
2,0,25.806367416245845,8.866213537706502,0.0678177177518049,1.1999285200641485,0.0
2,1,25.806367416245845,8.866213537706502,0.0678177177518049,1.3601787547876134,0.0
3,0,25.806367416245845,8.866213537706502,0.0678177177518049,1.3585166542836655,0.0
3,1,25.806367416245845,8.866213537706502,0.0678177177518049,1.4883763658221645,0.0
4,0,25.806367416245845,8.866213537706502,0.0678177177518049,1.4842179475999713,0.0
4,1,25.806367416245845,8.866213537706502,0.0678177177518049,1.594325452829062,8.663000000000001e-13
5,0,25.806367416245845,8.866213537706502,0.0678177177518049,1.5864522927803584,0.0
5,1,25.806367416245845,8.866213537706502,0.0678177177518049,1.6830314617436901,6.892699999999999e-11
6,0,25.806367416245845,8.866213537706502,0.0678177177518049,1.6708689132986176,0.0
6,1,25.806367416245845,8.866213537706502,0.0678177177518049,1.757758000976311,3.0147267e-09
7,0,25.806367416245845,8.866213537706502,0.0678177177518049,1.7409791200143114,0.0
7,1,25.806367416245845,8.866213537706502,0.0678177177518049,1.8206652032007955,1.9280000300000002e-07
8,0,25.806367416245845,8.866213537706502,0.0678177177518049,1.799356723128982,0.0
8,1,25.806367416245845,8.866213537706502,0.0678177177518049,1.8735170179213982,4.761654931600001e-06
9,0,25.806367416245845,8.866213537706502,0.0678177177518049,1.8478853078484616,0.0
9,1,25.806367416245845,8.866213537706502,0.0678177177518049,1.917685411083214,5.10894791562e-05
10,0,25.806367416245845,8.866213537706502,0.0678177177518049,1.8881083157472622,0.0
10,1,25.806367416245845,8.866213537706502,0.0678177177518049,1.9543756998531618,0.000299546371768
11,0,25.806367416245845,8.866213537706502,0.0678177177518049,1.9215098898545497,0.0
11,1,25.806367416245845,8.866213537706502,0.0678177177518049,1.9848338273181618,0.0011823341186678999
12,0,25.806367416245845,8.866213537706502,0.0678177177518049,1.9497947361853134,0.0
12,1,25.806367416245845,8.866213537706502,0.0678177177518049,2.0105922938914014,0.0035134820619781007
13,0,25.806367416245845,8.866213537706502,0.0678177177518049,1.9749279219097282,0.0
13,1,25.806367416245845,8.866213537706502,0.0678177177518049,2.0334835743417483,0.008417493305833799
14,0,25.806367416245845,8.866213537706502,0.0678177177518049,1.9989626232896127,0.0
14,1,25.806367416245845,8.866213537706502,0.0678177177518049,2.055459217234192,0.017065502283101303
15,0,25.806367416245845,8.866213537706502,0.0678177177518049,2.023737402435042,0.0
15,1,25.806367416245845,8.866213537706502,0.0678177177518049,2.078286573554823,0.0302092895244159
16,0,25.806367416245845,8.866213537706502,0.0678177177518049,2.0505199420029023,0.0
16,1,25.806367416245845,8.866213537706502,0.0678177177518049,2.103193069389012,0.0477572714178945
17,0,25.806367416245845,8.866213537706502,0.0678177177518049,2.079871130994107,0.0
17,1,25.806367416245845,8.866213537706502,0.0678177177518049,2.1307258299582434,0.0686706027538523
18,0,25.806367416245845,8.866213537706502,0.0678177177518049,2.1117089979196204,0.0
18,1,25.806367416245845,8.866213537706502,0.0678177177518049,2.160807991388457,0.0912505066704627
19,0,25.806367416245845,8.866213537706502,0.0678177177518049,2.1454935584289516,0.0
19,1,25.806367416245845,8.866213537706502,0.0678177177518049,2.1929150948046336,0.1136348123052593
0,0,36.06215715943463,9.5213345852807,0.0463020870443069,0.6931471805599441,0.0
0,1,36.06215715943463,9.5213345852807,0.0463020870443069,0.9899409166847176,0.0
1,0,36.06215715943463,9.5213345852807,0.0463020870443069,0.9899277179310318,0.0
1,1,36.06215715943463,9.5213345852807,0.0463020870443069,1.2001045582128138,0.0
2,0,36.06215715943463,9.5213345852807,0.0463020870443069,1.2001860841498602,0.0
2,1,36.06215715943463,9.5213345852807,0.0463020870443069,1.3604516735009466,0.0
3,0,36.06215715943463,9.5213345852807,0.0463020870443069,1.3602710102505715,0.0
3,1,36.06215715943463,9.5213345852807,0.0463020870443069,1.4900499581547542,0.0
4,0,36.06215715943463,9.5213345852807,0.0463020870443069,1.488931669422875,0.0
4,1,36.06215715943463,9.5213345852807,0.0463020870443069,1.598843719676665,0.0
5,0,36.06215715943463,9.5213345852807,0.0463020870443069,1.596460084677688,0.0
5,1,36.06215715943463,9.5213345852807,0.0463020870443069,1.6926174658010593,9.3e-15
6,0,36.06215715943463,9.5213345852807,0.0463020870443069,1.688478623237507,0.0
6,1,36.06215715943463,9.5213345852807,0.0463020870443069,1.7746168255613093,1.8515000000000003e-12
7,0,36.06215715943463,9.5213345852807,0.0463020870443069,1.7683426219883396,0.0
7,1,36.06215715943463,9.5213345852807,0.0463020870443069,1.846885617803125,7.625033e-10
8,0,36.06215715943463,9.5213345852807,0.0463020870443069,1.8383260861482307,0.0
8,1,36.06215715943463,9.5213345852807,0.0463020870443069,1.9109191276568214,6.32242655e-08
9,0,36.06215715943463,9.5213345852807,0.0463020870443069,1.9000058861064473,0.0
9,1,36.06215715943463,9.5213345852807,0.0463020870443069,1.9678167708173544,1.7047554730999998e-06
10,0,36.06215715943463,9.5213345852807,0.0463020870443069,1.954554471212456,0.0
10,1,36.06215715943463,9.5213345852807,0.0463020870443069,2.018434267400702,2.1162253776000002e-05
11,0,36.06215715943463,9.5213345852807,0.0463020870443069,2.0029075317066027,0.0
11,1,36.06215715943463,9.5213345852807,0.0463020870443069,2.0634947061867317,0.000153596819704
12,0,36.06215715943463,9.5213345852807,0.0463020870443069,2.0459585469575163,0.0
12,1,36.06215715943463,9.5213345852807,0.0463020870443069,2.103737707507206,0.0007428674032179
13,0,36.06215715943463,9.5213345852807,0.0463020870443069,2.084597730610242,0.0
13,1,36.06215715943463,9.5213345852807,0.0463020870443069,2.1399362242403317,0.00263732589817
14,0,36.06215715943463,9.5213345852807,0.0463020870443069,2.1198379631946045,0.0
14,1,36.06215715943463,9.5213345852807,0.0463020870443069,2.173009159152888,0.007386012526944199
15,0,36.06215715943463,9.5213345852807,0.0463020870443069,2.152809113394053,0.0
15,1,36.06215715943463,9.5213345852807,0.0463020870443069,2.2040096313815853,0.017094780910229403
16,0,36.06215715943463,9.5213345852807,0.0463020870443069,2.184728406097609,0.0
16,1,36.06215715943463,9.5213345852807,0.0463020870443069,2.234090548532798,0.0339030073000314
17,0,36.06215715943463,9.5213345852807,0.0463020870443069,2.216739277906883,0.0
17,1,36.06215715943463,9.5213345852807,0.0463020870443069,2.2643457623062826,0.0592665383847758
18,0,36.06215715943463,9.5213345852807,0.0463020870443069,2.2496728654199902,0.0
18,1,36.06215715943463,9.5213345852807,0.0463020870443069,2.2955770805172078,0.0932690879907664
19,0,36.06215715943463,9.5213345852807,0.0463020870443069,2.2839283681291054,0.0
19,1,36.06215715943463,9.5213345852807,0.0463020870443069,2.328173945277572,0.1342711835504751
0,0,50.3937326015545,10.182123008625036,0.0307066682922486,0.6931471805599441,0.0
0,1,50.3937326015545,10.182123008625036,0.0307066682922486,0.9899409166847176,0.0
1,0,50.3937326015545,10.182123008625036,0.0307066682922486,0.9899405496757429,0.0
1,1,50.3937326015545,10.182123008625036,0.0307066682922486,1.2001168949086338,0.0
2,0,50.3937326015545,10.182123008625036,0.0307066682922486,1.200132706602609,0.0
2,1,50.3937326015545,10.182123008625036,0.0307066682922486,1.3604139125886168,0.0
3,0,50.3937326015545,10.182123008625036,0.0307066682922486,1.3604369924300588,0.0
3,1,50.3937326015545,10.182123008625036,0.0307066682922486,1.49019669793045,0.0
4,0,50.3937326015545,10.182123008625036,0.0307066682922486,1.4898009238605265,0.0
4,1,50.3937326015545,10.182123008625036,0.0307066682922486,1.5996614596086551,0.0
5,0,50.3937326015545,10.182123008625036,0.0307066682922486,1.598761702901169,0.0
5,1,50.3937326015545,10.182123008625036,0.0307066682922486,1.6948175774933436,0.0
6,0,50.3937326015545,10.182123008625036,0.0307066682922486,1.6932832232238828,0.0
6,1,50.3937326015545,10.182123008625036,0.0307066682922486,1.7792267168140734,1e-16
7,0,50.3937326015545,10.182123008625036,0.0307066682922486,1.776860481444516,0.0
7,1,50.3937326015545,10.182123008625036,0.0307066682922486,1.8550687145571951,1.6655999999999999e-12
8,0,50.3937326015545,10.182123008625036,0.0307066682922486,1.8517517512104091,0.0
8,1,50.3937326015545,10.182123008625036,0.0307066682922486,1.923830337396995,1.1257669e-09
9,0,50.3937326015545,10.182123008625036,0.0307066682922486,1.9194849909515233,0.0
9,1,50.3937326015545,10.182123008625036,0.0307066682922486,1.9865687938023677,1.0541922360000002e-07
10,0,50.3937326015545,10.182123008625036,0.0307066682922486,1.9811230996819513,0.0
10,1,50.3937326015545,10.182123008625036,0.0307066682922486,2.044045270788179,2.6009866044e-06
11,0,50.3937326015545,10.182123008625036,0.0307066682922486,2.0374372401091136,0.0
11,1,50.3937326015545,10.182123008625036,0.0307066682922486,2.096831410820595,2.78144931188e-05
12,0,50.3937326015545,10.182123008625036,0.0307066682922486,2.0890664706927367,0.0
12,1,50.3937326015545,10.182123008625036,0.0307066682922486,2.145425494238693,0.00017188202221890002
13,0,50.3937326015545,10.182123008625036,0.0307066682922486,2.1365819074030865,0.0
13,1,50.3937326015545,10.182123008625036,0.0307066682922486,2.1902940890053033,0.000732051491375
14,0,50.3937326015545,10.182123008625036,0.0307066682922486,2.180522831205441,0.0
14,1,50.3937326015545,10.182123008625036,0.0307066682922486,2.2318972372605796,0.0024081562647012
15,0,50.3937326015545,10.182123008625036,0.0307066682922486,2.2214621058874844,0.0
15,1,50.3937326015545,10.182123008625036,0.0307066682922486,2.2707436721979564,0.0064988545074592
16,0,50.3937326015545,10.182123008625036,0.0307066682922486,2.2600932876585307,0.0
16,1,50.3937326015545,10.182123008625036,0.0307066682922486,2.307470112599507,0.014905431834643202
17,0,50.3937326015545,10.182123008625036,0.0307066682922486,2.2972251173455764,0.0
17,1,50.3937326015545,10.182123008625036,0.0307066682922486,2.3428338871446766,0.029891111248895097
18,0,50.3937326015545,10.182123008625036,0.0307066682922486,2.333730969112972,0.0
18,1,50.3937326015545,10.182123008625036,0.0307066682922486,2.3776620047191646,0.0536185205124916
19,0,50.3937326015545,10.182123008625036,0.0307066682922486,2.3704187232100544,0.0
19,1,50.3937326015545,10.182123008625036,0.0307066682922486,2.412724159545057,0.087519054093849
0,0,70.42086457250619,10.835257654161149,0.0197024147273237,0.6931471805599441,0.0
0,1,70.42086457250619,10.835257654161149,0.0197024147273237,0.9899409166847176,0.0
1,0,70.42086457250619,10.835257654161149,0.0197024147273237,0.9899409142284998,0.0
1,1,70.42086457250619,10.835257654161149,0.0197024147273237,1.200117245397441,0.0
2,0,70.42086457250619,10.835257654161149,0.0197024147273237,1.2001183844693954,0.0
2,1,70.42086457250619,10.835257654161149,0.0197024147273237,1.3604026445690365,0.0
3,0,70.42086457250619,10.835257654161149,0.0197024147273237,1.360413801424235,0.0
3,1,70.42086457250619,10.835257654161149,0.0197024147273237,1.4901680141044777,0.0
4,0,70.42086457250619,10.835257654161149,0.0197024147273237,1.4900366563010123,0.0
4,1,70.42086457250619,10.835257654161149,0.0197024147273237,1.599858483450006,0.0
5,0,70.42086457250619,10.835257654161149,0.0197024147273237,1.599422852599531,0.0
5,1,70.42086457250619,10.835257654161149,0.0197024147273237,1.6954141349787595,0.0
6,0,70.42086457250619,10.835257654161149,0.0197024147273237,1.694669168389122,0.0
6,1,70.42086457250619,10.835257654161149,0.0197024147273237,1.7805244164640386,0.0
7,0,70.42086457250619,10.835257654161149,0.0197024147273237,1.779452235410428,0.0
7,1,70.42086457250619,10.835257654161149,0.0197024147273237,1.857534006529388,2e-16
8,0,70.42086457250619,10.835257654161149,0.0197024147273237,1.8560925715965877,0.0
8,1,70.42086457250619,10.835257654161149,0.0197024147273237,1.9279885007527966,2.5352e-12
9,0,70.42086457250619,10.835257654161149,0.0197024147273237,1.9261283236314968,0.0
9,1,70.42086457250619,10.835257654161149,0.0197024147273237,1.992954514214838,1.6139525000000002e-09
10,0,70.42086457250619,10.835257654161149,0.0197024147273237,1.990637461978454,0.0
10,1,70.42086457250619,10.835257654161149,0.0197024147273237,2.0532111160810675,1.598636477e-07
11,0,70.42086457250619,10.835257654161149,0.0197024147273237,2.050417301680116,0.0
11,1,70.42086457250619,10.835257654161149,0.0197024147273237,2.1093569611014114,4.1325666638000005e-06
12,0,70.42086457250619,10.835257654161149,0.0197024147273237,2.1060578079200374,0.0
12,1,70.42086457250619,10.835257654161149,0.0197024147273237,2.1618456353111632,4.1283639259499994e-05
13,0,70.42086457250619,10.835257654161149,0.0197024147273237,2.1580190932530403,0.0
13,1,70.42086457250619,10.835257654161149,0.0197024147273237,2.211040066116371,0.0002221812027757
14,0,70.42086457250619,10.835257654161149,0.0197024147273237,2.206701816223693,0.0
14,1,70.42086457250619,10.835257654161149,0.0197024147273237,2.257268464352526,0.0008263249804595001
15,0,70.42086457250619,10.835257654161149,0.0197024147273237,2.2524877160816934,0.0
15,1,70.42086457250619,10.835257654161149,0.0197024147273237,2.300855934638337,0.0024450232211392
16,0,70.42086457250619,10.835257654161149,0.0197024147273237,2.2957847996501517,0.0
16,1,70.42086457250619,10.835257654161149,0.0197024147273237,2.3421636318585066,0.0061620198649893
17,0,70.42086457250619,10.835257654161149,0.0197024147273237,2.3370873863469743,0.0
17,1,70.42086457250619,10.835257654161149,0.0197024147273237,2.3816436019608953,0.013704348431909099
18,0,70.42086457250619,10.835257654161149,0.0197024147273237,2.3770454742671276,0.0
18,1,70.42086457250619,10.835257654161149,0.0197024147273237,2.41990357916281,0.027351013784522
19,0,70.42086457250619,10.835257654161149,0.0197024147273237,2.416457382807937,0.0
19,1,70.42086457250619,10.835257654161149,0.0197024147273237,2.457698548788896,0.049481481584891504
0,0,98.40704212861336,11.49319768900839,0.0117388357598866,0.6931471805599441,0.0
0,1,98.40704212861336,11.49319768900839,0.0117388357598866,0.9899409166847176,0.0
1,0,98.40704212861336,11.49319768900839,0.0117388357598866,0.9899409166824701,0.0
1,1,98.40704212861336,11.49319768900839,0.0117388357598866,1.2001172477567403,0.0
2,0,98.40704212861336,11.49319768900839,0.0117388357598866,1.2001172751361626,0.0
2,1,98.40704212861336,11.49319768900839,0.0117388357598866,1.3604017638968902,0.0
3,0,98.40704212861336,11.49319768900839,0.0117388357598866,1.3604031086270942,0.0
3,1,98.40704212861336,11.49319768900839,0.0117388357598866,1.4901563632397035,0.0
4,0,98.40704212861336,11.49319768900839,0.0117388357598866,1.4901293897856833,0.0
4,1,98.40704212861336,11.49319768900839,0.0117388357598866,1.5999314881147841,0.0
5,0,98.40704212861336,11.49319768900839,0.0117388357598866,1.599765946299249,0.0
5,1,98.40704212861336,11.49319768900839,0.0117388357598866,1.6957097739250515,0.0
6,0,98.40704212861336,11.49319768900839,0.0117388357598866,1.6953455127758015,0.0
6,1,98.40704212861336,11.49319768900839,0.0117388357598866,1.7811317418196606,0.0
7,0,98.40704212861336,11.49319768900839,0.0117388357598866,1.7805807772302107,0.0
7,1,98.40704212861336,11.49319768900839,0.0117388357598866,1.8585741377253544,0.0
8,0,98.40704212861336,11.49319768900839,0.0117388357598866,1.8578450382379046,0.0
8,1,98.40704212861336,11.49319768900839,0.0117388357598866,1.9296316140628034,2e-16
9,0,98.40704212861336,11.49319768900839,0.0117388357598866,1.9287094155541307,0.0
9,1,98.40704212861336,11.49319768900839,0.0117388357598866,1.995401843381039,2.1306000000000002e-12
10,0,98.40704212861336,11.49319768900839,0.0117388357598866,1.9942784560859743,0.0
10,1,98.40704212861336,11.49319768900839,0.0117388357598866,2.056688558134792,1.4316998999999999e-09
11,0,98.40704212861336,11.49319768900839,0.0117388357598866,2.0553641892378516,0.0
11,1,98.40704212861336,11.49319768900839,0.0117388357598866,2.1141042269410435,1.5487209889999998e-07
12,0,98.40704212861336,11.49319768900839,0.0117388357598866,2.1125751200422354,0.0
12,1,98.40704212861336,11.49319768900839,0.0117388357598866,2.1681206872630363,4.3671352392e-06
13,0,98.40704212861336,11.49319768900839,0.0117388357598866,2.1663756351778036,0.0
13,1,98.40704212861336,11.49319768900839,0.0117388357598866,2.2191060030705625,4.602132037829999e-05
14,0,98.40704212861336,11.49319768900839,0.0117388357598866,2.2171394953056227,0.0
14,1,98.40704212861336,11.49319768900839,0.0117388357598866,2.267363577983349,0.00024938394887299997
15,0,98.40704212861336,11.49319768900839,0.0117388357598866,2.2651846891921137,0.0
15,1,98.40704212861336,11.49319768900839,0.0117388357598866,2.313158012966479,0.0009140755135278
16,0,98.40704212861336,11.49319768900839,0.0117388357598866,2.3108168402515705,0.0
16,1,98.40704212861336,11.49319768900839,0.0117388357598866,2.356752409904992,0.0026689277346644
17,0,98.40704212861336,11.49319768900839,0.0117388357598866,2.354394261688891,0.0
17,1,98.40704212861336,11.49319768900839,0.0117388357598866,2.398467842657033,0.0066231135761056995
18,0,98.40704212861336,11.49319768900839,0.0117388357598866,2.3964002397302493,0.0
18,1,98.40704212861336,11.49319768900839,0.0117388357598866,2.4387510769405782,0.014400025395346402
19,0,98.40704212861336,11.49319768900839,0.0117388357598866,2.4374801355897286,0.0
19,1,98.40704212861336,11.49319768900839,0.0117388357598866,2.4782091863555715,0.028038642098242403
0,0,137.51529464015564,12.043590145844597,0.0069508297714365,0.6931471805599441,0.0
0,1,137.51529464015564,12.043590145844597,0.0069508297714365,0.9899409166847176,0.0
1,0,137.51529464015564,12.043590145844597,0.0069508297714365,0.9899409166847173,0.0
1,1,137.51529464015564,12.043590145844597,0.0069508297714365,1.200117247758901,0.0
2,0,137.51529464015564,12.043590145844597,0.0069508297714365,1.2001172479077928,0.0
2,1,137.51529464015564,12.043590145844597,0.0069508297714365,1.3604017422662344,0.0
3,0,137.51529464015564,12.043590145844597,0.0069508297714365,1.3604017967190463,0.0
3,1,137.51529464015564,12.043590145844597,0.0069508297714365,1.490154965556264,0.0
4,0,137.51529464015564,12.043590145844597,0.0069508297714365,1.490152145396213,0.0
4,1,137.51529464015564,12.043590145844597,0.0069508297714365,1.59994925443603,0.0
5,0,137.51529464015564,12.043590145844597,0.0069508297714365,1.5999127651726057,0.0
5,1,137.51529464015564,12.043590145844597,0.0069508297714365,1.6958358881750915,0.0
6,0,137.51529464015564,12.043590145844597,0.0069508297714365,1.6957102248511156,0.0
6,1,137.51529464015564,12.043590145844597,0.0069508297714365,1.7814556634013885,0.0
7,0,137.51529464015564,12.043590145844597,0.0069508297714365,1.7812150803994373,0.0
7,1,137.51529464015564,12.043590145844597,0.0069508297714365,1.8591490600094667,0.0
8,0,137.51529464015564,12.043590145844597,0.0069508297714365,1.8587969647495641,0.0
8,1,137.51529464015564,12.043590145844597,0.0069508297714365,1.9305078839805834,0.0
9,0,137.51529464015564,12.043590145844597,0.0069508297714365,1.9300494426296777,0.0
9,1,137.51529464015564,12.043590145844597,0.0069508297714365,1.9966510068712582,1e-16
10,0,137.51529464015564,12.043590145844597,0.0069508297714365,1.9960884816023186,0.0
10,1,137.51529464015564,12.043590145844597,0.0069508297714365,2.058392418388556,1.4090000000000002e-12
11,0,137.51529464015564,12.043590145844597,0.0069508297714365,2.0577259161360377,0.0
11,1,137.51529464015564,12.043590145844597,0.0069508297714365,2.1163441156212723,1.0896208e-09
12,0,137.51529464015564,12.043590145844597,0.0069508297714365,2.1155744230282694,0.0
12,1,137.51529464015564,12.043590145844597,0.0069508297714365,2.17098176566945,1.394665818e-07
13,0,137.51529464015564,12.043590145844597,0.0069508297714365,2.17011027337028,0.0
13,1,137.51529464015564,12.043590145844597,0.0069508297714365,2.2226846658938895,4.551314701299999e-06
14,0,137.51529464015564,12.043590145844597,0.0069508297714365,2.2217130784830443,0.0
14,1,137.51529464015564,12.043590145844597,0.0069508297714365,2.271761823850577,5.23128027915e-05
15,0,137.51529464015564,12.043590145844597,0.0069508297714365,2.2706906136031866,0.0
15,1,137.51529464015564,12.043590145844597,0.0069508297714365,2.3184682514984862,0.0002899645469727
16,0,137.51529464015564,12.043590145844597,0.0069508297714365,2.3173185381944092,0.0
16,1,137.51529464015564,12.043590145844597,0.0069508297714365,2.3630383516225293,0.0010557670994896001
17,0,137.51529464015564,12.043590145844597,0.0069508297714365,2.361884174110526,0.0
17,1,137.51529464015564,12.043590145844597,0.0069508297714365,2.405725101759142,0.0030289974530727
18,0,137.51529464015564,12.043590145844597,0.0069508297714365,2.4047570028131244,0.0
18,1,137.51529464015564,12.043590145844597,0.0069508297714365,2.446865826753058,0.007333854132156899
19,0,137.51529464015564,12.043590145844597,0.0069508297714365,2.4464376682904927,0.0
19,1,137.51529464015564,12.043590145844597,0.0069508297714365,2.4869282196794513,0.0157375274310876
0,0,192.1656809403309,12.427026023711672,0.0045502594736068,0.6931471805599441,0.0
0,1,192.1656809403309,12.427026023711672,0.0045502594736068,0.9899409166847176,0.0
1,0,192.1656809403309,12.427026023711672,0.0045502594736068,0.9899409166847176,0.0
1,1,192.1656809403309,12.427026023711672,0.0045502594736068,1.2001172477589006,0.0
2,0,192.1656809403309,12.427026023711672,0.0045502594736068,1.200117247759003,0.0
2,1,192.1656809403309,12.427026023711672,0.0045502594736068,1.3604017421480306,0.0
3,0,192.1656809403309,12.427026023711672,0.0045502594736068,1.360401742725554,0.0
3,1,192.1656809403309,12.427026023711672,0.0045502594736068,1.4901549083489796,0.0
4,0,192.1656809403309,12.427026023711672,0.0045502594736068,1.4901547867448925,0.0
4,1,192.1656809403309,12.427026023711672,0.0045502594736068,1.5999513104271883,0.0
5,0,192.1656809403309,12.427026023711672,0.0045502594736068,1.5999473835116786,0.0
5,1,192.1656809403309,12.427026023711672,0.0045502594736068,1.6958656661836446,0.0
6,0,192.1656809403309,12.427026023711672,0.0045502594736068,1.6958407273679654,0.0
6,1,192.1656809403309,12.427026023711672,0.0045502594736068,1.781571562286607,0.0
7,0,192.1656809403309,12.427026023711672,0.0045502594736068,1.781500956056131,0.0
7,1,192.1656809403309,12.427026023711672,0.0045502594736068,1.859407624672028,0.0
8,0,192.1656809403309,12.427026023711672,0.0045502594736068,1.8592776827613022,0.0
8,1,192.1656809403309,12.427026023711672,0.0045502594736068,1.9309483916168442,0.0
9,0,192.1656809403309,12.427026023711672,0.0045502594736068,1.9307576931303871,0.0
9,1,192.1656809403309,12.427026023711672,0.0045502594736068,1.997306772105183,0.0
10,0,192.1656809403309,12.427026023711672,0.0045502594736068,1.9970578682033966,0.0
10,1,192.1656809403309,12.427026023711672,0.0045502594736068,2.059297629317986,1e-16
11,0,192.1656809403309,12.427026023711672,0.0045502594736068,2.058991762512367,0.0
11,1,192.1656809403309,12.427026023711672,0.0045502594736068,2.1175346178674,1.0293e-12
12,0,192.1656809403309,12.427026023711672,0.0045502594736068,2.117172122609111,0.0
12,1,192.1656809403309,12.427026023711672,0.0045502594736068,2.172493397279485,1.0414987e-09
13,0,192.1656809403309,12.427026023711672,0.0045502594736068,2.172075084122861,0.0
13,1,192.1656809403309,12.427026023711672,0.0045502594736068,2.224553001238209,1.6361107549999998e-07
14,0,192.1656809403309,12.427026023711672,0.0045502594736068,2.2240793811265753,0.0
14,1,192.1656809403309,12.427026023711672,0.0045502594736068,2.2740214421505986,5.9513567042999995e-06
15,0,192.1656809403309,12.427026023711672,0.0045502594736068,2.273492154404668,0.0
15,1,192.1656809403309,12.427026023711672,0.0045502594736068,2.321152986344785,6.94533923958e-05
16,0,192.1656809403309,12.427026023711672,0.0045502594736068,2.320571689979055,0.0
16,1,192.1656809403309,12.427026023711672,0.0045502594736068,2.3661653301221643,0.00036393198322519994
17,0,192.1656809403309,12.427026023711672,0.0045502594736068,2.3655695174369185,0.0
17,1,192.1656809403309,12.427026023711672,0.0045502594736068,2.409276984942734,0.0012480725135924002
18,0,192.1656809403309,12.427026023711672,0.0045502594736068,2.408764421418717,0.0
18,1,192.1656809403309,12.427026023711672,0.0045502594736068,2.450737972490615,0.0035284950801495003
19,0,192.1656809403309,12.427026023711672,0.0045502594736068,2.4505401685488297,0.0
19,1,192.1656809403309,12.427026023711672,0.0045502594736068,2.4909034049687717,0.0086616624723961
0,0,268.5348493626968,12.649674982143516,0.0035488689075123,0.6931471805599441,0.0
0,1,268.5348493626968,12.649674982143516,0.0035488689075123,0.9899409166847176,0.0
1,0,268.5348493626968,12.649674982143516,0.0035488689075123,0.9899409166847176,0.0
1,1,268.5348493626968,12.649674982143516,0.0035488689075123,1.2001172477589006,0.0
2,0,268.5348493626968,12.649674982143516,0.0035488689075123,1.2001172477589008,0.0
2,1,268.5348493626968,12.649674982143516,0.0035488689075123,1.3604017421479495,0.0
3,0,268.5348493626968,12.649674982143516,0.0035488689075123,1.3604017421489447,0.0
3,1,268.5348493626968,12.649674982143516,0.0035488689075123,1.490154907738562,0.0
4,0,268.5348493626968,12.649674982143516,0.0035488689075123,1.4901549062017831,0.0
4,1,268.5348493626968,12.649674982143516,0.0035488689075123,1.599951403228773,0.0
5,0,268.5348493626968,12.649674982143516,0.0035488689075123,1.5999512376683098,0.0
5,1,268.5348493626968,12.649674982143516,0.0035488689075123,1.6958689816025214,0.0
6,0,268.5348493626968,12.649674982143516,0.0035488689075123,1.695866621818109,0.0
6,1,268.5348493626968,12.649674982143516,0.0035488689075123,1.7815945661541697,0.0
7,0,268.5348493626968,12.649674982143516,0.0035488689075123,1.781582915677772,0.0
7,1,268.5348493626968,12.649674982143516,0.0035488689075123,1.8594817806936759,0.0
8,0,268.5348493626968,12.649674982143516,0.0035488689075123,1.8594508195066282,0.0
8,1,268.5348493626968,12.649674982143516,0.0035488689075123,1.9311070224717395,0.0
9,0,268.5348493626968,12.649674982143516,0.0035488689075123,1.9310497901021073,0.0
9,1,268.5348493626968,12.649674982143516,0.0035488689075123,1.9975769248841524,0.0
10,0,268.5348493626968,12.649674982143516,0.0035488689075123,1.9974910466918387,0.0
10,1,268.5348493626968,12.649674982143516,0.0035488689075123,2.059701289292792,0.0
11,0,268.5348493626968,12.649674982143516,0.0035488689075123,2.0595868219650333,0.0
11,1,268.5348493626968,12.649674982143516,0.0035488689075123,2.118092624934042,1e-16
12,0,268.5348493626968,12.649674982143516,0.0035488689075123,2.117950006601678,0.0
12,1,268.5348493626968,12.649674982143516,0.0035488689075123,2.1732267843911837,9.161999999999999e-13
13,0,268.5348493626968,12.649674982143516,0.0035488689075123,2.173056066893702,0.0
13,1,268.5348493626968,12.649674982143516,0.0035488689075123,2.2254821886396456,1.1179699e-09
14,0,268.5348493626968,12.649674982143516,0.0035488689075123,2.225283189613136,0.0
14,1,268.5348493626968,12.649674982143516,0.0035488689075123,2.275166293799149,1.948424423e-07
15,0,268.5348493626968,12.649674982143516,0.0035488689075123,2.2749390156670692,0.0
15,1,268.5348493626968,12.649674982143516,0.0035488689075123,2.3225338157450364,7.4532991288e-06
16,0,268.5348493626968,12.649674982143516,0.0035488689075123,2.322274957142703,0.0
16,1,268.5348493626968,12.649674982143516,0.0035488689075123,2.367795817684295,8.80627984849e-05
17,0,268.5348493626968,12.649674982143516,0.0035488689075123,2.3675114945591105,0.0
17,1,268.5348493626968,12.649674982143516,0.0035488689075123,2.411140885417096,0.00045441690672000005
18,0,268.5348493626968,12.649674982143516,0.0035488689075123,2.410880867472296,0.0
18,1,268.5348493626968,12.649674982143516,0.0035488689075123,2.4527741993337986,0.0015829606456159
19,0,268.5348493626968,12.649674982143516,0.0035488689075123,2.4526559936868964,0.0
19,1,268.5348493626968,12.649674982143516,0.0035488689075123,2.492944130347114,0.004657256283466
0,0,375.2541295062848,12.768075554858491,0.003167476512129,0.6931471805599441,0.0
0,1,375.2541295062848,12.768075554858491,0.003167476512129,0.9899409166847176,0.0
1,0,375.2541295062848,12.768075554858491,0.003167476512129,0.9899409166847176,0.0
1,1,375.2541295062848,12.768075554858491,0.003167476512129,1.2001172477589006,0.0
2,0,375.2541295062848,12.768075554858491,0.003167476512129,1.2001172477589006,0.0
2,1,375.2541295062848,12.768075554858491,0.003167476512129,1.3604017421479495,0.0
3,0,375.2541295062848,12.768075554858491,0.003167476512129,1.3604017421479497,0.0
3,1,375.2541295062848,12.768075554858491,0.003167476512129,1.4901549077375091,0.0
4,0,375.2541295062848,12.768075554858491,0.003167476512129,1.4901549077340601,0.0
4,1,375.2541295062848,12.768075554858491,0.003167476512129,1.5999514044183574,0.0
5,0,375.2541295062848,12.768075554858491,0.003167476512129,1.599951402469804,0.0
5,1,375.2541295062848,12.768075554858491,0.003167476512129,1.6958691233165712,0.0
6,0,375.2541295062848,12.768075554858491,0.003167476512129,1.6958690409629806,0.0
6,1,375.2541295062848,12.768075554858491,0.003167476512129,1.781596714600079,0.0
7,0,375.2541295062848,12.768075554858491,0.003167476512129,1.7815958445338897,0.0
7,1,375.2541295062848,12.768075554858491,0.003167476512129,1.8594934774382352,0.0
8,0,375.2541295062848,12.768075554858491,0.003167476512129,1.8594895172805974,0.0
8,1,375.2541295062848,12.768075554858491,0.003167476512129,1.9311424798474228,0.0
9,0,375.2541295062848,12.768075554858491,0.003167476512129,1.931131879722904,0.0
9,1,375.2541295062848,12.768075554858491,0.003167476512129,1.9976528520578636,0.0
10,0,375.2541295062848,12.768075554858491,0.003167476512129,1.9976325255309881,0.0
10,1,375.2541295062848,12.768075554858491,0.003167476512129,2.0598331125517264,0.0
11,0,375.2541295062848,12.768075554858491,0.003167476512129,2.059801394659626,0.0
11,1,375.2541295062848,12.768075554858491,0.003167476512129,2.1182937470530048,0.0
12,0,375.2541295062848,12.768075554858491,0.003167476512129,2.118250099522002,0.0
12,1,375.2541295062848,12.768075554858491,0.003167476512129,2.173509473641788,1e-16
13,0,375.2541295062848,12.768075554858491,0.003167476512129,2.1734538245616575,0.0
13,1,375.2541295062848,12.768075554858491,0.003167476512129,2.225858489924515,1.0646999999999999e-12
14,0,375.2541295062848,12.768075554858491,0.003167476512129,2.225790795827771,0.0
14,1,375.2541295062848,12.768075554858491,0.003167476512129,2.2756483178835616,1.5580319e-09
15,0,375.2541295062848,12.768075554858491,0.003167476512129,2.2755684540097976,0.0
15,1,375.2541295062848,12.768075554858491,0.003167476512129,2.3231335098009365,2.939019724e-07
16,0,375.2541295062848,12.768075554858491,0.003167476512129,2.3230404185285627,0.0
16,1,375.2541295062848,12.768075554858491,0.003167476512129,2.3685272425145687,1.1720694425100003e-05
17,0,375.2541295062848,12.768075554858491,0.003167476512129,2.368418464693941,0.0
17,1,375.2541295062848,12.768075554858491,0.003167476512129,2.4120097295535663,0.0001376216204555
18,0,375.2541295062848,12.768075554858491,0.003167476512129,2.4118908280361637,0.0
18,1,375.2541295062848,12.768075554858491,0.003167476512129,2.4537438829405733,0.0006812940675778
19,0,375.2541295062848,12.768075554858491,0.003167476512129,2.453692895696186,0.0
19,1,375.2541295062848,12.768075554858491,0.003167476512129,2.493941740244618,0.0024972887897516997
0,0,524.3850548474869,12.831026755674376,0.0030224479186923,0.6931471805599441,0.0
0,1,524.3850548474869,12.831026755674376,0.0030224479186923,0.9899409166847176,0.0
1,0,524.3850548474869,12.831026755674376,0.0030224479186923,0.9899409166847176,0.0
1,1,524.3850548474869,12.831026755674376,0.0030224479186923,1.2001172477589006,0.0
2,0,524.3850548474869,12.831026755674376,0.0030224479186923,1.2001172477589006,0.0
2,1,524.3850548474869,12.831026755674376,0.0030224479186923,1.3604017421479495,0.0
3,0,524.3850548474869,12.831026755674376,0.0030224479186923,1.3604017421479495,0.0
3,1,524.3850548474869,12.831026755674376,0.0030224479186923,1.4901549077375087,0.0
4,0,524.3850548474869,12.831026755674376,0.0030224479186923,1.4901549077375082,0.0
4,1,524.3850548474869,12.831026755674376,0.0030224479186923,1.599951404421034,0.0
5,0,524.3850548474869,12.831026755674376,0.0030224479186923,1.5999514044171304,0.0
5,1,524.3850548474869,12.831026755674376,0.0030224479186923,1.6958691249907774,0.0
6,0,524.3850548474869,12.831026755674376,0.0030224479186923,1.6958691242578965,0.0
6,1,524.3850548474869,12.831026755674376,0.0030224479186923,1.7815967885467812,0.0
7,0,524.3850548474869,12.831026755674376,0.0030224479186923,1.7815967667469153,0.0
7,1,524.3850548474869,12.831026755674376,0.0030224479186923,1.8594943113942692,0.0
8,0,524.3850548474869,12.831026755674376,0.0030224479186923,1.859494101266595,0.0
8,1,524.3850548474869,12.831026755674376,0.0030224479186923,1.9311466785081475,0.0
9,0,524.3850548474869,12.831026755674376,0.0030224479186923,1.9311457050082033,0.0
9,1,524.3850548474869,12.831026755674376,0.0030224479186923,1.9976656372941934,0.0
10,0,524.3850548474869,12.831026755674376,0.0030224479186923,1.9976628703233987,0.0
10,1,524.3850548474869,12.831026755674376,0.0030224479186923,2.0598613858139996,0.0
11,0,524.3850548474869,12.831026755674376,0.0030224479186923,2.0598557087583345,0.0
11,1,524.3850548474869,12.831026755674376,0.0030224479186923,2.1183446590146087,0.0
12,0,524.3850548474869,12.831026755674376,0.0030224479186923,2.118335259738117,0.0
12,1,524.3850548474869,12.831026755674376,0.0030224479186923,2.173589696448909,0.0
13,0,524.3850548474869,12.831026755674376,0.0030224479186923,2.1735761553492097,0.0
13,1,524.3850548474869,12.831026755674376,0.0030224479186923,2.2259742102348445,1e-16
14,0,524.3850548474869,12.831026755674376,0.0030224479186923,2.225956370325798,0.0
14,1,524.3850548474869,12.831026755674376,0.0030224479186923,2.2758055080078066,1.9387e-12
15,0,524.3850548474869,12.831026755674376,0.0030224479186923,2.275783315826946,0.0
15,1,524.3850548474869,12.831026755674376,0.0030224479186923,2.3233381335454917,3.0070923e-09
16,0,524.3850548474869,12.831026755674376,0.0030224479186923,2.323311459256339,0.0
16,1,524.3850548474869,12.831026755674376,0.0030224479186923,2.3687860870920554,6.082530778e-07
17,0,524.3850548474869,12.831026755674376,0.0030224479186923,2.368754458647242,0.0
17,1,524.3850548474869,12.831026755674376,0.0030224479186923,2.412331411966037,2.5565680646100002e-05
18,0,524.3850548474869,12.831026755674376,0.0030224479186923,2.4122794759037034,0.0
18,1,524.3850548474869,12.831026755674376,0.0030224479186923,2.454116762353361,0.00028855982044209997
19,0,524.3850548474869,12.831026755674376,0.0030224479186923,2.4541189461295083,0.0
19,1,524.3850548474869,12.831026755674376,0.0030224479186923,2.494351212972015,0.0013644928447476
0,0,732.78257086521,12.864847667578935,0.0029666736520709,0.6931471805599441,0.0
0,1,732.78257086521,12.864847667578935,0.0029666736520709,0.9899409166847176,0.0
1,0,732.78257086521,12.864847667578935,0.0029666736520709,0.9899409166847176,0.0
1,1,732.78257086521,12.864847667578935,0.0029666736520709,1.2001172477589006,0.0
2,0,732.78257086521,12.864847667578935,0.0029666736520709,1.2001172477589006,0.0
2,1,732.78257086521,12.864847667578935,0.0029666736520709,1.3604017421479495,0.0
3,0,732.78257086521,12.864847667578935,0.0029666736520709,1.3604017421479495,0.0
3,1,732.78257086521,12.864847667578935,0.0029666736520709,1.4901549077375087,0.0
4,0,732.78257086521,12.864847667578935,0.0029666736520709,1.4901549077375087,0.0
4,1,732.78257086521,12.864847667578935,0.0029666736520709,1.5999514044210346,0.0
5,0,732.78257086521,12.864847667578935,0.0029666736520709,1.599951404421034,0.0
5,1,732.78257086521,12.864847667578935,0.0029666736520709,1.695869124994133,0.0
6,0,732.78257086521,12.864847667578935,0.0029666736520709,1.6958691249931483,0.0
6,1,732.78257086521,12.864847667578935,0.0029666736520709,1.781596789199396,0.0
7,0,732.78257086521,12.864847667578935,0.0029666736520709,1.781596789078213,0.0
7,1,732.78257086521,12.864847667578935,0.0029666736520709,1.859494331580911,0.0
8,0,732.78257086521,12.864847667578935,0.0029666736520709,1.8594943283168535,0.0
8,1,732.78257086521,12.864847667578935,0.0029666736520709,1.9311468863745334,0.0
9,0,732.78257086521,12.864847667578935,0.0029666736520709,1.9311468537646699,0.0
9,1,732.78257086521,12.864847667578935,0.0029666736520709,1.9976666991610115,0.0
10,0,732.78257086521,12.864847667578935,0.0029666736520709,1.9976665334781512,0.0
10,1,732.78257086521,12.864847667578935,0.0029666736520709,2.059864797793791,0.0
11,0,732.78257086521,12.864847667578935,0.0029666736520709,2.059864272640316,0.0
11,1,732.78257086521,12.864847667578935,0.0029666736520709,2.118352685136651,0.0
12,0,732.78257086521,12.864847667578935,0.0029666736520709,2.118351490067456,0.0
12,1,732.78257086521,12.864847667578935,0.0029666736520709,2.1736049853495385,0.0
13,0,732.78257086521,12.864847667578935,0.0029666736520709,2.173602826922596,0.0
13,1,732.78257086521,12.864847667578935,0.0029666736520709,2.225999442120149,0.0
14,0,732.78257086521,12.864847667578935,0.0029666736520709,2.2259961166989646,0.0
14,1,732.78257086521,12.864847667578935,0.0029666736520709,2.275843245349441,2e-16
15,0,732.78257086521,12.864847667578935,0.0029666736520709,2.27583864589813,0.0
15,1,732.78257086521,12.864847667578935,0.0029666736520709,2.323390831107816,5.18e-12
16,0,732.78257086521,12.864847667578935,0.0029666736520709,2.323384911532135,0.0
16,1,732.78257086521,12.864847667578935,0.0029666736520709,2.368856235560809,9.048337600000001e-09
17,0,732.78257086521,12.864847667578935,0.0029666736520709,2.3688490274006493,0.0
17,1,732.78257086521,12.864847667578935,0.0029666736520709,2.4124219513773806,2.1593403355e-06
18,0,732.78257086521,12.864847667578935,0.0029666736520709,2.4124041050590166,0.0
18,1,732.78257086521,12.864847667578935,0.0029666736520709,2.4542363170734447,9.68596341934e-05
19,0,732.78257086521,12.864847667578935,0.0029666736520709,2.4542475005653905,0.0
19,1,732.78257086521,12.864847667578935,0.0029666736520709,2.4944747225817037,0.0009166926961415
0,0,1024.0,12.882310367103226,0.002946026712387,0.6931471805599441,0.0
0,1,1024.0,12.882310367103226,0.002946026712387,0.9899409166847176,0.0
1,0,1024.0,12.882310367103226,0.002946026712387,0.9899409166847176,0.0
1,1,1024.0,12.882310367103226,0.002946026712387,1.2001172477589006,0.0
2,0,1024.0,12.882310367103226,0.002946026712387,1.2001172477589006,0.0
2,1,1024.0,12.882310367103226,0.002946026712387,1.3604017421479495,0.0
3,0,1024.0,12.882310367103226,0.002946026712387,1.3604017421479495,0.0
3,1,1024.0,12.882310367103226,0.002946026712387,1.4901549077375087,0.0
4,0,1024.0,12.882310367103226,0.002946026712387,1.4901549077375087,0.0
4,1,1024.0,12.882310367103226,0.002946026712387,1.5999514044210346,0.0
5,0,1024.0,12.882310367103226,0.002946026712387,1.5999514044210346,0.0
5,1,1024.0,12.882310367103226,0.002946026712387,1.6958691249941338,0.0
6,0,1024.0,12.882310367103226,0.002946026712387,1.6958691249941336,0.0
6,1,1024.0,12.882310367103226,0.002946026712387,1.7815967892002702,0.0
7,0,1024.0,12.882310367103226,0.002946026712387,1.7815967892001863,0.0
7,1,1024.0,12.882310367103226,0.002946026712387,1.8594943316911499,0.0
8,0,1024.0,12.882310367103226,0.002946026712387,1.8594943316818782,0.0
8,1,1024.0,12.882310367103226,0.002946026712387,1.9311468894542263,0.0
9,0,1024.0,12.882310367103226,0.002946026712387,1.9311468891882304,0.0
9,1,1024.0,12.882310367103226,0.002946026712387,1.9976667318910253,0.0
10,0,1024.0,12.882310367103226,0.002946026712387,1.9976667288522714,0.0
10,1,1024.0,12.882310367103226,0.002946026712387,2.059864979689217,0.0
11,0,1024.0,12.882310367103226,0.002946026712387,2.0598649615888265,0.0
11,1,1024.0,12.882310367103226,0.002946026712387,2.1183533305684357,0.0
12,0,1024.0,12.882310367103226,0.002946026712387,2.1183532632621898,0.0
12,1,1024.0,12.882310367103226,0.002946026712387,2.1736066552118523,0.0
13,0,1024.0,12.882310367103226,0.002946026712387,2.173606477939508,0.0
13,1,1024.0,12.882310367103226,0.002946026712387,2.2260028955132602,0.0
14,0,1024.0,12.882310367103226,0.002946026712387,2.226002532903773,0.0
14,1,1024.0,12.882310367103226,0.002946026712387,2.2758493370067554,0.0
15,0,1024.0,12.882310367103226,0.002946026712387,2.275848719914972,0.0
15,1,1024.0,12.882310367103226,0.002946026712387,2.3234004263544983,8e-16
16,0,1024.0,12.882310367103226,0.002946026712387,2.3233995061852633,0.0
16,1,1024.0,12.882310367103226,0.002946026712387,2.368870175406432,2.68484e-11
17,0,1024.0,12.882310367103226,0.002946026712387,2.3688689328583887,0.0
17,1,1024.0,12.882310367103226,0.002946026712387,2.4124410109655,6.65291238e-08
18,0,1024.0,12.882310367103226,0.002946026712387,2.4124370056349767,0.0
18,1,1024.0,12.882310367103226,0.002946026712387,2.4542678792617822,2.05429701809e-05
19,0,1024.0,12.882310367103226,0.002946026712387,2.4542719783244435,0.0
19,1,1024.0,12.882310367103226,0.002946026712387,2.4944982410988725,0.0008118211160318999
