generation,timestep,channel_beta,rate,distortion,expected_true_probs_surprisal,prop_max_hit
0,0,0.0625,2.778560942844257e-08,11.07981596673908,0.6931471805599441,0.0
0,1,0.0625,2.778560942844257e-08,11.07981596673908,0.9899409166847176,0.0
1,0,0.0625,2.778560942844257e-08,11.07981596673908,-0.012234556457182624,0.0
1,1,0.0625,2.778560942844257e-08,11.07981596673908,0.2845591800787685,4.683221750596586e-216
2,0,0.0625,2.778560942844257e-08,11.07981596673908,-0.01223455738269728,0.0
2,1,0.0625,2.778560942844257e-08,11.07981596673908,0.2845591792055756,6.730293090015442e-216
3,0,0.0625,2.778560942844257e-08,11.07981596673908,-0.012234557382697278,0.0
3,1,0.0625,2.778560942844257e-08,11.07981596673908,0.2845591792055756,6.730293089895131e-216
4,0,0.0625,2.778560942844257e-08,11.07981596673908,-0.012234557382697278,0.0
4,1,0.0625,2.778560942844257e-08,11.07981596673908,0.2845591792055756,6.730293089895131e-216
5,0,0.0625,2.778560942844257e-08,11.07981596673908,-0.012234557382697278,0.0
5,1,0.0625,2.778560942844257e-08,11.07981596673908,0.2845591792055756,6.730293089895131e-216
6,0,0.0625,2.778560942844257e-08,11.07981596673908,-0.012234557382697278,0.0
6,1,0.0625,2.778560942844257e-08,11.07981596673908,0.2845591792055756,6.730293089895131e-216
7,0,0.0625,2.778560942844257e-08,11.07981596673908,-0.012234557382697278,0.0
7,1,0.0625,2.778560942844257e-08,11.07981596673908,0.2845591792055756,6.730293089895131e-216
8,0,0.0625,2.778560942844257e-08,11.07981596673908,-0.012234557382697278,0.0
8,1,0.0625,2.778560942844257e-08,11.07981596673908,0.2845591792055756,6.730293089895131e-216
9,0,0.0625,2.778560942844257e-08,11.07981596673908,-0.012234557382697278,0.0
9,1,0.0625,2.778560942844257e-08,11.07981596673908,0.2845591792055756,6.730293089895131e-216
10,0,0.0625,2.778560942844257e-08,11.07981596673908,-0.012234557382697278,0.0
10,1,0.0625,2.778560942844257e-08,11.07981596673908,0.2845591792055756,6.730293089895131e-216
11,0,0.0625,2.778560942844257e-08,11.07981596673908,-0.012234557382697278,0.0
11,1,0.0625,2.778560942844257e-08,11.07981596673908,0.2845591792055756,6.730293089895131e-216
12,0,0.0625,2.778560942844257e-08,11.07981596673908,-0.012234557382697278,0.0
12,1,0.0625,2.778560942844257e-08,11.07981596673908,0.2845591792055756,6.730293089895131e-216
13,0,0.0625,2.778560942844257e-08,11.07981596673908,-0.012234557382697278,0.0
13,1,0.0625,2.778560942844257e-08,11.07981596673908,0.2845591792055756,6.730293089895131e-216
14,0,0.0625,2.778560942844257e-08,11.07981596673908,-0.012234557382697278,0.0
14,1,0.0625,2.778560942844257e-08,11.07981596673908,0.2845591792055756,6.730293089895131e-216
15,0,0.0625,2.778560942844257e-08,11.07981596673908,-0.012234557382697278,0.0
15,1,0.0625,2.778560942844257e-08,11.07981596673908,0.2845591792055756,6.730293089895131e-216
16,0,0.0625,2.778560942844257e-08,11.07981596673908,-0.012234557382697278,0.0
16,1,0.0625,2.778560942844257e-08,11.07981596673908,0.2845591792055756,6.730293089895131e-216
17,0,0.0625,2.778560942844257e-08,11.07981596673908,-0.012234557382697278,0.0
17,1,0.0625,2.778560942844257e-08,11.07981596673908,0.2845591792055756,6.730293089895131e-216
18,0,0.0625,2.778560942844257e-08,11.07981596673908,-0.012234557382697278,0.0
18,1,0.0625,2.778560942844257e-08,11.07981596673908,0.2845591792055756,6.730293089895131e-216
19,0,0.0625,2.778560942844257e-08,11.07981596673908,-0.012234557382697278,0.0
19,1,0.0625,2.778560942844257e-08,11.07981596673908,0.2845591792055756,6.730293089895131e-216
0,0,0.0873383218223026,7.110890544465011e-09,11.079815955537336,0.6931471805599441,0.0
0,1,0.0873383218223026,7.110890544465011e-09,11.079815955537336,0.9899409166847176,0.0
1,0,0.0873383218223026,7.110890544465011e-09,11.079815955537336,-0.012234541322512806,0.0
1,1,0.0873383218223026,7.110890544465011e-09,11.079815955537336,0.28455919488892334,6.219037772482126e-250
2,0,0.0873383218223026,7.110890544465011e-09,11.079815955537336,-0.012234541564151843,0.0
2,1,0.0873383218223026,7.110890544465011e-09,11.079815955537336,0.28455919466413104,8.655537682656175e-250
3,0,0.0873383218223026,7.110890544465011e-09,11.079815955537336,-0.01223454156415184,0.0
3,1,0.0873383218223026,7.110890544465011e-09,11.079815955537336,0.28455919466413115,8.655537682505728e-250
4,0,0.0873383218223026,7.110890544465011e-09,11.079815955537336,-0.012234541564151838,0.0
4,1,0.0873383218223026,7.110890544465011e-09,11.079815955537336,0.28455919466413104,8.655537682505728e-250
5,0,0.0873383218223026,7.110890544465011e-09,11.079815955537336,-0.012234541564151834,0.0
5,1,0.0873383218223026,7.110890544465011e-09,11.079815955537336,0.2845591946641309,8.655537682505726e-250
6,0,0.0873383218223026,7.110890544465011e-09,11.079815955537336,-0.012234541564151833,0.0
6,1,0.0873383218223026,7.110890544465011e-09,11.079815955537336,0.28455919466413093,8.655537682505723e-250
7,0,0.0873383218223026,7.110890544465011e-09,11.079815955537336,-0.01223454156415183,0.0
7,1,0.0873383218223026,7.110890544465011e-09,11.079815955537336,0.28455919466413077,8.655537682505722e-250
8,0,0.0873383218223026,7.110890544465011e-09,11.079815955537336,-0.012234541564151826,0.0
8,1,0.0873383218223026,7.110890544465011e-09,11.079815955537336,0.2845591946641308,8.655537682505721e-250
9,0,0.0873383218223026,7.110890544465011e-09,11.079815955537336,-0.012234541564151824,0.0
9,1,0.0873383218223026,7.110890544465011e-09,11.079815955537336,0.28455919466413077,8.655537682505718e-250
10,0,0.0873383218223026,7.110890544465011e-09,11.079815955537336,-0.01223454156415182,0.0
10,1,0.0873383218223026,7.110890544465011e-09,11.079815955537336,0.2845591946641306,8.655537682505717e-250
11,0,0.0873383218223026,7.110890544465011e-09,11.079815955537336,-0.012234541564151819,0.0
11,1,0.0873383218223026,7.110890544465011e-09,11.079815955537336,0.28455919466413065,8.655537682505713e-250
12,0,0.0873383218223026,7.110890544465011e-09,11.079815955537336,-0.012234541564151815,0.0
12,1,0.0873383218223026,7.110890544465011e-09,11.079815955537336,0.28455919466413043,8.655537682505712e-250
13,0,0.0873383218223026,7.110890544465011e-09,11.079815955537336,-0.012234541564151814,0.0
13,1,0.0873383218223026,7.110890544465011e-09,11.079815955537336,0.2845591946641304,8.655537682505711e-250
14,0,0.0873383218223026,7.110890544465011e-09,11.079815955537336,-0.01223454156415181,0.0
14,1,0.0873383218223026,7.110890544465011e-09,11.079815955537336,0.2845591946641305,8.655537682505708e-250
15,0,0.0873383218223026,7.110890544465011e-09,11.079815955537336,-0.012234541564151807,0.0
15,1,0.0873383218223026,7.110890544465011e-09,11.079815955537336,0.28455919466413027,8.655537682505706e-250
16,0,0.0873383218223026,7.110890544465011e-09,11.079815955537336,-0.012234541564151805,0.0
16,1,0.0873383218223026,7.110890544465011e-09,11.079815955537336,0.2845591946641302,8.655537682505705e-250
17,0,0.0873383218223026,7.110890544465011e-09,11.079815955537336,-0.012234541564151801,0.0
17,1,0.0873383218223026,7.110890544465011e-09,11.079815955537336,0.28455919466413016,8.655537682505703e-250
18,0,0.0873383218223026,7.110890544465011e-09,11.079815955537336,-0.0122345415641518,0.0
18,1,0.0873383218223026,7.110890544465011e-09,11.079815955537336,0.2845591946641301,8.655537682505701e-250
19,0,0.0873383218223026,7.110890544465011e-09,11.079815955537336,-0.012234541564151796,0.0
19,1,0.0873383218223026,7.110890544465011e-09,11.079815955537336,0.28455919466413016,8.655537682505699e-250
0,0,0.1220477193397777,1.316818900780881e-07,11.079815875557756,0.6931471805599441,0.0
0,1,0.1220477193397777,1.316818900780881e-07,11.079815875557756,0.9899409166847176,0.0
1,0,0.1220477193397777,1.316818900780881e-07,11.079815875557756,-0.012234621687576741,0.0
1,1,0.1220477193397777,1.316818900780881e-07,11.079815875557756,0.28455911624879315,6.831641077916296e-244
2,0,0.1220477193397777,1.316818900780881e-07,11.079815875557756,-0.012234629720334922,0.0
2,1,0.1220477193397777,1.316818900780881e-07,11.079815875557756,0.28455910877875346,6.909090733725873e-244
3,0,0.1220477193397777,1.316818900780881e-07,11.079815875557756,-0.012234629720334962,0.0
3,1,0.1220477193397777,1.316818900780881e-07,11.079815875557756,0.28455910877875346,6.909090725550688e-244
4,0,0.1220477193397777,1.316818900780881e-07,11.079815875557756,-0.01223462972033496,0.0
4,1,0.1220477193397777,1.316818900780881e-07,11.079815875557756,0.2845591087787534,6.909090725550686e-244
5,0,0.1220477193397777,1.316818900780881e-07,11.079815875557756,-0.012234629720334957,0.0
5,1,0.1220477193397777,1.316818900780881e-07,11.079815875557756,0.2845591087787532,6.909090725550685e-244
6,0,0.1220477193397777,1.316818900780881e-07,11.079815875557756,-0.012234629720334953,0.0
6,1,0.1220477193397777,1.316818900780881e-07,11.079815875557756,0.28455910877875323,6.909090725550682e-244
7,0,0.1220477193397777,1.316818900780881e-07,11.079815875557756,-0.012234629720334952,0.0
7,1,0.1220477193397777,1.316818900780881e-07,11.079815875557756,0.28455910877875307,6.909090725550681e-244
8,0,0.1220477193397777,1.316818900780881e-07,11.079815875557756,-0.012234629720334948,0.0
8,1,0.1220477193397777,1.316818900780881e-07,11.079815875557756,0.284559108778753,6.90909072555068e-244
9,0,0.1220477193397777,1.316818900780881e-07,11.079815875557756,-0.012234629720334947,0.0
9,1,0.1220477193397777,1.316818900780881e-07,11.079815875557756,0.2845591087787531,6.909090725550677e-244
10,0,0.1220477193397777,1.316818900780881e-07,11.079815875557756,-0.012234629720334943,0.0
10,1,0.1220477193397777,1.316818900780881e-07,11.079815875557756,0.2845591087787529,6.909090725550676e-244
11,0,0.1220477193397777,1.316818900780881e-07,11.079815875557756,-0.012234629720334941,0.0
11,1,0.1220477193397777,1.316818900780881e-07,11.079815875557756,0.28455910877875296,6.909090725550675e-244
12,0,0.1220477193397777,1.316818900780881e-07,11.079815875557756,-0.012234629720334938,0.0
12,1,0.1220477193397777,1.316818900780881e-07,11.079815875557756,0.2845591087787528,6.909090725550673e-244
13,0,0.1220477193397777,1.316818900780881e-07,11.079815875557756,-0.012234629720334934,0.0
13,1,0.1220477193397777,1.316818900780881e-07,11.079815875557756,0.28455910877875273,6.909090725550671e-244
14,0,0.1220477193397777,1.316818900780881e-07,11.079815875557756,-0.012234629720334933,0.0
14,1,0.1220477193397777,1.316818900780881e-07,11.079815875557756,0.2845591087787528,6.909090725550671e-244
15,0,0.1220477193397777,1.316818900780881e-07,11.079815875557756,-0.01223462972033493,0.0
15,1,0.1220477193397777,1.316818900780881e-07,11.079815875557756,0.28455910877875257,6.909090725550668e-244
16,0,0.1220477193397777,1.316818900780881e-07,11.079815875557756,-0.012234629720334927,0.0
16,1,0.1220477193397777,1.316818900780881e-07,11.079815875557756,0.28455910877875257,6.909090725550667e-244
17,0,0.1220477193397777,1.316818900780881e-07,11.079815875557756,-0.012234629720334924,0.0
17,1,0.1220477193397777,1.316818900780881e-07,11.079815875557756,0.28455910877875246,6.909090725550665e-244
18,0,0.1220477193397777,1.316818900780881e-07,11.079815875557756,-0.012234629720334922,0.0
18,1,0.1220477193397777,1.316818900780881e-07,11.079815875557756,0.2845591087787524,6.909090725550664e-244
19,0,0.1220477193397777,1.316818900780881e-07,11.079815875557756,-0.012234629720334919,0.0
19,1,0.1220477193397777,1.316818900780881e-07,11.079815875557756,0.28455910877875246,6.909090725550662e-244
0,0,0.1705510878300092,0.1701429395066567,10.047903618966044,0.6931471805599441,0.0
0,1,0.1705510878300092,0.1701429395066567,10.047903618966044,0.9899409166847176,0.0
1,0,0.1705510878300092,0.1701429395066567,10.047903618966044,-0.13670620102969838,0.0
1,1,0.1705510878300092,0.1701429395066567,10.047903618966044,0.17012021081492829,9.927997800086697e-152
2,0,0.1705510878300092,0.1701429395066567,10.047903618966044,-0.15945623299737308,0.0
2,1,0.1705510878300092,0.1701429395066567,10.047903618966044,0.14999666720991056,6.098418343960899e-152
3,0,0.1705510878300092,0.1701429395066567,10.047903618966044,-0.16104856381718508,0.0
3,1,0.1705510878300092,0.1701429395066567,10.047903618966044,0.14858789747281204,5.981463725556322e-152
4,0,0.1705510878300092,0.1701429395066567,10.047903618966044,-0.16114151376595998,0.0
4,1,0.1705510878300092,0.1701429395066567,10.047903618966044,0.14850560850707334,5.976572356576285e-152
5,0,0.1705510878300092,0.1701429395066567,10.047903618966044,-0.16114686256538788,0.0
5,1,0.1705510878300092,0.1701429395066567,10.047903618966044,0.14850087065896933,5.976300860531343e-152
6,0,0.1705510878300092,0.1701429395066567,10.047903618966044,-0.16114717017445412,0.0
6,1,0.1705510878300092,0.1701429395066567,10.047903618966044,0.14850059803597276,5.976285375639515e-152
7,0,0.1705510878300092,0.1701429395066567,10.047903618966044,-0.16114718787441065,0.0
7,1,0.1705510878300092,0.1701429395066567,10.047903618966044,0.14850058234005364,5.976284490352642e-152
8,0,0.1705510878300092,0.1701429395066567,10.047903618966044,-0.1611471888935414,0.0
8,1,0.1705510878300092,0.1701429395066567,10.047903618966044,0.14850058143576056,5.976284439717556e-152
9,0,0.1705510878300092,0.1701429395066567,10.047903618966044,-0.161147188952262,0.0
9,1,0.1705510878300092,0.1701429395066567,10.047903618966044,0.14850058138362315,5.976284436820527e-152
10,0,0.1705510878300092,0.1701429395066567,10.047903618966044,-0.1611471889556479,0.0
10,1,0.1705510878300092,0.1701429395066567,10.047903618966044,0.14850058138061484,5.976284436654723e-152
11,0,0.1705510878300092,0.1701429395066567,10.047903618966044,-0.16114718895584323,0.0
11,1,0.1705510878300092,0.1701429395066567,10.047903618966044,0.14850058138044114,5.9762844366452306e-152
12,0,0.1705510878300092,0.1701429395066567,10.047903618966044,-0.16114718895585445,0.0
12,1,0.1705510878300092,0.1701429395066567,10.047903618966044,0.14850058138043115,5.976284436644686e-152
13,0,0.1705510878300092,0.1701429395066567,10.047903618966044,-0.1611471889558552,0.0
13,1,0.1705510878300092,0.1701429395066567,10.047903618966044,0.14850058138043037,5.976284436644656e-152
14,0,0.1705510878300092,0.1701429395066567,10.047903618966044,-0.1611471889558552,0.0
14,1,0.1705510878300092,0.1701429395066567,10.047903618966044,0.14850058138043037,5.976284436644653e-152
15,0,0.1705510878300092,0.1701429395066567,10.047903618966044,-0.1611471889558552,0.0
15,1,0.1705510878300092,0.1701429395066567,10.047903618966044,0.14850058138043043,5.976284436644653e-152
16,0,0.1705510878300092,0.1701429395066567,10.047903618966044,-0.1611471889558552,0.0
16,1,0.1705510878300092,0.1701429395066567,10.047903618966044,0.14850058138043049,5.976284436644653e-152
17,0,0.1705510878300092,0.1701429395066567,10.047903618966044,-0.16114718895585517,0.0
17,1,0.1705510878300092,0.1701429395066567,10.047903618966044,0.14850058138043043,5.976284436644652e-152
18,0,0.1705510878300092,0.1701429395066567,10.047903618966044,-0.1611471889558552,0.0
18,1,0.1705510878300092,0.1701429395066567,10.047903618966044,0.14850058138043043,5.976284436644652e-152
19,0,0.1705510878300092,0.1701429395066567,10.047903618966044,-0.1611471889558552,0.0
19,1,0.1705510878300092,0.1701429395066567,10.047903618966044,0.14850058138043043,5.976284436644652e-152
0,0,0.2383303327366585,0.7999455751161708,6.898814949003159,0.6931471805599441,0.0
0,1,0.2383303327366585,0.7999455751161708,6.898814949003159,0.9899409166847176,0.0
1,0,0.2383303327366585,0.7999455751161708,6.898814949003159,-0.7625896619407441,0.0
1,1,0.2383303327366585,0.7999455751161708,6.898814949003159,-0.44004826352552456,8.086931216683138e-120
2,0,0.2383303327366585,0.7999455751161708,6.898814949003159,-0.8532410562839695,0.0
2,1,0.2383303327366585,0.7999455751161708,6.898814949003159,-0.5226053815571612,9.280384088477016e-120
3,0,0.2383303327366585,0.7999455751161708,6.898814949003159,-0.8882319147950195,0.0
3,1,0.2383303327366585,0.7999455751161708,6.898814949003159,-0.5541839210469338,8.316137206972406e-120
4,0,0.2383303327366585,0.7999455751161708,6.898814949003159,-0.9005911063033684,0.0
4,1,0.2383303327366585,0.7999455751161708,6.898814949003159,-0.5653234915241072,8.154974583365874e-120
5,0,0.2383303327366585,0.7999455751161708,6.898814949003159,-0.9049055722724628,0.0
5,1,0.2383303327366585,0.7999455751161708,6.898814949003159,-0.5692118610594039,8.110816025322451e-120
6,0,0.2383303327366585,0.7999455751161708,6.898814949003159,-0.9064118258826491,0.0
6,1,0.2383303327366585,0.7999455751161708,6.898814949003159,-0.5705697382463053,8.096339845764266e-120
7,0,0.2383303327366585,0.7999455751161708,6.898814949003159,-0.9069381179749888,0.0
7,1,0.2383303327366585,0.7999455751161708,6.898814949003159,-0.5710443766996314,8.09137883910966e-120
8,0,0.2383303327366585,0.7999455751161708,6.898814949003159,-0.9071221383993961,0.0
8,1,0.2383303327366585,0.7999455751161708,6.898814949003159,-0.5712104108844801,8.089660800678916e-120
9,0,0.2383303327366585,0.7999455751161708,6.898814949003159,-0.9071865249202409,0.0
9,1,0.2383303327366585,0.7999455751161708,6.898814949003159,-0.5712685322469996,8.089064240583103e-120
10,0,0.2383303327366585,0.7999455751161708,6.898814949003159,-0.9072090681940858,0.0
10,1,0.2383303327366585,0.7999455751161708,6.898814949003159,-0.5712888923177173,8.088856921077312e-120
11,0,0.2383303327366585,0.7999455751161708,6.898814949003159,-0.9072169666878649,0.0
11,1,0.2383303327366585,0.7999455751161708,6.898814949003159,-0.5712960297156455,8.088784843046715e-120
12,0,0.2383303327366585,0.7999455751161708,6.898814949003159,-0.9072197361272876,0.0
12,1,0.2383303327366585,0.7999455751161708,6.898814949003159,-0.5712985337069532,8.088759776102492e-120
13,0,0.2383303327366585,0.7999455751161708,6.898814949003159,-0.9072207079248479,0.0
13,1,0.2383303327366585,0.7999455751161708,6.898814949003159,-0.571299412879722,8.088751055803175e-120
14,0,0.2383303327366585,0.7999455751161708,6.898814949003159,-0.907221049206228,0.0
14,1,0.2383303327366585,0.7999455751161708,6.898814949003159,-0.5712997218244659,8.088748021224873e-120
15,0,0.2383303327366585,0.7999455751161708,6.898814949003159,-0.9072211691614098,0.0
15,1,0.2383303327366585,0.7999455751161708,6.898814949003159,-0.5712998304844025,8.088746964868286e-120
16,0,0.2383303327366585,0.7999455751161708,6.898814949003159,-0.9072212113613649,0.0
16,1,0.2383303327366585,0.7999455751161708,6.898814949003159,-0.5712998687366639,8.088746597012689e-120
17,0,0.2383303327366585,0.7999455751161708,6.898814949003159,-0.9072212262210123,0.0
17,1,0.2383303327366585,0.7999455751161708,6.898814949003159,-0.5712998822157603,8.08874646886556e-120
18,0,0.2383303327366585,0.7999455751161708,6.898814949003159,-0.9072212314585302,0.0
18,1,0.2383303327366585,0.7999455751161708,6.898814949003159,-0.5712998869701778,8.088746424205868e-120
19,0,0.2383303327366585,0.7999455751161708,6.898814949003159,-0.9072212333064358,0.0
19,1,0.2383303327366585,0.7999455751161708,6.898814949003159,-0.5712998886489172,8.088746408635136e-120
0,0,0.333045940809132,1.3551320201672263,4.914083125496237,0.6931471805599441,0.0
0,1,0.333045940809132,1.3551320201672263,4.914083125496237,0.9899409166847176,0.0
1,0,0.333045940809132,1.3551320201672263,4.914083125496237,-1.1278051704825596,0.0
1,1,0.333045940809132,1.3551320201672263,4.914083125496237,-0.817869933236115,1.4802985783226154e-129
2,0,0.333045940809132,1.3551320201672263,4.914083125496237,-1.1959884640168696,0.0
2,1,0.333045940809132,1.3551320201672263,4.914083125496237,-0.8828812433901047,4.271627050633672e-129
3,0,0.333045940809132,1.3551320201672263,4.914083125496237,-1.24175297416318,0.0
3,1,0.333045940809132,1.3551320201672263,4.914083125496237,-0.9253025129712068,3.391695861576581e-129
4,0,0.333045940809132,1.3551320201672263,4.914083125496237,-1.2733987725409759,0.0
4,1,0.333045940809132,1.3551320201672263,4.914083125496237,-0.9544154866993136,3.033151400416615e-129
5,0,0.333045940809132,1.3551320201672263,4.914083125496237,-1.293527163393224,0.0
5,1,0.333045940809132,1.3551320201672263,4.914083125496237,-0.9728675003405302,2.8831532536330807e-129
6,0,0.333045940809132,1.3551320201672263,4.914083125496237,-1.305815001023942,0.0
6,1,0.333045940809132,1.3551320201672263,4.914083125496237,-0.9841104790214358,2.816461378612223e-129
7,0,0.333045940809132,1.3551320201672263,4.914083125496237,-1.3131678193664902,0.0
7,1,0.333045940809132,1.3551320201672263,4.914083125496237,-0.9908309534468692,2.784976772738081e-129
8,0,0.333045940809132,1.3551320201672263,4.914083125496237,-1.3175246747324687,0.0
8,1,0.333045940809132,1.3551320201672263,4.914083125496237,-0.9948109138486649,2.7692849932470783e-129
9,0,0.333045940809132,1.3551320201672263,4.914083125496237,-1.320094054944882,0.0
9,1,0.333045940809132,1.3551320201672263,4.914083125496237,-0.9971574804987621,2.761103072456314e-129
10,0,0.333045940809132,1.3551320201672263,4.914083125496237,-1.3216059772558035,0.0
10,1,0.333045940809132,1.3551320201672263,4.914083125496237,-0.998538261654698,2.75668541454912e-129
11,0,0.333045940809132,1.3551320201672263,4.914083125496237,-1.3224948673880745,0.0
11,1,0.333045940809132,1.3551320201672263,4.914083125496237,-0.9993501506109492,2.7542388127479947e-129
12,0,0.333045940809132,1.3551320201672263,4.914083125496237,-1.3230173655328388,0.0
12,1,0.333045940809132,1.3551320201672263,4.914083125496237,-0.9998274928992337,2.7528596034547913e-129
13,0,0.333045940809132,1.3551320201672263,4.914083125496237,-1.323324551996269,0.0
13,1,0.333045940809132,1.3551320201672263,4.914083125496237,-1.0001082140797857,2.7520727171008028e-129
14,0,0.333045940809132,1.3551320201672263,4.914083125496237,-1.3235052244372576,0.0
14,1,0.333045940809132,1.3551320201672263,4.914083125496237,-1.0002733785304998,2.751620166254383e-129
15,0,0.333045940809132,1.3551320201672263,4.914083125496237,-1.3236115431389481,0.0
15,1,0.333045940809132,1.3551320201672263,4.914083125496237,-1.0003706094920204,2.751358518019498e-129
16,0,0.333045940809132,1.3551320201672263,4.914083125496237,-1.3236741456648076,0.0
16,1,0.333045940809132,1.3551320201672263,4.914083125496237,-1.0004278854835866,2.751206713621076e-129
17,0,0.333045940809132,1.3551320201672263,4.914083125496237,-1.3237110319758973,0.0
17,1,0.333045940809132,1.3551320201672263,4.914083125496237,-1.0004616488299973,2.7511184340847446e-129
18,0,0.333045940809132,1.3551320201672263,4.914083125496237,-1.3237327815837143,0.0
18,1,0.333045940809132,1.3551320201672263,4.914083125496237,-1.0004815667343627,2.7510670156918917e-129
19,0,0.333045940809132,1.3551320201672263,4.914083125496237,-1.3237456158044014,0.0
19,1,0.333045940809132,1.3551320201672263,4.914083125496237,-1.000493326140088,2.751037034317309e-129
0,0,0.4654027769599926,1.847724194377982,3.659989112608441,0.6931471805599441,0.0
0,1,0.4654027769599926,1.847724194377982,3.659989112608441,0.9899409166847176,0.0
1,0,0.4654027769599926,1.847724194377982,3.659989112608441,-1.2732195940923332,0.0
1,1,0.4654027769599926,1.847724194377982,3.659989112608441,-0.9824353374548123,5.889700808853123e-96
2,0,0.4654027769599926,1.847724194377982,3.659989112608441,-1.306431195849071,0.0
2,1,0.4654027769599926,1.847724194377982,3.659989112608441,-1.0190716623000684,4.5606298718474014e-95
3,0,0.4654027769599926,1.847724194377982,3.659989112608441,-1.3154344634812294,0.0
3,1,0.4654027769599926,1.847724194377982,3.659989112608441,-1.0295991565293012,3.87288225459096e-95
4,0,0.4654027769599926,1.847724194377982,3.659989112608441,-1.3300501443786081,0.0
4,1,0.4654027769599926,1.847724194377982,3.659989112608441,-1.0442718176477817,3.364854009609187e-95
5,0,0.4654027769599926,1.847724194377982,3.659989112608441,-1.3474560881223387,0.0
5,1,0.4654027769599926,1.847724194377982,3.659989112608441,-1.0610112937778435,3.040982824508572e-95
6,0,0.4654027769599926,1.847724194377982,3.659989112608441,-1.3645911467889178,0.0
6,1,0.4654027769599926,1.847724194377982,3.659989112608441,-1.0772174592764083,2.834677487188391e-95
7,0,0.4654027769599926,1.847724194377982,3.659989112608441,-1.3798796424127997,0.0
7,1,0.4654027769599926,1.847724194377982,3.659989112608441,-1.0915555372381804,2.7014080600564262e-95
8,0,0.4654027769599926,1.847724194377982,3.659989112608441,-1.3927751450930996,0.0
8,1,0.4654027769599926,1.847724194377982,3.659989112608441,-1.1035894914103896,2.6139170022340098e-95
9,0,0.4654027769599926,1.847724194377982,3.659989112608441,-1.403278718141212,0.0
9,1,0.4654027769599926,1.847724194377982,3.659989112608441,-1.1133601415043277,2.55557447916277e-95
10,0,0.4654027769599926,1.847724194377982,3.659989112608441,-1.4116389704976602,0.0
10,1,0.4654027769599926,1.847724194377982,3.659989112608441,-1.1211202677989438,2.5160994649485346e-95
11,0,0.4654027769599926,1.847724194377982,3.659989112608441,-1.4181885122876867,0.0
11,1,0.4654027769599926,1.847724194377982,3.659989112608441,-1.1271904902890322,2.489031479003597e-95
12,0,0.4654027769599926,1.847724194377982,3.659989112608441,-1.423262208190219,0.0
12,1,0.4654027769599926,1.847724194377982,3.659989112608441,-1.1318878168910238,2.4702444652100404e-95
13,0,0.4654027769599926,1.847724194377982,3.659989112608441,-1.4271608737344743,0.0
13,1,0.4654027769599926,1.847724194377982,3.659989112608441,-1.1354944914774163,2.4570620181419186e-95
14,0,0.4654027769599926,1.847724194377982,3.659989112608441,-1.4301389133077131,0.0
14,1,0.4654027769599926,1.847724194377982,3.659989112608441,-1.1382479717392155,2.4477221211233807e-95
15,0,0.4654027769599926,1.847724194377982,3.659989112608441,-1.4324037833190326,0.0
15,1,0.4654027769599926,1.847724194377982,3.659989112608441,-1.1403412495987515,2.441048211836017e-95
16,0,0.4654027769599926,1.847724194377982,3.659989112608441,-1.434120690019304,0.0
16,1,0.4654027769599926,1.847724194377982,3.659989112608441,-1.1419276654262478,2.436244028110379e-95
17,0,0.4654027769599926,1.847724194377982,3.659989112608441,-1.435419079558371,0.0
17,1,0.4654027769599926,1.847724194377982,3.659989112608441,-1.1431271774044323,2.432763832734157e-95
18,0,0.4654027769599926,1.847724194377982,3.659989112608441,-1.4363992263451275,0.0
18,1,0.4654027769599926,1.847724194377982,3.659989112608441,-1.1440326045962075,2.4302291834594418e-95
19,0,0.4654027769599926,1.847724194377982,3.659989112608441,-1.4371381703301878,0.0
19,1,0.4654027769599926,1.847724194377982,3.659989112608441,-1.1447152005103969,2.4283748251644362e-95
0,0,0.6503599601780028,2.404852088298239,2.647257899065329,0.6931471805599441,0.0
0,1,0.6503599601780028,2.404852088298239,2.647257899065329,0.9899409166847176,0.0
1,0,0.6503599601780028,2.404852088298239,2.647257899065329,-1.190455359496761,0.0
1,1,0.6503599601780028,2.404852088298239,2.647257899065329,-0.9179516560485721,1.1690703570820497e-72
2,0,0.6503599601780028,2.404852088298239,2.647257899065329,-1.2287392949111364,0.0
2,1,0.6503599601780028,2.404852088298239,2.647257899065329,-0.9639394975287624,2.74890619665751e-71
3,0,0.6503599601780028,2.404852088298239,2.647257899065329,-1.2228748024571758,0.0
3,1,0.6503599601780028,2.404852088298239,2.647257899065329,-0.9630677393917133,2.5714464535581398e-71
4,0,0.6503599601780028,2.404852088298239,2.647257899065329,-1.2170073694312056,0.0
4,1,0.6503599601780028,2.404852088298239,2.647257899065329,-0.9601015275214304,2.2993231677347e-71
5,0,0.6503599601780028,2.404852088298239,2.647257899065329,-1.2169592202439308,0.0
5,1,0.6503599601780028,2.404852088298239,2.647257899065329,-0.9615052512951913,2.0750044220061825e-71
6,0,0.6503599601780028,2.404852088298239,2.647257899065329,-1.2219724834442718,0.0
6,1,0.6503599601780028,2.404852088298239,2.647257899065329,-0.9670527913727276,1.908314998121243e-71
7,0,0.6503599601780028,2.404852088298239,2.647257899065329,-1.2300549987896392,0.0
7,1,0.6503599601780028,2.404852088298239,2.647257899065329,-0.9751299814876738,1.7880910972889744e-71
8,0,0.6503599601780028,2.404852088298239,2.647257899065329,-1.2394808117074216,0.0
8,1,0.6503599601780028,2.404852088298239,2.647257899065329,-0.9842596794794358,1.7019522400169943e-71
9,0,0.6503599601780028,2.404852088298239,2.647257899065329,-1.2490731479374335,0.0
9,1,0.6503599601780028,2.404852088298239,2.647257899065329,-0.9934206981556737,1.6400649662606896e-71
10,0,0.6503599601780028,2.404852088298239,2.647257899065329,-1.2581352548170548,0.0
10,1,0.6503599601780028,2.404852088298239,2.647257899065329,-1.0020090998550775,1.595288758020498e-71
11,0,0.6503599601780028,2.404852088298239,2.647257899065329,-1.2663126342928868,0.0
11,1,0.6503599601780028,2.404852088298239,2.647257899065329,-1.0097226790604479,1.5626018479258434e-71
12,0,0.6503599601780028,2.404852088298239,2.647257899065329,-1.273470860427897,0.0
12,1,0.6503599601780028,2.404852088298239,2.647257899065329,-1.016453994143921,1.5385090893908169e-71
13,0,0.6503599601780028,2.404852088298239,2.647257899065329,-1.2796061978636377,0.0
13,1,0.6503599601780028,2.404852088298239,2.647257899065329,-1.022210999302396,1.5205786799555846e-71
14,0,0.6503599601780028,2.404852088298239,2.647257899065329,-1.2847858638531833,0.0
14,1,0.6503599601780028,2.404852088298239,2.647257899065329,-1.0270637216025764,1.5071103174312996e-71
15,0,0.6503599601780028,2.404852088298239,2.647257899065329,-1.2891103798763015,0.0
15,1,0.6503599601780028,2.404852088298239,2.647257899065329,-1.031110627932276,1.496905866462942e-71
16,0,0.6503599601780028,2.404852088298239,2.647257899065329,-1.2926910274736976,0.0
16,1,0.6503599601780028,2.404852088298239,2.647257899065329,-1.034458534233223,1.489113120427148e-71
17,0,0.6503599601780028,2.404852088298239,2.647257899065329,-1.2956371219954783,0.0
17,1,0.6503599601780028,2.404852088298239,2.647257899065329,-1.0372113348406886,1.4831197567203054e-71
18,0,0.6503599601780028,2.404852088298239,2.647257899065329,-1.2980494327659708,0.0
18,1,0.6503599601780028,2.404852088298239,2.647257899065329,-1.0394642516141395,1.4784812148203746e-71
19,0,0.6503599601780028,2.404852088298239,2.647257899065329,-1.3000173178435408,0.0
19,1,0.6503599601780028,2.404852088298239,2.647257899065329,-1.0413014112628378,1.4748713834282742e-71
0,0,0.9088215600378616,2.947786044811746,1.9369882453372924,0.6931471805599441,0.0
0,1,0.9088215600378616,2.947786044811746,1.9369882453372924,0.9899409166847176,0.0
1,0,0.9088215600378616,2.947786044811746,1.9369882453372924,-0.9523793873014137,0.0
1,1,0.9088215600378616,2.947786044811746,1.9369882453372924,-0.6963706231484581,7.25821715698184e-91
2,0,0.9088215600378616,2.947786044811746,1.9369882453372924,-0.9949931529218473,0.0
2,1,0.9088215600378616,2.947786044811746,1.9369882453372924,-0.7524694375914844,7.248778721635091e-89
3,0,0.9088215600378616,2.947786044811746,1.9369882453372924,-0.9811071153031801,0.0
3,1,0.9088215600378616,2.947786044811746,1.9369882453372924,-0.7475321556628952,7.578400193936195e-89
4,0,0.9088215600378616,2.947786044811746,1.9369882453372924,-0.9644263270931048,0.0
4,1,0.9088215600378616,2.947786044811746,1.9369882453372924,-0.736706036276825,7.24365920439122e-89
5,0,0.9088215600378616,2.947786044811746,1.9369882453372924,-0.9518329272593551,0.0
5,1,0.9088215600378616,2.947786044811746,1.9369882453372924,-0.7278286850746529,6.751829626583373e-89
6,0,0.9088215600378616,2.947786044811746,1.9369882453372924,-0.9446221201502285,0.0
6,1,0.9088215600378616,2.947786044811746,1.9369882453372924,-0.7228893794360824,6.270896588572779e-89
7,0,0.9088215600378616,2.947786044811746,1.9369882453372924,-0.9421190008788236,0.0
7,1,0.9088215600378616,2.947786044811746,1.9369882453372924,-0.7216982051770848,5.857258105694736e-89
8,0,0.9088215600378616,2.947786044811746,1.9369882453372924,-0.9431156888919808,0.0
8,1,0.9088215600378616,2.947786044811746,1.9369882453372924,-0.7233801691521133,5.5217459335678853e-89
9,0,0.9088215600378616,2.947786044811746,1.9369882453372924,-0.9464378643928882,0.0
9,1,0.9088215600378616,2.947786044811746,1.9369882453372924,-0.7269869232175108,5.2577335871370155e-89
10,0,0.9088215600378616,2.947786044811746,1.9369882453372924,-0.951131713769106,0.0
10,1,0.9088215600378616,2.947786044811746,1.9369882453372924,-0.731716581340006,5.0532709337888864e-89
11,0,0.9088215600378616,2.947786044811746,1.9369882453372924,-0.9564923393656276,0.0
11,1,0.9088215600378616,2.947786044811746,1.9369882453372924,-0.7369653177892899,4.896121236065839e-89
12,0,0.9088215600378616,2.947786044811746,1.9369882453372924,-0.9620328262625126,0.0
12,1,0.9088215600378616,2.947786044811746,1.9369882453372924,-0.7423125785526896,4.775611129312588e-89
13,0,0.9088215600378616,2.947786044811746,1.9369882453372924,-0.9674373324547724,0.0
13,1,0.9088215600378616,2.947786044811746,1.9369882453372924,-0.7474853360104732,4.68308396790455e-89
14,0,0.9088215600378616,2.947786044811746,1.9369882453372924,-0.9725158664966738,0.0
14,1,0.9088215600378616,2.947786044811746,1.9369882453372924,-0.7523205521686136,4.611785595226866e-89
15,0,0.9088215600378616,2.947786044811746,1.9369882453372924,-0.9771667676489992,0.0
15,1,0.9088215600378616,2.947786044811746,1.9369882453372924,-0.7567329285424617,4.556560142989709e-89
16,0,0.9088215600378616,2.947786044811746,1.9369882453372924,-0.981347869417655,0.0
16,1,0.9088215600378616,2.947786044811746,1.9369882453372924,-0.7606896678119422,4.513519317207698e-89
17,0,0.9088215600378616,2.947786044811746,1.9369882453372924,-0.9850553775198032,0.0
17,1,0.9088215600378616,2.947786044811746,1.9369882453372924,-0.7641917964965288,4.4797482852493575e-89
18,0,0.9088215600378616,2.947786044811746,1.9369882453372924,-0.9883089348922587,0.0
18,1,0.9088215600378616,2.947786044811746,1.9369882453372924,-0.7672608809996719,4.4530659497686144e-89
19,0,0.9088215600378616,2.947786044811746,1.9369882453372924,-0.9911413720625735,0.0
19,1,0.9088215600378616,2.947786044811746,1.9369882453372924,-0.7699298845262055,4.4318383994284895e-89
0,0,1.2699991982341428,3.4901896050220973,1.429859849239822,0.6931471805599441,0.0
0,1,1.2699991982341428,3.4901896050220973,1.429859849239822,0.9899409166847176,0.0
1,0,1.2699991982341428,3.4901896050220973,1.429859849239822,-0.18880037914146847,0.0
1,1,1.2699991982341428,3.4901896050220973,1.429859849239822,0.08221342348615712,3.229749885674601e-117
2,0,1.2699991982341428,3.4901896050220973,1.429859849239822,-1.0030764807072066,0.0
2,1,1.2699991982341428,3.4901896050220973,1.429859849239822,-0.7580079508927697,1.9088805541957974e-114
3,0,1.2699991982341428,3.4901896050220973,1.429859849239822,-1.1671272940399195,0.0
3,1,1.2699991982341428,3.4901896050220973,1.429859849239822,-0.9349395059359573,2.3558305580364437e-114
4,0,1.2699991982341428,3.4901896050220973,1.429859849239822,-1.1611790887125828,0.0
4,1,1.2699991982341428,3.4901896050220973,1.429859849239822,-0.9373469424537568,2.5532048472590193e-114
5,0,1.2699991982341428,3.4901896050220973,1.429859849239822,-1.1132520439886746,0.0
5,1,1.2699991982341428,3.4901896050220973,1.429859849239822,-0.8956882388733821,2.655753920882279e-114
6,0,1.2699991982341428,3.4901896050220973,1.429859849239822,-1.0575558334934496,0.0
6,1,1.2699991982341428,3.4901896050220973,1.429859849239822,-0.8449970941009334,2.70793917754279e-114
7,0,1.2699991982341428,3.4901896050220973,1.429859849239822,-1.003578311617082,0.0
7,1,1.2699991982341428,3.4901896050220973,1.429859849239822,-0.7951263068884115,2.7322483153415824e-114
8,0,1.2699991982341428,3.4901896050220973,1.429859849239822,-0.9539684509098514,0.0
8,1,1.2699991982341428,3.4901896050220973,1.429859849239822,-0.7489347247656613,2.7425667963231928e-114
9,0,1.2699991982341428,3.4901896050220973,1.429859849239822,-0.9093184609285987,0.0
9,1,1.2699991982341428,3.4901896050220973,1.429859849239822,-0.7071569322504792,2.7475194607392433e-114
10,0,1.2699991982341428,3.4901896050220973,1.429859849239822,-0.8695330513540015,0.0
10,1,1.2699991982341428,3.4901896050220973,1.429859849239822,-0.6698024596695993,2.7520273213358263e-114
11,0,1.2699991982341428,3.4901896050220973,1.429859849239822,-0.834270038334954,0.0
11,1,1.2699991982341428,3.4901896050220973,1.429859849239822,-0.636609398087405,2.7584927311730205e-114
12,0,1.2699991982341428,3.4901896050220973,1.429859849239822,-0.8031051554743727,0.0
12,1,1.2699991982341428,3.4901896050220973,1.429859849239822,-0.6072163035565129,2.767741053947975e-114
13,0,1.2699991982341428,3.4901896050220973,1.429859849239822,-0.7756023945789778,0.0
13,1,1.2699991982341428,3.4901896050220973,1.429859849239822,-0.581237043466941,2.7797072622816438e-114
14,0,1.2699991982341428,3.4901896050220973,1.429859849239822,-0.7513459061883445,0.0
14,1,1.2699991982341428,3.4901896050220973,1.429859849239822,-0.5582958092475125,2.7938929188826696e-114
15,0,1.2699991982341428,3.4901896050220973,1.429859849239822,-0.729953845794697,0.0
15,1,1.2699991982341428,3.4901896050220973,1.429859849239822,-0.5380432099519892,2.8096455602170826e-114
16,0,1.2699991982341428,3.4901896050220973,1.429859849239822,-0.7110830524168024,0.0
16,1,1.2699991982341428,3.4901896050220973,1.429859849239822,-0.5201626155326926,2.8263146003363674e-114
17,0,1.2699991982341428,3.4901896050220973,1.429859849239822,-0.6944290090769383,0.0
17,1,1.2699991982341428,3.4901896050220973,1.429859849239822,-0.5043713708623698,2.8433279876111217e-114
18,0,1.2699991982341428,3.4901896050220973,1.429859849239822,-0.6797234839062726,0.0
18,1,1.2699991982341428,3.4901896050220973,1.429859849239822,-0.49041939214346986,2.8602214494086997e-114
19,0,1.2699991982341428,3.4901896050220973,1.429859849239822,-0.6667311743687583,0.0
19,1,1.2699991982341428,3.4901896050220973,1.429859849239822,-0.4780865461964296,2.8766414424464856e-114
0,0,1.774713579031038,4.036943152523466,1.064594999145798,0.6931471805599441,0.0
0,1,1.774713579031038,4.036943152523466,1.064594999145798,0.9899409166847176,0.0
1,0,1.774713579031038,4.036943152523466,1.064594999145798,0.5557487955190469,0.0
1,1,1.774713579031038,4.036943152523466,1.064594999145798,0.8188212923731228,3.7722885482558347e-144
2,0,1.774713579031038,4.036943152523466,1.064594999145798,-0.14626155120203277,0.0
2,1,1.774713579031038,4.036943152523466,1.064594999145798,0.08768819173545578,3.486659317203344e-140
3,0,1.774713579031038,4.036943152523466,1.064594999145798,-0.5237261350903042,0.0
3,1,1.774713579031038,4.036943152523466,1.064594999145798,-0.30792479415632623,9.232240896868086e-140
4,0,1.774713579031038,4.036943152523466,1.064594999145798,-0.6877930203092638,0.0
4,1,1.774713579031038,4.036943152523466,1.064594999145798,-0.4840561623000959,1.2400518400551025e-139
5,0,1.774713579031038,4.036943152523466,1.064594999145798,-0.739428455699824,0.0
5,1,1.774713579031038,4.036943152523466,1.064594999145798,-0.5442016878565822,1.5654826820368099e-139
6,0,1.774713579031038,4.036943152523466,1.064594999145798,-0.7350492858490743,0.0
6,1,1.774713579031038,4.036943152523466,1.064594999145798,-0.5461828261374073,1.8769640238450737e-139
7,0,1.774713579031038,4.036943152523466,1.064594999145798,-0.7040860342414594,0.0
7,1,1.774713579031038,4.036943152523466,1.064594999145798,-0.5202137179264031,2.1553874349801907e-139
8,0,1.774713579031038,4.036943152523466,1.064594999145798,-0.6616717281990425,0.0
8,1,1.774713579031038,4.036943152523466,1.064594999145798,-0.4818736006806755,2.3941520219164548e-139
9,0,1.774713579031038,4.036943152523466,1.064594999145798,-0.6155208348429875,0.0
9,1,1.774713579031038,4.036943152523466,1.064594999145798,-0.43914025125043277,2.594423396332828e-139
10,0,1.774713579031038,4.036943152523466,1.064594999145798,-0.5695035711050005,0.0
10,1,1.774713579031038,4.036943152523466,1.064594999145798,-0.3960466299522516,2.760972961741033e-139
11,0,1.774713579031038,4.036943152523466,1.064594999145798,-0.5254929600092862,0.0
11,1,1.774713579031038,4.036943152523466,1.064594999145798,-0.35457179118135995,2.899639087824658e-139
12,0,1.774713579031038,4.036943152523466,1.064594999145798,-0.4843223230626174,0.0
12,1,1.774713579031038,4.036943152523466,1.064594999145798,-0.3156219968517924,3.016015788373341e-139
13,0,1.774713579031038,4.036943152523466,1.064594999145798,-0.44628472998301705,0.0
13,1,1.774713579031038,4.036943152523466,1.064594999145798,-0.27954312840918494,3.1148970510293232e-139
14,0,1.774713579031038,4.036943152523466,1.064594999145798,-0.41139549894831706,0.0
14,1,1.774713579031038,4.036943152523466,1.064594999145798,-0.24639048132574382,3.2001353088743e-139
15,0,1.774713579031038,4.036943152523466,1.064594999145798,-0.3795312247325068,0.0
15,1,1.774713579031038,4.036943152523466,1.064594999145798,-0.2160720296726401,3.2747011033856652e-139
16,0,1.774713579031038,4.036943152523466,1.064594999145798,-0.3505038704836859,0.0
16,1,1.774713579031038,4.036943152523466,1.064594999145798,-0.18842507296743352,3.3408225988666358e-139
17,0,1.774713579031038,4.036943152523466,1.064594999145798,-0.32410034004466376,0.0
17,1,1.774713579031038,4.036943152523466,1.064594999145798,-0.16325741649261552,3.400141473331338e-139
18,0,1.774713579031038,4.036943152523466,1.064594999145798,-0.30010348616327587,0.0
18,1,1.774713579031038,4.036943152523466,1.064594999145798,-0.1403694380489085,3.453855613928189e-139
19,0,1.774713579031038,4.036943152523466,1.064594999145798,-0.27830302060558876,0.0
19,1,1.774713579031038,4.036943152523466,1.064594999145798,-0.11956572653813725,3.502837628880767e-139
0,0,2.4800080913251747,4.6443187117447,0.7744458175675628,0.6931471805599441,0.0
0,1,2.4800080913251747,4.6443187117447,0.7744458175675628,0.9899409166847176,0.0
1,0,2.4800080913251747,4.6443187117447,0.7744458175675628,0.7385755567447955,0.0
1,1,2.4800080913251747,4.6443187117447,0.7744458175675628,0.9710942331475818,3.3733801511070064e-145
2,0,2.4800080913251747,4.6443187117447,0.7744458175675628,0.47557480704455934,0.0
2,1,2.4800080913251747,4.6443187117447,0.7744458175675628,0.6726637516592784,2.0711180734960463e-138
3,0,2.4800080913251747,4.6443187117447,0.7744458175675628,0.19692661852361498,0.0
3,1,2.4800080913251747,4.6443187117447,0.7744458175675628,0.375357485131045,1.9013700266446395e-136
4,0,2.4800080913251747,4.6443187117447,0.7744458175675628,0.03630279272038031,0.0
4,1,2.4800080913251747,4.6443187117447,0.7744458175675628,0.20308895090041804,3.5654751322938385e-136
5,0,2.4800080913251747,4.6443187117447,0.7744458175675628,-0.02990674386950612,0.0
5,1,2.4800080913251747,4.6443187117447,0.7744458175675628,0.12851725824362165,4.340273843831659e-136
6,0,2.4800080913251747,4.6443187117447,0.7744458175675628,-0.03869725355198678,0.0
6,1,2.4800080913251747,4.6443187117447,0.7744458175675628,0.11327260331498652,4.5982667018118854e-136
7,0,2.4800080913251747,4.6443187117447,0.7744458175675628,-0.016362947163781116,0.0
7,1,2.4800080913251747,4.6443187117447,0.7744458175675628,0.1304568508833459,4.6120438529667464e-136
8,0,2.4800080913251747,4.6443187117447,0.7744458175675628,0.020970705238451806,0.0
8,1,2.4800080913251747,4.6443187117447,0.7744458175675628,0.16360550889874545,4.520114352736928e-136
9,0,2.4800080913251747,4.6443187117447,0.7744458175675628,0.06400464465207562,0.0
9,1,2.4800080913251747,4.6443187117447,0.7744458175675628,0.20319486929305036,4.388123345461302e-136
10,0,2.4800080913251747,4.6443187117447,0.7744458175675628,0.10762954913044556,0.0
10,1,2.4800080913251747,4.6443187117447,0.7744458175675628,0.24395521899060102,4.246712893453632e-136
11,0,2.4800080913251747,4.6443187117447,0.7744458175675628,0.14920770330113775,0.0
11,1,2.4800080913251747,4.6443187117447,0.7744458175675628,0.2831305999452224,4.1099792490179665e-136
12,0,2.4800080913251747,4.6443187117447,0.7744458175675628,0.18751873691068588,0.0
12,1,2.4800080913251747,4.6443187117447,0.7744458175675628,0.3194117331874857,3.98408792122051e-136
13,0,2.4800080913251747,4.6443187117447,0.7744458175675628,0.22213144568341034,0.0
13,1,2.4800080913251747,4.6443187117447,0.7744458175675628,0.35229936597363976,3.8713270952041576e-136
14,0,2.4800080913251747,4.6443187117447,0.7744458175675628,0.253037141069524,0.0
14,1,2.4800080913251747,4.6443187117447,0.7744458175675628,0.3817318051727188,3.7720672510921724e-136
15,0,2.4800080913251747,4.6443187117447,0.7744458175675628,0.2804396077395801,0.0
15,1,2.4800080913251747,4.6443187117447,0.7744458175675628,0.40787085326322126,3.6857399985246235e-136
16,0,2.4800080913251747,4.6443187117447,0.7744458175675628,0.30463719710894677,0.0
16,1,2.4800080913251747,4.6443187117447,0.7744458175675628,0.4309811076793173,3.611341859748987e-136
17,0,2.4800080913251747,4.6443187117447,0.7744458175675628,0.32595834141616514,0.0
17,1,2.4800080913251747,4.6443187117447,0.7744458175675628,0.4513635134279298,3.547699163481096e-136
18,0,2.4800080913251747,4.6443187117447,0.7744458175675628,0.34472762750737945,0.0
18,1,2.4800080913251747,4.6443187117447,0.7744458175675628,0.46932003745411827,3.493608434661878e-136
19,0,2.4800080913251747,4.6443187117447,0.7744458175675628,0.3612491079473155,0.0
19,1,2.4800080913251747,4.6443187117447,0.7744458175675628,0.4851359607154774,3.447909882821159e-136
0,0,3.465595916833162,5.286498918138309,0.5548709316271602,0.6931471805599441,0.0
0,1,3.465595916833162,5.286498918138309,0.5548709316271602,0.9899409166847176,0.0
1,0,3.465595916833162,5.286498918138309,0.5548709316271602,0.8626610969586253,0.0
1,1,3.465595916833162,5.286498918138309,0.5548709316271602,1.0842089523486456,2.9513867868958965e-125
2,0,3.465595916833162,5.286498918138309,0.5548709316271602,0.7944955746546134,0.0
2,1,3.465595916833162,5.286498918138309,0.5548709316271602,0.9776460251181297,3.624280776342369e-112
3,0,3.465595916833162,5.286498918138309,0.5548709316271602,0.6292222467935278,0.0
3,1,3.465595916833162,5.286498918138309,0.5548709316271602,0.7937045765610371,9.56503876276411e-110
4,0,3.465595916833162,5.286498918138309,0.5548709316271602,0.46677803724941497,0.0
4,1,3.465595916833162,5.286498918138309,0.5548709316271602,0.6199187257081311,2.2088528534240805e-108
5,0,3.465595916833162,5.286498918138309,0.5548709316271602,0.36552603566892905,0.0
5,1,3.465595916833162,5.286498918138309,0.5548709316271602,0.5102551893699996,5.06852860667344e-108
6,0,3.465595916833162,5.286498918138309,0.5548709316271602,0.32608439977200704,0.0
6,1,3.465595916833162,5.286498918138309,0.5548709316271602,0.46378427546896983,6.70480414612387e-108
7,0,3.465595916833162,5.286498918138309,0.5548709316271602,0.33119831065162497,0.0
7,1,3.465595916833162,5.286498918138309,0.5548709316271602,0.4627986855699898,6.971072493981842e-108
8,0,3.465595916833162,5.286498918138309,0.5548709316271602,0.36379296835012287,0.0
8,1,3.465595916833162,5.286498918138309,0.5548709316271602,0.4900862775443594,6.4541916112759005e-108
9,0,3.465595916833162,5.286498918138309,0.5548709316271602,0.4112693668316175,0.0
9,1,3.465595916833162,5.286498918138309,0.5548709316271602,0.5329722363594276,5.649510746646836e-108
10,0,3.465595916833162,5.286498918138309,0.5548709316271602,0.4653170085200372,0.0
10,1,3.465595916833162,5.286498918138309,0.5548709316271602,0.5830719118231381,4.824917875315881e-108
11,0,3.465595916833162,5.286498918138309,0.5548709316271602,0.5207849307078072,0.0
11,1,3.465595916833162,5.286498918138309,0.5548709316271602,0.6351566591273741,4.091294932027232e-108
12,0,3.465595916833162,5.286498918138309,0.5548709316271602,0.5746420685942286,0.0
12,1,3.465595916833162,5.286498918138309,0.5548709316271602,0.6861193802476466,3.478584169119269e-108
13,0,3.465595916833162,5.286498918138309,0.5548709316271602,0.6252203546147054,0.0
13,1,3.465595916833162,5.286498918138309,0.5548709316271602,0.7342220151214642,2.981891864258238e-108
14,0,3.465595916833162,5.286498918138309,0.5548709316271602,0.6717065244613001,0.0
14,1,3.465595916833162,5.286498918138309,0.5548709316271602,0.7785894188823904,2.5844248057125292e-108
15,0,3.465595916833162,5.286498918138309,0.5548709316271602,0.7138118312063695,0.0
15,1,3.465595916833162,5.286498918138309,0.5548709316271602,0.8188794547440323,2.267530573650045e-108
16,0,3.465595916833162,5.286498918138309,0.5548709316271602,0.7515604300997822,0.0
16,1,3.465595916833162,5.286498918138309,0.5548709316271602,0.8550708429508951,2.014484004514833e-108
17,0,3.465595916833162,5.286498918138309,0.5548709316271602,0.7851549451055276,0.0
17,1,3.465595916833162,5.286498918138309,0.5548709316271602,0.8873278077555639,1.811511352313812e-108
18,0,3.465595916833162,5.286498918138309,0.5548709316271602,0.8148918253577369,0.0
18,1,3.465595916833162,5.286498918138309,0.5548709316271602,0.9159144277338769,1.6477147196500917e-108
19,0,3.465595916833162,5.286498918138309,0.5548709316271602,0.8411087459455989,0.0
19,1,3.465595916833162,5.286498918138309,0.5548709316271602,0.9411410877194988,1.5146353495621604e-108
0,0,4.842869303846925,5.942148326552692,0.3942171832298082,0.6931471805599441,0.0
0,1,4.842869303846925,5.942148326552692,0.3942171832298082,0.9899409166847176,0.0
1,0,4.842869303846925,5.942148326552692,0.3942171832298082,0.9206533140644834,0.0
1,1,4.842869303846925,5.942148326552692,0.3942171832298082,1.138051597732726,3.71077883307714e-113
2,0,4.842869303846925,5.942148326552692,0.3942171832298082,0.9798147119810716,0.0
2,1,4.842869303846925,5.942148326552692,0.3942171832298082,1.1552022274544147,8.442968678876788e-98
3,0,4.842869303846925,5.942148326552692,0.3942171832298082,0.9362335395477998,0.0
3,1,4.842869303846925,5.942148326552692,0.3942171832298082,1.0894997924329715,7.675232297653346e-95
4,0,4.842869303846925,5.942148326552692,0.3942171832298082,0.8568606404532852,0.0
4,1,4.842869303846925,5.942148326552692,0.3942171832298082,0.9972623357081098,1.7622812654928414e-93
5,0,4.842869303846925,5.942148326552692,0.3942171832298082,0.7765479181125374,0.0
5,1,4.842869303846925,5.942148326552692,0.3942171832298082,0.9082413574185512,6.442655836646387e-93
6,0,4.842869303846925,5.942148326552692,0.3942171832298082,0.7212839622899354,0.0
6,1,4.842869303846925,5.942148326552692,0.3942171832298082,0.8461634856018726,1.2518623065218251e-92
7,0,4.842869303846925,5.942148326552692,0.3942171832298082,0.6991464288113651,0.0
7,1,4.842869303846925,5.942148326552692,0.3942171832298082,0.8181520529908833,1.7755158030917146e-92
8,0,4.842869303846925,5.942148326552692,0.3942171832298082,0.7066160687127254,0.0
8,1,4.842869303846925,5.942148326552692,0.3942171832298082,0.8203489222750283,2.1093877255238315e-92
9,0,4.842869303846925,5.942148326552692,0.3942171832298082,0.7360204222270625,0.0
9,1,4.842869303846925,5.942148326552692,0.3942171832298082,0.844989061147191,2.248256013595382e-92
10,0,4.842869303846925,5.942148326552692,0.3942171832298082,0.7796255359866315,0.0
10,1,4.842869303846925,5.942148326552692,0.3942171832298082,0.8843168995379732,2.23555072075147e-92
11,0,4.842869303846925,5.942148326552692,0.3942171832298082,0.8311593852627,0.0
11,1,4.842869303846925,5.942148326552692,0.3942171832298082,0.9320449120426798,2.1248992468446792e-92
12,0,4.842869303846925,5.942148326552692,0.3942171832298082,0.8860532751497594,0.0
12,1,4.842869303846925,5.942148326552692,0.3942171832298082,0.9835788662810948,1.96184748137687e-92
13,0,4.842869303846925,5.942148326552692,0.3942171832298082,0.9412011671594331,0.0
13,1,4.842869303846925,5.942148326552692,0.3942171832298082,1.0357778016505756,1.778824167433209e-92
14,0,4.842869303846925,5.942148326552692,0.3942171832298082,0.9946103011768112,0.0
14,1,4.842869303846925,5.942148326552692,0.3942171832298082,1.0866090968583555,1.5962276079780166e-92
15,0,4.842869303846925,5.942148326552692,0.3942171832298082,1.0450838096685877,0.0
15,1,4.842869303846925,5.942148326552692,0.3942171832298082,1.1348350609513433,1.4254161776082612e-92
16,0,4.842869303846925,5.942148326552692,0.3942171832298082,1.0919723019800835,0.0
16,1,4.842869303846925,5.942148326552692,0.3942171832298082,1.179767129968522,1.2716925156928574e-92
17,0,4.842869303846925,5.942148326552692,0.3942171832298082,1.1349923206462775,0.0
17,1,4.842869303846925,5.942148326552692,0.3942171832298082,1.221085735372338,1.1366442334464023e-92
18,0,4.842869303846925,5.942148326552692,0.3942171832298082,1.1740984068439975,0.0
18,1,4.842869303846925,5.942148326552692,0.3942171832298082,1.2587129560980417,1.01977253543233e-92
19,0,4.842869303846925,5.942148326552692,0.3942171832298082,1.209394848449844,0.0
19,1,4.842869303846925,5.942148326552692,0.3942171832298082,1.29272435351578,9.195388745204836e-93
0,0,6.767489244843735,6.626917404422872,0.274222186858323,0.6931471805599441,0.0
0,1,6.767489244843735,6.626917404422872,0.274222186858323,0.9899409166847176,0.0
1,0,6.767489244843735,6.626917404422872,0.274222186858323,0.9596903690849011,0.0
1,1,6.767489244843735,6.626917404422872,0.274222186858323,1.1727944378027706,4.229948867378565e-93
2,0,6.767489244843735,6.626917404422872,0.274222186858323,1.0996816987240667,0.0
2,1,6.767489244843735,6.626917404422872,0.274222186858323,1.2676397910593669,1.8020886108597678e-74
3,0,6.767489244843735,6.626917404422872,0.274222186858323,1.1497988841046483,0.0
3,1,6.767489244843735,6.626917404422872,0.274222186858323,1.2926470490549145,5.844149712094652e-71
4,0,6.767489244843735,6.626917404422872,0.274222186858323,1.150203240530855,0.0
4,1,6.767489244843735,6.626917404422872,0.274222186858323,1.2782360824409158,1.1023281929481217e-69
5,0,6.767489244843735,6.626917404422872,0.274222186858323,1.125952851655344,0.0
5,1,6.767489244843735,6.626917404422872,0.274222186858323,1.2445100563666207,5.066669411456851e-69
6,0,6.767489244843735,6.626917404422872,0.274222186858323,1.0966711422180604,0.0
6,1,6.767489244843735,6.626917404422872,0.274222186858323,1.2084451666367562,1.059875790181201e-68
7,0,6.767489244843735,6.626917404422872,0.274222186858323,1.0759438204274892,0.0
7,1,6.767489244843735,6.626917404422872,0.274222186858323,1.1823054706566614,1.6698617486624374e-68
8,0,6.767489244843735,6.626917404422872,0.274222186858323,1.0709017717244875,0.0
8,1,6.767489244843735,6.626917404422872,0.274222186858323,1.1725725461328793,2.391086988907905e-68
9,0,6.767489244843735,6.626917404422872,0.274222186858323,1.0828582451043238,0.0
9,1,6.767489244843735,6.626917404422872,0.274222186858323,1.1802666850275656,3.23389476824961e-68
10,0,6.767489244843735,6.626917404422872,0.274222186858323,1.1095400276513088,0.0
10,1,6.767489244843735,6.626917404422872,0.274222186858323,1.2030072752452574,4.1075780041090656e-68
11,0,6.767489244843735,6.626917404422872,0.274222186858323,1.1472334635321064,0.0
11,1,6.767489244843735,6.626917404422872,0.274222186858323,1.2370561152567856,4.891077760532325e-68
12,0,6.767489244843735,6.626917404422872,0.274222186858323,1.1921411887525069,0.0
12,1,6.767489244843735,6.626917404422872,0.274222186858323,1.2786177874419333,5.500797821289004e-68
13,0,6.767489244843735,6.626917404422872,0.274222186858323,1.241014820659231,0.0
13,1,6.767489244843735,6.626917404422872,0.274222186858323,1.3244469094717286,5.908082747143128e-68
14,0,6.767489244843735,6.626917404422872,0.274222186858323,1.2913378033643372,0.0
14,1,6.767489244843735,6.626917404422872,0.274222186858323,1.3720226573270482,6.125318329762792e-68
15,0,6.767489244843735,6.626917404422872,0.274222186858323,1.3412886900050274,0.0
15,1,6.767489244843735,6.626917404422872,0.274222186858323,1.419511457989215,6.185779256094193e-68
16,0,6.767489244843735,6.626917404422872,0.274222186858323,1.3896230834199037,0.0
16,1,6.767489244843735,6.626917404422872,0.274222186858323,1.4656510019334765,6.1285173617701235e-68
17,0,6.767489244843735,6.626917404422872,0.274222186858323,1.4355424780577366,0.0
17,1,6.767489244843735,6.626917404422872,0.274222186858323,1.5096215421857129,5.9899034807414404e-68
18,0,6.767489244843735,6.626917404422872,0.274222186858323,1.4785778421959999,0.0
18,1,6.767489244843735,6.626917404422872,0.274222186858323,1.5509315015654397,5.800057735301774e-68
19,0,6.767489244843735,6.626917404422872,0.274222186858323,1.5184958635849306,0.0
19,1,6.767489244843735,6.626917404422872,0.274222186858323,1.589325142419502,5.582113649223155e-68
0,0,9.45697845752215,7.302674178356257,0.1892999274321354,0.6931471805599441,0.0
0,1,9.45697845752215,7.302674178356257,0.1892999274321354,0.9899409166847176,0.0
1,0,9.45697845752215,7.302674178356257,0.1892999274321354,0.9787050754545829,0.0
1,1,9.45697845752215,7.302674178356257,0.1892999274321354,1.1896432511597899,4.793242109005043e-80
2,0,9.45697845752215,7.302674178356257,0.1892999274321354,1.159061231559437,0.0
2,1,9.45697845752215,7.302674178356257,0.1892999274321354,1.3225076416663826,7.979835235722775e-58
3,0,9.45697845752215,7.302674178356257,0.1892999274321354,1.269752687395805,0.0
3,1,9.45697845752215,7.302674178356257,0.1892999274321354,1.4055424257336835,8.822743998621036e-53
4,0,9.45697845752215,7.302674178356257,0.1892999274321354,1.332416878046753,0.0
4,1,9.45697845752215,7.302674178356257,0.1892999274321354,1.4515049064114378,3.4602452408625426e-51
5,0,9.45697845752215,7.302674178356257,0.1892999274321354,1.3645338904439883,0.0
5,1,9.45697845752215,7.302674178356257,0.1892999274321354,1.4729391597391612,2.1104939662963314e-50
6,0,9.45697845752215,7.302674178356257,0.1892999274321354,1.3789900811502152,0.0
6,1,9.45697845752215,7.302674178356257,0.1892999274321354,1.4800114651162075,6.171112079679707e-50
7,0,9.45697845752215,7.302674178356257,0.1892999274321354,1.3853381720536833,0.0
7,1,9.45697845752215,7.302674178356257,0.1892999274321354,1.4808303395715057,1.6674791779083132e-49
8,0,9.45697845752215,7.302674178356257,0.1892999274321354,1.3911381648934193,0.0
8,1,9.45697845752215,7.302674178356257,0.1892999274321354,1.4821495516695364,4.2480593382916716e-49
9,0,9.45697845752215,7.302674178356257,0.1892999274321354,1.4017180096630177,0.0
9,1,9.45697845752215,7.302674178356257,0.1892999274321354,1.4888472379009605,8.914730178846724e-49
10,0,9.45697845752215,7.302674178356257,0.1892999274321354,1.4199274493839185,0.0
10,1,9.45697845752215,7.302674178356257,0.1892999274321354,1.5035290746112122,1.5116024988926537e-48
11,0,9.45697845752215,7.302674178356257,0.1892999274321354,1.4463520567555304,0.0
11,1,9.45697845752215,7.302674178356257,0.1892999274321354,1.526663533691228,2.172067000764354e-48
12,0,9.45697845752215,7.302674178356257,0.1892999274321354,1.480025028060556,0.0
12,1,9.45697845752215,7.302674178356257,0.1892999274321354,1.557242429695759,2.78899157466236e-48
13,0,9.45697845752215,7.302674178356257,0.1892999274321354,1.5192049589916516,0.0
13,1,9.45697845752215,7.302674178356257,0.1892999274321354,1.5935208863871044,3.3251979799541523e-48
14,0,9.45697845752215,7.302674178356257,0.1892999274321354,1.561962716240849,0.0
14,1,9.45697845752215,7.302674178356257,0.1892999274321354,1.6335794168059357,3.7705711719988016e-48
15,0,9.45697845752215,7.302674178356257,0.1892999274321354,1.6065255232413393,0.0
15,1,9.45697845752215,7.302674178356257,0.1892999274321354,1.6756547233970074,4.125984020844434e-48
16,0,9.45697845752215,7.302674178356257,0.1892999274321354,1.6514297583908275,0.0
16,1,9.45697845752215,7.302674178356257,0.1892999274321354,1.7182871391955015,4.396927390620792e-48
17,0,9.45697845752215,7.302674178356257,0.1892999274321354,1.6955548010474746,0.0
17,1,9.45697845752215,7.302674178356257,0.1892999274321354,1.7603535345564887,4.59162938097758e-48
18,0,9.45697845752215,7.302674178356257,0.1892999274321354,1.7380957797327534,0.0
18,1,9.45697845752215,7.302674178356257,0.1892999274321354,1.801041097621306,4.7201074363976714e-48
19,0,9.45697845752215,7.302674178356257,0.1892999274321354,1.7785120495823565,0.0
19,1,9.45697845752215,7.302674178356257,0.1892999274321354,1.8397974306835543,4.7931983943498655e-48
0,0,13.215306047834442,7.964157617204937,0.1298778450205658,0.6931471805599441,0.0
0,1,13.215306047834442,7.964157617204937,0.1298778450205658,0.9899409166847176,0.0
1,0,13.215306047834442,7.964157617204937,0.1298778450205658,0.9862146900642657,0.0
1,1,13.215306047834442,7.964157617204937,0.1298778450205658,1.196563443420287,4.049411634684477e-69
2,0,13.215306047834442,7.964157617204937,0.1298778450205658,1.185829838452779,0.0
2,1,13.215306047834442,7.964157617204937,0.1298778450205658,1.347099383214625,2.117399450812943e-40
3,0,13.215306047834442,7.964157617204937,0.1298778450205658,1.325212830982312,0.0
3,1,13.215306047834442,7.964157617204937,0.1298778450205658,1.4572224072085225,5.653016370777285e-34
4,0,13.215306047834442,7.964157617204937,0.1298778450205658,1.4230015140191798,0.0
4,1,13.215306047834442,7.964157617204937,0.1298778450205658,1.536840154155699,9.1915816127672e-32
5,0,13.215306047834442,7.964157617204937,0.1298778450205658,1.4915348907982446,0.0
5,1,13.215306047834442,7.964157617204937,0.1298778450205658,1.5934622968840655,1.789784978495664e-30
6,0,13.215306047834442,7.964157617204937,0.1298778450205658,1.5401759808520055,0.0
6,1,13.215306047834442,7.964157617204937,0.1298778450205658,1.6338727370517812,1.514169919710054e-29
7,0,13.215306047834442,7.964157617204937,0.1298778450205658,1.5758382895638205,0.0
7,1,13.215306047834442,7.964157617204937,0.1298778450205658,1.6635031585837161,8.42436265871475e-29
8,0,13.215306047834442,7.964157617204937,0.1298778450205658,1.6038465998948677,0.0
8,1,13.215306047834442,7.964157617204937,0.1298778450205658,1.6868067082666225,3.6021200673881177e-28
9,0,13.215306047834442,7.964157617204937,0.1298778450205658,1.6282557899405075,0.0
9,1,13.215306047834442,7.964157617204937,0.1298778450205658,1.7073358014303115,1.207399401140225e-27
10,0,13.215306047834442,7.964157617204937,0.1298778450205658,1.6524068947951958,0.0
10,1,13.215306047834442,7.964157617204937,0.1298778450205658,1.728121197163723,3.141345852298606e-27
11,0,13.215306047834442,7.964157617204937,0.1298778450205658,1.6787134331833309,0.0
11,1,13.215306047834442,7.964157617204937,0.1298778450205658,1.751386725179219,6.503005418305116e-27
12,0,13.215306047834442,7.964157617204937,0.1298778450205658,1.708514437518254,0.0
12,1,13.215306047834442,7.964157617204937,0.1298778450205658,1.7783623507817694,1.1155944419857157e-26
13,0,13.215306047834442,7.964157617204937,0.1298778450205658,1.742114720214339,0.0
13,1,13.215306047834442,7.964157617204937,0.1298778450205658,1.8092999153044738,1.658453647588214e-26
14,0,13.215306047834442,7.964157617204937,0.1298778450205658,1.7790504605246547,0.0
14,1,13.215306047834442,7.964157617204937,0.1298778450205658,1.8437183817878764,2.223125442645284e-26
15,0,13.215306047834442,7.964157617204937,0.1298778450205658,1.8184202677987438,0.0
15,1,13.215306047834442,7.964157617204937,0.1298778450205658,1.8807180275402446,2.769457399046032e-26
16,0,13.215306047834442,7.964157617204937,0.1298778450205658,1.8591674155179063,0.0
16,1,13.215306047834442,7.964157617204937,0.1298778450205658,1.91925062027297,3.274392764566e-26
17,0,13.215306047834442,7.964157617204937,0.1298778450205658,1.9002719565074717,0.0
17,1,13.215306047834442,7.964157617204937,0.1298778450205658,1.9583043561789273,3.726667171170448e-26
18,0,13.215306047834442,7.964157617204937,0.1298778450205658,1.940856882263655,0.0
18,1,13.215306047834442,7.964157617204937,0.1298778450205658,1.9970066552240253,4.121973198307404e-26
19,0,13.215306047834442,7.964157617204937,0.1298778450205658,1.9802299812877455,0.0
19,1,13.215306047834442,7.964157617204937,0.1298778450205658,2.0346651172633665,4.4601365064701237e-26
0,0,18.4672424413758,8.620759633755691,0.0876714283425084,0.6931471805599441,0.0
0,1,18.4672424413758,8.620759633755691,0.0876714283425084,0.9899409166847176,0.0
1,0,18.4672424413758,8.620759633755691,0.0876714283425084,0.9889677466871211,0.0
1,1,18.4672424413758,8.620759633755691,0.0876714283425084,1.1991825859195149,1.3679089473050274e-68
2,0,18.4672424413758,8.620759633755691,0.0876714283425084,1.1971012956412785,0.0
2,1,18.4672424413758,8.620759633755691,0.0876714283425084,1.3575380007877431,2.014630383998497e-28
3,0,18.4672424413758,8.620759633755691,0.0876714283425084,1.350460327529302,0.0
3,1,18.4672424413758,8.620759633755691,0.0876714283425084,1.4808084925376124,2.911010270968154e-19
4,0,18.4672424413758,8.620759633755691,0.0876714283425084,1.467759546636671,0.0
4,1,18.4672424413758,8.620759633755691,0.0876714283425084,1.5788507757355905,1.1357273145629858e-16
5,0,18.4672424413758,8.620759633755691,0.0876714283425084,1.5590732754950707,0.0
5,1,18.4672424413758,8.620759633755691,0.0876714283425084,1.6572298696487207,5.717713820572303e-15
6,0,18.4672424413758,8.620759633755691,0.0876714283425084,1.6316290061018104,0.0
6,1,18.4672424413758,8.620759633755691,0.0876714283425084,1.7207030601539122,9.268081373092512e-14
7,0,18.4672424413758,8.620759633755691,0.0876714283425084,1.6903341020669427,0.0
7,1,18.4672424413758,8.620759633755691,0.0876714283425084,1.7727175157997006,1.1552837113293977e-12
8,0,18.4672424413758,8.620759633755691,0.0876714283425084,1.7389074939411664,0.0
8,1,18.4672424413758,8.620759633755691,0.0876714283425084,1.8161447032141451,1.1059285534376975e-11
9,0,18.4672424413758,8.620759633755691,0.0876714283425084,1.7803592592885071,0.0
9,1,18.4672424413758,8.620759633755691,0.0876714283425084,1.8534609781071631,7.339038112282064e-11
10,0,18.4672424413758,8.620759633755691,0.0876714283425084,1.8170742924311776,0.0
10,1,18.4672424413758,8.620759633755691,0.0876714283425084,1.8867186610847777,3.316681445124309e-10
11,0,18.4672424413758,8.620759633755691,0.0876714283425084,1.8510987030556,0.0
11,1,18.4672424413758,8.620759633755691,0.0876714283425084,1.9177458091332271,1.0738872259974624e-09
12,0,18.4672424413758,8.620759633755691,0.0876714283425084,1.884182177601038,0.0
12,1,18.4672424413758,8.620759633755691,0.0876714283425084,1.9481452884540102,2.631114456029115e-09
13,0,18.4672424413758,8.620759633755691,0.0876714283425084,1.9176752766339475,0.0
13,1,18.4672424413758,8.620759633755691,0.0876714283425084,1.97916962221251,5.1150508611283895e-09
14,0,18.4672424413758,8.620759633755691,0.0876714283425084,1.9524227109285968,0.0
14,1,18.4672424413758,8.620759633755691,0.0876714283425084,2.011602051457589,8.333719799934125e-09
15,0,18.4672424413758,8.620759633755691,0.0876714283425084,1.9887383747918603,0.0
15,1,18.4672424413758,8.620759633755691,0.0876714283425084,2.045723224878427,1.2060624505432496e-08
16,0,18.4672424413758,8.620759633755691,0.0876714283425084,2.0264803906440854,0.0
16,1,18.4672424413758,8.620759633755691,0.0876714283425084,2.081378781365079,1.6239622577851915e-08
17,0,18.4672424413758,8.620759633755691,0.0876714283425084,2.0651880805543104,0.0
17,1,18.4672424413758,8.620759633755691,0.0876714283425084,2.1181088825790813,2.0895146796352703e-08
18,0,18.4672424413758,8.620759633755691,0.0876714283425084,2.1042338039299575,0.0
18,1,18.4672424413758,8.620759633755691,0.0876714283425084,2.1552932785526404,2.5954243839343986e-08
19,0,18.4672424413758,8.620759633755691,0.0876714283425084,2.1429538910643613,0.0
19,1,18.4672424413758,8.620759633755691,0.0876714283425084,2.1922770196449353,3.1184414276177597e-08
0,0,25.806367416245845,9.2744991662191,0.0575783050019156,0.6931471805599441,0.0
0,1,25.806367416245845,9.2744991662191,0.0575783050019156,0.9899409166847176,0.0
1,0,25.806367416245845,9.2744991662191,0.0575783050019156,0.9897851524189832,0.0
1,1,25.806367416245845,9.2744991662191,0.0575783050019156,1.1999675017776987,1.7532115290328696e-82
2,0,25.806367416245845,9.2744991662191,0.0575783050019156,1.1999280900641829,0.0
2,1,25.806367416245845,9.2744991662191,0.0575783050019156,1.360187171619025,6.664846566965969e-28
3,0,25.806367416245845,9.2744991662191,0.0575783050019156,1.3585457890832733,0.0
3,1,25.806367416245845,9.2744991662191,0.0575783050019156,1.4884271001922182,8.845337172005081e-18
4,0,25.806367416245845,9.2744991662191,0.0575783050019156,1.484587619103944,0.0
4,1,25.806367416245845,9.2744991662191,0.0575783050019156,1.5947211110013144,8.832077781557489e-14
5,0,25.806367416245845,9.2744991662191,0.0575783050019156,1.5877537150584053,0.0
5,1,25.806367416245845,9.2744991662191,0.0575783050019156,1.6843453990220192,6.871553928908472e-12
6,0,25.806367416245845,9.2744991662191,0.0575783050019156,1.6740445111661866,0.0
6,1,25.806367416245845,9.2744991662191,0.0575783050019156,1.7609121219531623,3.038904164111888e-10
7,0,25.806367416245845,9.2744991662191,0.0575783050019156,1.7473376278836876,0.0
7,1,25.806367416245845,9.2744991662191,0.0575783050019156,1.826930270289351,2.2031520414815706e-08
8,0,25.806367416245845,9.2744991662191,0.0575783050019156,1.8104728623538473,0.0
8,1,25.806367416245845,9.2744991662191,0.0575783050019156,1.8844297986846823,6.074585705021154e-07
9,0,25.806367416245845,9.2744991662191,0.0575783050019156,1.8656218911059013,0.0
9,1,25.806367416245845,9.2744991662191,0.0575783050019156,1.9350702001100766,7.203917876513839e-06
10,0,25.806367416245845,9.2744991662191,0.0575783050019156,1.9145158722243232,0.0
10,1,25.806367416245845,9.2744991662191,0.0575783050019156,1.9802473274538788,4.650024994839978e-05
11,0,25.806367416245845,9.2744991662191,0.0575783050019156,1.9585957472586824,0.0
11,1,25.806367416245845,9.2744991662191,0.0575783050019156,2.021177309324086,0.0002008706510855717
12,0,25.806367416245845,9.2744991662191,0.0575783050019156,1.999170749063613,0.0
12,1,25.806367416245845,9.2744991662191,0.0575783050019156,2.059013147281046,0.0006513168588479607
13,0,25.806367416245845,9.2744991662191,0.0575783050019156,2.0374570597662958,0.0
13,1,25.806367416245845,9.2744991662191,0.0575783050019156,2.094857109172598,0.0017055149686850735
14,0,25.806367416245845,9.2744991662191,0.0575783050019156,2.074564158923345,0.0
14,1,25.806367416245845,9.2744991662191,0.0575783050019156,2.1297340687027564,0.0038020270075751544
15,0,25.806367416245845,9.2744991662191,0.0575783050019156,2.1114073520026198,0.0
15,1,25.806367416245845,9.2744991662191,0.0575783050019156,2.164497740344942,0.007442298583981474
16,0,25.806367416245845,9.2744991662191,0.0575783050019156,2.148589070790672,0.0
16,1,25.806367416245845,9.2744991662191,0.0575783050019156,2.1997102074549373,0.013017817548304755
17,0,25.806367416245845,9.2744991662191,0.0575783050019156,2.186358550679556,0.0
17,1,25.806367416245845,9.2744991662191,0.0575783050019156,2.235598943244102,0.020609533128062123
18,0,25.806367416245845,9.2744991662191,0.0575783050019156,2.22464963482072,0.0
18,1,25.806367416245845,9.2744991662191,0.0575783050019156,2.2720906515320736,0.02989274906270449
19,0,25.806367416245845,9.2744991662191,0.0575783050019156,2.26316330873261,0.0
19,1,25.806367416245845,9.2744991662191,0.0575783050019156,2.308888991795001,0.0402090940259314
0,0,36.06215715943463,9.917558997382631,0.0363791855718903,0.6931471805599441,0.0
0,1,36.06215715943463,9.917558997382631,0.0363791855718903,0.9899409166847176,0.0
1,0,36.06215715943463,9.917558997382631,0.0363791855718903,0.9899289094128858,0.0
1,1,36.06215715943463,9.917558997382631,0.0363791855718903,1.2001057037266392,3.199294489633584e-114
2,0,36.06215715943463,9.917558997382631,0.0363791855718903,1.2001784284746249,0.0
2,1,36.06215715943463,9.917558997382631,0.0363791855718903,1.3604461634118634,5.566658682279405e-38
3,0,36.06215715943463,9.917558997382631,0.0363791855718903,1.360233245557884,0.0
3,1,36.06215715943463,9.917558997382631,0.0363791855718903,1.490017796635959,7.866894426990257e-24
4,0,36.06215715943463,9.917558997382631,0.0363791855718903,1.4889397033292067,0.0
4,1,36.06215715943463,9.917558997382631,0.0363791855718903,1.5988550790905258,3.260189555069364e-18
5,0,36.06215715943463,9.917558997382631,0.0363791855718903,1.596702558716663,0.0
5,1,36.06215715943463,9.917558997382631,0.0363791855718903,1.6928531614888782,1.5228521854004466e-15
6,0,36.06215715943463,9.917558997382631,0.0363791855718903,1.6892629856976558,0.0
6,1,36.06215715943463,9.917558997382631,0.0363791855718903,1.7753805779538343,3.13245701326896e-13
7,0,36.06215715943463,9.917558997382631,0.0363791855718903,1.7701368161676612,0.0
7,1,36.06215715943463,9.917558997382631,0.0363791855718903,1.8486337921375806,1.356888284852621e-10
8,0,36.06215715943463,9.917558997382631,0.0363791855718903,1.8417287516782292,0.0
8,1,36.06215715943463,9.917558997382631,0.0363791855718903,1.9142380199390259,1.1815476954366712e-08
9,0,36.06215715943463,9.917558997382631,0.0363791855718903,1.9057599428002991,0.0
9,1,36.06215715943463,9.917558997382631,0.0363791855718903,1.9734329536400579,3.3749309197703035e-07
10,0,36.06215715943463,9.917558997382631,0.0363791855718903,1.9635399799879363,0.0
10,1,36.06215715943463,9.917558997382631,0.0363791855718903,2.02720924198776,4.539093718609584e-06
11,0,36.06215715943463,9.917558997382631,0.0363791855718903,2.016080582919247,0.0
11,1,36.06215715943463,9.917558997382631,0.0363791855718903,2.0763675032654754,3.679049029529892e-05
12,0,36.06215715943463,9.917558997382631,0.0363791855718903,2.0642954581383597,0.0
12,1,36.06215715943463,9.917558997382631,0.0363791855718903,2.121671277179055,0.00020078317267784092
13,0,36.06215715943463,9.917558997382631,0.0363791855718903,2.1090277847021355,0.0
13,1,36.06215715943463,9.917558997382631,0.0363791855718903,2.1638512084464634,0.0008015118609109827
14,0,36.06215715943463,9.917558997382631,0.0363791855718903,2.15109030411738,0.0
14,1,36.06215715943463,9.917558997382631,0.0363791855718903,2.2036348681250426,0.002504845933154744
15,0,36.06215715943463,9.917558997382631,0.0363791855718903,2.191258625802835,0.0
15,1,36.06215715943463,9.917558997382631,0.0363791855718903,2.241731444463426,0.006410341637673177
16,0,36.06215715943463,9.917558997382631,0.0363791855718903,2.2302653311735634,0.0
16,1,36.06215715943463,9.917558997382631,0.0363791855718903,2.2788204086188752,0.013930928123209315
17,0,36.06215715943463,9.917558997382631,0.0363791855718903,2.2687712749844144,0.0
17,1,36.06215715943463,9.917558997382631,0.0363791855718903,2.3155202882189228,0.026473457827343026
18,0,36.06215715943463,9.917558997382631,0.0363791855718903,2.3072729251209294,0.0
18,1,36.06215715943463,9.917558997382631,0.0363791855718903,2.352297181129904,0.04495809666586474
19,0,36.06215715943463,9.917558997382631,0.0363791855718903,2.346031811753542,0.0
19,1,36.06215715943463,9.917558997382631,0.0363791855718903,2.3893947854322235,0.06935682579527826
0,0,50.3937326015545,10.529607427449973,0.0219313314787775,0.6931471805599441,0.0
0,1,50.3937326015545,10.529607427449973,0.0219313314787775,0.9899409166847176,0.0
1,0,50.3937326015545,10.529607427449973,0.0219313314787775,0.9899405830041449,0.0
1,1,50.3937326015545,10.529607427449973,0.0219313314787775,1.200116926951271,5.475123371759017e-159
2,0,50.3937326015545,10.529607427449973,0.0219313314787775,1.2001312654032747,0.0
2,1,50.3937326015545,10.529607427449973,0.0219313314787775,1.3604127806755864,2.3160287851003716e-52
3,0,50.3937326015545,10.529607427449973,0.0219313314787775,1.3604251122737745,0.0
3,1,50.3937326015545,10.529607427449973,0.0219313314787775,1.4901854405712447,1.3014194699717434e-32
4,0,50.3937326015545,10.529607427449973,0.0219313314787775,1.4898025184893244,0.0
4,1,50.3937326015545,10.529607427449973,0.0219313314787775,1.5996596456879961,1.052398116571785e-24
5,0,50.3937326015545,10.529607427449973,0.0219313314787775,1.5988570664489794,0.0
5,1,50.3937326015545,10.529607427449973,0.0219313314787775,1.6948982373353108,5.5022832856694735e-21
6,0,50.3937326015545,10.529607427449973,0.0219313314787775,1.6935992321365019,0.0
6,1,50.3937326015545,10.529607427449973,0.0219313314787775,1.7795129922918886,1.9180214536679017e-17
7,0,50.3937326015545,10.529607427449973,0.0219313314787775,1.7775647335054465,0.0
7,1,50.3937326015545,10.529607427449973,0.0219313314787775,1.8557244933420995,1.9017307645059706e-13
8,0,50.3937326015545,10.529607427449973,0.0219313314787775,1.8530621663985387,0.0
8,1,50.3937326015545,10.529607427449973,0.0219313314787775,1.9250705623603883,1.344245542791063e-10
9,0,50.3937326015545,10.529607427449973,0.0219313314787775,1.9216790263401509,0.0
9,1,50.3937326015545,10.529607427449973,0.0219313314787775,1.9886668950642374,1.4550142264477399e-08
10,0,50.3937326015545,10.529607427449973,0.0219313314787775,1.984534414979285,0.0
10,1,50.3937326015545,10.529607427449973,0.0219313314787775,2.047329104712009,4.621086948335944e-07
11,0,50.3937326015545,10.529607427449973,0.0219313314787775,2.042449791182449,0.0
11,1,50.3937326015545,10.529607427449973,0.0219313314787775,2.101678402732059,6.611372942331934e-06
12,0,50.3937326015545,10.529607427449973,0.0219313314787775,2.096102487270091,0.0
12,1,50.3937326015545,10.529607427449973,0.0219313314787775,2.1522514939727313,5.222861440007865e-05
13,0,50.3937326015545,10.529607427449973,0.0219313314787775,2.1460806508205996,0.0
13,1,50.3937326015545,10.529607427449973,0.0219313314787775,2.1995327382384664,0.0002688884945447338
14,0,50.3937326015545,10.529607427449973,0.0219313314787775,2.1929009605924685,0.0
14,1,50.3937326015545,10.529607427449973,0.0219313314787775,2.2439618885674437,0.0010200628277770092
15,0,50.3937326015545,10.529607427449973,0.0219313314787775,2.237064920010743,0.0
15,1,50.3937326015545,10.529607427449973,0.0219313314787775,2.2859804636158962,0.0030667552137523166
16,0,50.3937326015545,10.529607427449973,0.0219313314787775,2.2791201796448397,0.0
16,1,50.3937326015545,10.529607427449973,0.0219313314787775,2.326085264845084,0.007660093241315975
17,0,50.3937326015545,10.529607427449973,0.0219313314787775,2.319669653049793,0.0
17,1,50.3937326015545,10.529607427449973,0.0219313314787775,2.3648346145957753,0.016465812032294226
18,0,50.3937326015545,10.529607427449973,0.0219313314787775,2.3593677455711157,0.0
18,1,50.3937326015545,10.529607427449973,0.0219313314787775,2.4028423943428243,0.03127792909545521
19,0,50.3937326015545,10.529607427449973,0.0219313314787775,2.3988506470633357,0.0
19,1,50.3937326015545,10.529607427449973,0.0219313314787775,2.4407091720653824,0.05359202493143468
0,0,70.42086457250619,11.088565220731851,0.0124763036917354,0.6931471805599441,0.0
0,1,70.42086457250619,11.088565220731851,0.0124763036917354,0.9899409166847176,0.0
1,0,70.42086457250619,11.088565220731851,0.0124763036917354,0.9899409144517757,0.0
1,1,70.42086457250619,11.088565220731851,0.0124763036917354,1.200117245612103,1.3919281156831302e-221
2,0,70.42086457250619,11.088565220731851,0.0124763036917354,1.2001182809912752,0.0
2,1,70.42086457250619,11.088565220731851,0.0124763036917354,1.360402562432123,1.7499628506372234e-72
3,0,70.42086457250619,11.088565220731851,0.0124763036917354,1.3604120621312399,0.0
3,1,70.42086457250619,11.088565220731851,0.0124763036917354,1.490166265845883,6.818195188245271e-45
4,0,70.42086457250619,11.088565220731851,0.0124763036917354,1.4900419002589746,0.0
4,1,70.42086457250619,11.088565220731851,0.0124763036917354,1.5998617191238527,9.004386966264544e-34
5,0,70.42086457250619,11.088565220731851,0.0124763036917354,1.5994745961589876,0.0
5,1,70.42086457250619,11.088565220731851,0.0124763036917354,1.695456923639501,1.1314563121356548e-28
6,0,70.42086457250619,11.088565220731851,0.0124763036917354,1.694837967637433,0.0
6,1,70.42086457250619,11.088565220731851,0.0124763036917354,1.780672249386829,9.864106051371953e-23
7,0,70.42086457250619,11.088565220731851,0.0124763036917354,1.7798221163611259,0.0
7,1,70.42086457250619,11.088565220731851,0.0124763036917354,1.8578671116483816,6.515567702338947e-17
8,0,70.42086457250619,11.088565220731851,0.0124763036917354,1.8567578978502388,0.0
8,1,70.42086457250619,11.088565220731851,0.0124763036917354,1.9285992874776539,7.341585473743472e-13
9,0,70.42086457250619,11.088565220731851,0.0124763036917354,1.927204435230221,0.0
9,1,70.42086457250619,11.088565220731851,0.0124763036917354,1.9939566955485453,5.189130541216836e-10
10,0,70.42086457250619,11.088565220731851,0.0124763036917354,1.992255707822301,0.0
10,1,70.42086457250619,11.088565220731851,0.0124763036917354,2.0547345749505017,5.59972729186862e-08
11,0,70.42086457250619,11.088565220731851,0.0124763036917354,2.0527237971353944,0.0
11,1,70.42086457250619,11.088565220731851,0.0124763036917354,2.111546406430408,1.5793369780215154e-06
12,0,70.42086457250619,11.088565220731851,0.0124763036917354,2.1092157596450924,0.0
12,1,70.42086457250619,11.088565220731851,0.0124763036917354,2.164862882768742,1.7548933291281133e-05
13,0,70.42086457250619,11.088565220731851,0.0124763036917354,2.1622061510076853,0.0
13,1,70.42086457250619,11.088565220731851,0.0124763036917354,2.215061169178088,0.00010621673754673195
14,0,70.42086457250619,11.088565220731851,0.0124763036917354,2.2120905270390434,0.0
14,1,70.42086457250619,11.088565220731851,0.0124763036917354,2.2624650370183286,0.0004398975878261356
15,0,70.42086457250619,11.088565220731851,0.0124763036917354,2.2592326917037404,0.0
15,1,70.42086457250619,11.088565220731851,0.0124763036917354,2.3073829312576906,0.0014188265063767964
16,0,70.42086457250619,11.088565220731851,0.0124763036917354,2.3040023059858017,0.0
16,1,70.42086457250619,11.088565220731851,0.0124763036917354,2.350139610779747,0.0038134197561943777
17,0,70.42086457250619,11.088565220731851,0.0124763036917354,2.3468223362952036,0.0
17,1,70.42086457250619,11.088565220731851,0.0124763036917354,2.3911187128245714,0.008896572276925856
18,0,70.42086457250619,11.088565220731851,0.0124763036917354,2.388221209431995,0.0
18,1,70.42086457250619,11.088565220731851,0.0124763036917354,2.43081105191553,0.018426066578819802
19,0,70.42086457250619,11.088565220731851,0.0124763036917354,2.4288488054935113,0.0
19,1,70.42086457250619,11.088565220731851,0.0124763036917354,2.469828642432473,0.03437287800225135
0,0,98.40704212861336,11.572074283048842,0.0066082437465917,0.6931471805599441,0.0
0,1,98.40704212861336,11.572074283048842,0.0066082437465917,0.9899409166847176,0.0
1,0,98.40704212861336,11.572074283048842,0.0066082437465917,0.9899409166826745,0.0
1,1,98.40704212861336,11.572074283048842,0.0066082437465917,1.2001172477569366,5.225917567778235e-309
2,0,98.40704212861336,11.572074283048842,0.0066082437465917,1.2001172726475429,0.0
2,1,98.40704212861336,11.572074283048842,0.0066082437465917,1.360401761919896,1.4161143904231564e-100
3,0,98.40704212861336,11.572074283048842,0.0066082437465917,1.3604029686700403,0.0
3,1,98.40704212861336,11.572074283048842,0.0066082437465917,1.4901562172683067,4.6908336040625886e-62
4,0,98.40704212861336,11.572074283048842,0.0066082437465917,1.4901311841539282,0.0
4,1,98.40704212861336,11.572074283048842,0.0066082437465917,1.5999327958103413,1.9689409140719816e-46
5,0,98.40704212861336,11.572074283048842,0.0066082437465917,1.5997845165009266,0.0
5,1,98.40704212861336,11.572074283048842,0.0066082437465917,1.6957253696102275,1.9846607376090425e-39
6,0,98.40704212861336,11.572074283048842,0.0066082437465917,1.6954164546928745,0.0
6,1,98.40704212861336,11.572074283048842,0.0066082437465917,1.7811937879632465,1.05287500783506e-30
7,0,98.40704212861336,11.572074283048842,0.0066082437465917,1.7807542539666943,0.0
7,1,98.40704212861336,11.572074283048842,0.0066082437465917,1.858729246686285,1.446923132357331e-22
8,0,98.40704212861336,11.572074283048842,0.0066082437465917,1.8581774360976344,0.0
8,1,98.40704212861336,11.572074283048842,0.0066082437465917,1.9299335494885757,8.003612341599516e-17
9,0,98.40704212861336,11.572074283048842,0.0066082437465917,1.9292629233471723,0.0
9,1,98.40704212861336,11.572074283048842,0.0066082437465917,1.9959109139026374,7.873184860773244e-13
10,0,98.40704212861336,11.572074283048842,0.0066082437465917,1.9951194674803623,0.0
10,1,98.40704212861336,11.572074283048842,0.0066082437465917,2.0574698252217223,5.748922993625272e-10
11,0,98.40704212861336,11.572074283048842,0.0066082437465917,2.0565629396246163,0.0
11,1,98.40704212861336,11.572074283048842,0.0066082437465917,2.1152270009720233,6.805912260414689e-08
12,0,98.40704212861336,11.572074283048842,0.0066082437465917,2.114205722640113,0.0
12,1,98.40704212861336,11.572074283048842,0.0066082437465917,2.1696585228674756,2.129173234878047e-06
13,0,98.40704212861336,11.572074283048842,0.0066082437465917,2.168516653641361,0.0
13,1,98.40704212861336,11.572074283048842,0.0066082437465917,2.2211369972369805,2.492087106532392e-05
14,0,98.40704212861336,11.572074283048842,0.0066082437465917,2.2198686616215406,0.0
14,1,98.40704212861336,11.572074283048842,0.0066082437465917,2.269965237710579,0.0001476405194350233
15,0,98.40704212861336,11.572074283048842,0.0066082437465917,2.268573148102996,0.0
15,1,98.40704212861336,11.572074283048842,0.0066082437465917,2.316401734981653,0.0005787542616450755
16,0,98.40704212861336,11.572074283048842,0.0066082437465917,2.3149213560429267,0.0
16,1,98.40704212861336,11.572074283048842,0.0066082437465917,2.360695910797654,0.001773082133575055
17,0,98.40704212861336,11.572074283048842,0.0066082437465917,2.3592347258562674,0.0
17,1,98.40704212861336,11.572074283048842,0.0066082437465917,2.4031334722422253,0.004562400873117823
18,0,98.40704212861336,11.572074283048842,0.0066082437465917,2.401913970583627,0.0
18,1,98.40704212861336,11.572074283048842,0.0066082437465917,2.444081830863011,0.010276133238739413
19,0,98.40704212861336,11.572074283048842,0.0066082437465917,2.4434848915608107,0.0
19,1,98.40704212861336,11.572074283048842,0.0066082437465917,2.484033057473616,0.02078184109930423
0,0,137.51529464015564,11.939169383989338,0.0034067076063931,0.6931471805599441,0.0
0,1,137.51529464015564,11.939169383989338,0.0034067076063931,0.9899409166847176,0.0
1,0,137.51529464015564,11.939169383989338,0.0034067076063931,0.9899409166847175,0.0
1,1,137.51529464015564,11.939169383989338,0.0034067076063931,1.2001172477589008,0.0
2,0,137.51529464015564,11.939169383989338,0.0034067076063931,1.2001172478942577,0.0
2,1,137.51529464015564,11.939169383989338,0.0034067076063931,1.3604017422554817,8.1448790878201605e-140
3,0,137.51529464015564,11.939169383989338,0.0034067076063931,1.3604017916718272,0.0
3,1,137.51529464015564,11.939169383989338,0.0034067076063931,1.4901549602250954,4.964742094233859e-86
4,0,137.51529464015564,11.939169383989338,0.0034067076063931,1.4901523765984068,0.0
4,1,137.51529464015564,11.939169383989338,0.0034067076063931,1.5999494307246218,4.160145341743582e-64
5,0,137.51529464015564,11.939169383989338,0.0034067076063931,1.599916514893752,0.0
5,1,137.51529464015564,11.939169383989338,0.0034067076063931,1.6958390761851527,1.807165778876965e-54
6,0,137.51529464015564,11.939169383989338,0.0034067076063931,1.6957296078866735,0.0
6,1,137.51529464015564,11.939169383989338,0.0034067076063931,1.7814726992085652,4.568810131847095e-42
7,0,137.51529464015564,11.939169383989338,0.0034067076063931,1.7812735597175737,0.0
7,1,137.51529464015564,11.939169383989338,0.0034067076063931,1.859201438624263,1.027508585301085e-30
8,0,137.51529464015564,11.939169383989338,0.0034067076063931,1.8589263744203328,0.0
8,1,137.51529464015564,11.939169383989338,0.0034067076063931,1.930625371662613,1.373591909450035e-22
9,0,137.51529464015564,11.939169383989338,0.0034067076063931,1.930286109699698,0.0
9,1,137.51529464015564,11.939169383989338,0.0034067076063931,1.9968681439031826,5.605428776461662e-17
10,0,137.51529464015564,11.939169383989338,0.0034067076063931,1.996470858109053,0.0
10,1,137.51529464015564,11.939169383989338,0.0034067076063931,2.0587462507592447,5.76984403682326e-13
11,0,137.51529464015564,11.939169383989338,0.0034067076063931,2.058294472674956,0.0
11,1,137.51529464015564,11.939169383989338,0.0034067076063931,2.116874008402564,4.925971293404208e-10
12,0,137.51529464015564,11.939169383989338,0.0034067076063931,2.116371360469247,0.0
12,1,137.51529464015564,11.939169383989338,0.0034067076063931,2.1717290862408056,7.039211698742646e-08
13,0,137.51529464015564,11.939169383989338,0.0034067076063931,2.171179372568105,0.0
13,1,137.51529464015564,11.939169383989338,0.0034067076063931,2.2236925394220703,2.555771899373979e-06
14,0,137.51529464015564,11.939169383989338,0.0034067076063931,2.2230981862802066,0.0
14,1,137.51529464015564,11.939169383989338,0.0034067076063931,2.273073634523366,3.211689493876602e-05
15,0,137.51529464015564,11.939169383989338,0.0034067076063931,2.2724357858418434,0.0
15,1,137.51529464015564,11.939169383989338,0.0034067076063931,2.320127726365963,0.00018960055160984867
16,0,137.51529464015564,11.939169383989338,0.0034067076063931,2.31946113088211,0.0
16,1,137.51529464015564,11.939169383989338,0.0034067076063931,2.365082898034043,0.000720233218729887
17,0,137.51529464015564,11.939169383989338,0.0034067076063931,2.3644371922199836,0.0
17,1,137.51529464015564,11.939169383989338,0.0034067076063931,2.4081687793414055,0.0021590211424833256
18,0,137.51529464015564,11.939169383989338,0.0034067076063931,2.4076778179165115,0.0
18,1,137.51529464015564,11.939169383989338,0.0034067076063931,2.449669213140482,0.005492181546791184
19,0,137.51529464015564,11.939169383989338,0.0034067076063931,2.449609142005793,0.0
19,1,137.51529464015564,11.939169383989338,0.0034067076063931,2.4899801468101703,0.012358258771809181
0,0,192.1656809403309,12.176332399642384,0.0019194982442003,0.6931471805599441,0.0
0,1,192.1656809403309,12.176332399642384,0.0019194982442003,0.9899409166847176,0.0
1,0,192.1656809403309,12.176332399642384,0.0019194982442003,0.9899409166847176,0.0
1,1,192.1656809403309,12.176332399642384,0.0019194982442003,1.2001172477589006,0.0
2,0,192.1656809403309,12.176332399642384,0.0019194982442003,1.2001172477589934,0.0
2,1,192.1656809403309,12.176332399642384,0.0019194982442003,1.3604017421480232,1.233391029286022e-194
3,0,192.1656809403309,12.176332399642384,0.0019194982442003,1.3604017426729849,0.0
3,1,192.1656809403309,12.176332399642384,0.0019194982442003,1.49015490829334,1.5890911196367673e-119
4,0,192.1656809403309,12.176332399642384,0.0019194982442003,1.4901547975377607,0.0
4,1,192.1656809403309,12.176332399642384,0.0019194982442003,1.5999513187727568,8.353385960540574e-89
5,0,192.1656809403309,12.176332399642384,0.0019194982442003,1.599947760697297,0.0
5,1,192.1656809403309,12.176332399642384,0.0019194982442003,1.6958659890321077,1.8026695258610828e-75
6,0,192.1656809403309,12.176332399642384,0.0019194982442003,1.6958438257374988,0.0
6,1,192.1656809403309,12.176332399642384,0.0019194982442003,1.781574297541833,5.243429005927848e-58
7,0,192.1656809403309,12.176332399642384,0.0019194982442003,1.7815137201556577,0.0
7,1,192.1656809403309,12.176332399642384,0.0019194982442003,1.8594190926353213,3.7966074125933065e-42
8,0,192.1656809403309,12.176332399642384,0.0019194982442003,1.8593127820918243,0.0
8,1,192.1656809403309,12.176332399642384,0.0019194982442003,1.9309803191436452,1.0637784352938674e-30
9,0,192.1656809403309,12.176332399642384,0.0019194982442003,1.9308324327956237,0.0
9,1,192.1656809403309,12.176332399642384,0.0019194982442003,1.9973754060494768,8.342703243287311e-23
10,0,192.1656809403309,12.176332399642384,0.0019194982442003,1.997192371842491,0.0
10,1,192.1656809403309,12.176332399642384,0.0019194982442003,2.0594220977910025,3.498272606914887e-17
11,0,192.1656809403309,12.176332399642384,0.0019194982442003,2.0592078704552508,0.0
11,1,192.1656809403309,12.176332399642384,0.0019194982442003,2.1177358898873626,4.554868862237719e-13
12,0,192.1656809403309,12.176332399642384,0.0019194982442003,2.117493036463999,0.0
12,1,192.1656809403309,12.176332399642384,0.0019194982442003,2.172793929760055,4.981846507823999e-10
13,0,192.1656809403309,12.176332399642384,0.0019194982442003,2.1725251731040727,0.0
13,1,192.1656809403309,12.176332399642384,0.0019194982442003,2.2249765244113497,8.471581932441656e-08
14,0,192.1656809403309,12.176332399642384,0.0019194982442003,2.224684371636481,0.0
14,1,192.1656809403309,12.176332399642384,0.0019194982442003,2.2745931135070343,3.37050479413521e-06
15,0,192.1656809403309,12.176332399642384,0.0019194982442003,2.274279700501155,0.0
15,1,192.1656809403309,12.176332399642384,0.0019194982442003,2.3218999305979584,4.3343567659428844e-05
16,0,192.1656809403309,12.176332399642384,0.0019194982442003,2.3215685142429736,0.0
16,1,192.1656809403309,12.176332399642384,0.0019194982442003,2.367113867098313,0.00024912479245564444
17,0,192.1656809403309,12.176332399642384,0.0019194982442003,2.36678948540195,0.0
17,1,192.1656809403309,12.176332399642384,0.0019194982442003,2.4104411459565456,0.000920586530197497
18,0,192.1656809403309,12.176332399642384,0.0019194982442003,2.410197464882263,0.0
18,1,192.1656809403309,12.176332399642384,0.0019194982442003,2.4521088039693266,0.0027656980941429266
19,0,192.1656809403309,12.176332399642384,0.0019194982442003,2.4521318913019705,0.0
19,1,192.1656809403309,12.176332399642384,0.0019194982442003,2.492429285228087,0.00714407645719942
0,0,268.5348493626968,12.306295954891215,0.0013339294408085,0.6931471805599441,0.0
0,1,268.5348493626968,12.306295954891215,0.0013339294408085,0.9899409166847176,0.0
1,0,268.5348493626968,12.306295954891215,0.0013339294408085,0.9899409166847176,0.0
1,1,268.5348493626968,12.306295954891215,0.0013339294408085,1.2001172477589006,0.0
2,0,268.5348493626968,12.306295954891215,0.0013339294408085,1.2001172477589008,0.0
2,1,268.5348493626968,12.306295954891215,0.0013339294408085,1.3604017421479493,3.15202498523106e-271
3,0,268.5348493626968,12.306295954891215,0.0013339294408085,1.3604017421488541,0.0
3,1,268.5348493626968,12.306295954891215,0.0013339294408085,1.4901549077384662,2.590916013429095e-166
4,0,268.5348493626968,12.306295954891215,0.0013339294408085,1.4901549063410426,0.0
4,1,268.5348493626968,12.306295954891215,0.0013339294408085,1.5999514033368203,2.5792591884315992e-123
5,0,268.5348493626968,12.306295954891215,0.0013339294408085,1.5999512529829687,0.0
5,1,268.5348493626968,12.306295954891215,0.0013339294408085,1.695868994751414,8.763334844635812e-105
6,0,268.5348493626968,12.306295954891215,0.0013339294408085,1.6958668709513594,0.0
6,1,268.5348493626968,12.306295954891215,0.0013339294408085,1.781594786732657,2.5214740770706284e-80
7,0,268.5348493626968,12.306295954891215,0.0013339294408085,1.781584521295621,0.0
7,1,268.5348493626968,12.306295954891215,0.0013339294408085,1.8594832269125319,3.8177997785985154e-58
8,0,268.5348493626968,12.306295954891215,0.0013339294408085,1.8594568496994692,0.0
8,1,268.5348493626968,12.306295954891215,0.0013339294408085,1.9311125188826832,4.564029624675223e-42
9,0,268.5348493626968,12.306295954891215,0.0013339294408085,1.931065835829481,0.0
9,1,268.5348493626968,12.306295954891215,0.0013339294408085,1.9975916830948912,6.026368423657814e-31
10,0,268.5348493626968,12.306295954891215,0.0013339294408085,1.997524991345072,0.0
10,1,268.5348493626968,12.306295954891215,0.0013339294408085,2.059732738083499,4.37174317796808e-23
11,0,268.5348493626968,12.306295954891215,0.0013339294408085,2.059648200908888,0.0
11,1,268.5348493626968,12.306295954891215,0.0013339294408085,2.118149834628115,2.5748957619364635e-17
12,0,268.5348493626968,12.306295954891215,0.0013339294408085,2.1180494579033438,0.0
12,1,268.5348493626968,12.306295954891215,0.0013339294408085,2.1733199568331183,4.431885783342278e-13
13,0,268.5348493626968,12.306295954891215,0.0013339294408085,2.173205060029077,0.0
13,1,268.5348493626968,12.306295954891215,0.0013339294408085,2.2256223948381484,5.897877453998824e-10
14,0,268.5348493626968,12.306295954891215,0.0013339294408085,2.2254939738810697,0.0
14,1,268.5348493626968,12.306295954891215,0.0013339294408085,2.275365418110159,1.127974206280618e-07
15,0,268.5348493626968,12.306295954891215,0.0013339294408085,2.27522468574512,0.0
15,1,268.5348493626968,12.306295954891215,0.0013339294408085,2.3228046150826085,4.762672273309749e-06
16,0,268.5348493626968,12.306295954891215,0.0013339294408085,2.322650420179324,0.0
16,1,268.5348493626968,12.306295954891215,0.0013339294408085,2.3681528367489095,6.21287744754834e-05
17,0,268.5348493626968,12.306295954891215,0.0013339294408085,2.367990153464569,0.0
17,1,268.5348493626968,12.306295954891215,0.0013339294408085,2.4115972706864213,0.0003495505769660108
18,0,268.5348493626968,12.306295954891215,0.0013339294408085,2.411464132978217,0.0
18,1,268.5348493626968,12.306295954891215,0.0013339294408085,2.4533316043350206,0.0012963541546486832
19,0,268.5348493626968,12.306295954891215,0.0013339294408085,2.453326236736456,0.0
19,1,268.5348493626968,12.306295954891215,0.0013339294408085,2.493585886857211,0.004020435001732363
0,0,375.2541295062848,12.3693425329873,0.0011301509521735,0.6931471805599441,0.0
0,1,375.2541295062848,12.3693425329873,0.0011301509521735,0.9899409166847176,0.0
1,0,375.2541295062848,12.3693425329873,0.0011301509521735,0.9899409166847176,0.0
1,1,375.2541295062848,12.3693425329873,0.0011301509521735,1.2001172477589006,0.0
2,0,375.2541295062848,12.3693425329873,0.0011301509521735,1.2001172477589006,0.0
2,1,375.2541295062848,12.3693425329873,0.0011301509521735,1.3604017421479495,0.0
3,0,375.2541295062848,12.3693425329873,0.0011301509521735,1.3604017421479495,0.0
3,1,375.2541295062848,12.3693425329873,0.0011301509521735,1.4901549077375087,1.1280603033315285e-231
4,0,375.2541295062848,12.3693425329873,0.0011301509521735,1.4901549077343734,0.0
4,1,375.2541295062848,12.3693425329873,0.0011301509521735,1.5999514044186003,1.5582216048709169e-171
5,0,375.2541295062848,12.3693425329873,0.0011301509521735,1.5999514026475425,0.0
5,1,375.2541295062848,12.3693425329873,0.0011301509521735,1.6958691234693346,1.0658017214958856e-145
6,0,375.2541295062848,12.3693425329873,0.0011301509521735,1.6958690488556498,0.0
6,1,375.2541295062848,12.3693425329873,0.0011301509521735,1.7815967215992625,1.563500057779119e-111
7,0,375.2541295062848,12.3693425329873,0.0011301509521735,1.781595941726276,0.0
7,1,375.2541295062848,12.3693425329873,0.0011301509521735,1.859493565132197,1.6818808467073946e-80
8,0,375.2541295062848,12.3693425329873,0.0011301509521735,1.8594900884717844,0.0
8,1,375.2541295062848,12.3693425329873,0.0011301509521735,1.9311430013102395,5.7845625432647214e-58
9,0,375.2541295062848,12.3693425329873,0.0011301509521735,1.931133978232751,0.0
9,1,375.2541295062848,12.3693425329873,0.0011301509521735,1.997654784941905,2.7108030093050162e-42
10,0,375.2541295062848,12.3693425329873,0.0011301509521735,1.9976381485385033,0.0
10,1,375.2541295062848,12.3693425329873,0.0011301509521735,2.0598383286201294,2.3877105197886114e-31
11,0,375.2541295062848,12.3693425329873,0.0011301509521735,2.0598135044495156,0.0
11,1,375.2541295062848,12.3693425329873,0.0011301509521735,2.1183050464092164,3.0742916345277e-23
12,0,375.2541295062848,12.3693425329873,0.0011301509521735,2.118272452223087,0.0
12,1,375.2541295062848,12.3693425329873,0.0011301509521735,2.17353043388046,2.4739014938170143e-17
13,0,375.2541295062848,12.3693425329873,0.0011301509521735,2.17349075823549,0.0
13,1,375.2541295062848,12.3693425329873,0.0011301509521735,2.2258932703345264,5.68216977632563e-13
14,0,375.2541295062848,12.3693425329873,0.0011301509521735,2.225847083177264,0.0
14,1,375.2541295062848,12.3693425329873,0.0011301509521735,2.275701520380896,9.141147978209432e-10
15,0,375.2541295062848,12.3693425329873,0.0011301509521735,2.27564923586491,0.0
15,1,375.2541295062848,12.3693425329873,0.0011301509521735,2.323210114486612,1.9028719171442382e-07
16,0,375.2541295062848,12.3693425329873,0.0011301509521735,2.3231514346596396,0.0
16,1,375.2541295062848,12.3693425329873,0.0011301509521735,2.368632825981316,8.391294750860114e-06
17,0,375.2541295062848,12.3693425329873,0.0011301509521735,2.3685666660710747,0.0
17,1,375.2541295062848,12.3693425329873,0.0011301509521735,2.412151055000106,0.00010867503258147246
18,0,375.2541295062848,12.3693425329873,0.0011301509521735,2.4120804694966678,0.0
18,1,375.2541295062848,12.3693425329873,0.0011301509521735,2.4539251302761937,0.0005818438689870368
19,0,375.2541295062848,12.3693425329873,0.0011301509521735,2.453919085407681,0.0
19,1,375.2541295062848,12.3693425329873,0.0011301509521735,2.4941583081469716,0.0022421093056872437
0,0,524.3850548474869,12.39788244641479,0.0010640515628953,0.6931471805599441,0.0
0,1,524.3850548474869,12.39788244641479,0.0010640515628953,0.9899409166847176,0.0
1,0,524.3850548474869,12.39788244641479,0.0010640515628953,0.9899409166847176,0.0
1,1,524.3850548474869,12.39788244641479,0.0010640515628953,1.2001172477589006,0.0
2,0,524.3850548474869,12.39788244641479,0.0010640515628953,1.2001172477589006,0.0
2,1,524.3850548474869,12.39788244641479,0.0010640515628953,1.3604017421479495,0.0
3,0,524.3850548474869,12.39788244641479,0.0010640515628953,1.3604017421479495,0.0
3,1,524.3850548474869,12.39788244641479,0.0010640515628953,1.4901549077375087,5e-323
4,0,524.3850548474869,12.39788244641479,0.0010640515628953,1.4901549077375082,0.0
4,1,524.3850548474869,12.39788244641479,0.0010640515628953,1.599951404421034,6.560330821980795e-239
5,0,524.3850548474869,12.39788244641479,0.0010640515628953,1.5999514044174852,0.0
5,1,524.3850548474869,12.39788244641479,0.0010640515628953,1.6958691249910824,7.881485178454696e-203
6,0,524.3850548474869,12.39788244641479,0.0010640515628953,1.6958691243253343,0.0
6,1,524.3850548474869,12.39788244641479,0.0010640515628953,1.781596788606624,3.740745794793313e-155
7,0,524.3850548474869,12.39788244641479,0.0010640515628953,1.7815967688863161,0.0
7,1,524.3850548474869,12.39788244641479,0.0010640515628953,1.8594943133265585,9.759376992897175e-112
8,0,524.3850548474869,12.39788244641479,0.0010640515628953,1.85949412527736,0.0
8,1,524.3850548474869,12.39788244641479,0.0010640515628953,1.9311467004533893,3.447542329212299e-80
9,0,524.3850548474869,12.39788244641479,0.0010640515628953,1.9311458455743225,0.0
9,1,524.3850548474869,12.39788244641479,0.0010640515628953,1.9976657669090925,3.8879846531110516e-58
10,0,524.3850548474869,12.39788244641479,0.0010640515628953,1.9976634024667912,0.0
10,1,524.3850548474869,12.39788244641479,0.0010640515628953,2.0598618799550654,6.522394409505136e-43
11,0,524.3850548474869,12.39788244641479,0.0010640515628953,2.0598571942251227,0.0
11,1,524.3850548474869,12.39788244641479,0.0010640515628953,2.118346046398899,1.6978760606132647e-31
12,0,524.3850548474869,12.39788244641479,0.0010640515628953,2.118338594573161,0.0
12,1,524.3850548474869,12.39788244641479,0.0010640515628953,2.173592826319395,2.931628099732418e-23
13,0,524.3850548474869,12.39788244641479,0.0010640515628953,2.173582546932664,0.0
13,1,524.3850548474869,12.39788244641479,0.0010640515628953,2.225980234102223,3.6999176846164444e-17
14,0,524.3850548474869,12.39788244641479,0.0010640515628953,2.225967276496193,0.0
14,1,524.3850548474869,12.39788244641479,0.0010640515628953,2.2758158240978497,1.144903936046862e-12
15,0,524.3850548474869,12.39788244641479,0.0010640515628953,2.275800383481655,0.0
15,1,524.3850548474869,12.39788244641479,0.0010640515628953,2.3233543292601575,1.9575034264647513e-09
16,0,524.3850548474869,12.39788244641479,0.0010640515628953,2.323336502089793,0.0
16,1,524.3850548474869,12.39788244641479,0.0010640515628953,2.368809917760021,4.3737813766029753e-07
17,0,524.3850548474869,12.39788244641479,0.0010640515628953,2.36878962633368,0.0
17,1,524.3850548474869,12.39788244641479,0.0010640515628953,2.412364964263759,2.0347681456236075e-05
18,0,524.3850548474869,12.39788244641479,0.0010640515628953,2.412329224402281,0.0
18,1,524.3850548474869,12.39788244641479,0.0010640515628953,2.4541643354381844,0.0002534038098784668
19,0,524.3850548474869,12.39788244641479,0.0010640515628953,2.4541782468328766,0.0
19,1,524.3850548474869,12.39788244641479,0.0010640515628953,2.4944080123577894,0.0012753293769533452
0,0,732.78257086521,12.410228485638898,0.0010435649442073,0.6931471805599441,0.0
0,1,732.78257086521,12.410228485638898,0.0010435649442073,0.9899409166847176,0.0
1,0,732.78257086521,12.410228485638898,0.0010435649442073,0.9899409166847176,0.0
1,1,732.78257086521,12.410228485638898,0.0010435649442073,1.2001172477589006,0.0
2,0,732.78257086521,12.410228485638898,0.0010435649442073,1.2001172477589006,0.0
2,1,732.78257086521,12.410228485638898,0.0010435649442073,1.3604017421479495,0.0
3,0,732.78257086521,12.410228485638898,0.0010435649442073,1.3604017421479495,0.0
3,1,732.78257086521,12.410228485638898,0.0010435649442073,1.4901549077375087,0.0
4,0,732.78257086521,12.410228485638898,0.0010435649442073,1.4901549077375087,0.0
4,1,732.78257086521,12.410228485638898,0.0010435649442073,1.5999514044210343,0.0
5,0,732.78257086521,12.410228485638898,0.0010435649442073,1.5999514044210335,0.0
5,1,732.78257086521,12.410228485638898,0.0010435649442073,1.6958691249941333,1.2220199549401811e-282
6,0,732.78257086521,12.410228485638898,0.0010435649442073,1.695869124993238,0.0
6,1,732.78257086521,12.410228485638898,0.0010435649442073,1.7815967891994755,4.177245450447254e-216
7,0,732.78257086521,12.410228485638898,0.0010435649442073,1.78159678908944,0.0
7,1,732.78257086521,12.410228485638898,0.0010435649442073,1.8594943315910557,2.2717454261494556e-155
8,0,732.78257086521,12.410228485638898,0.0010435649442073,1.8594943286399963,0.0
8,1,732.78257086521,12.410228485638898,0.0010435649442073,1.9311468866700894,3.040947760446644e-111
9,0,732.78257086521,12.410228485638898,0.0010435649442073,1.9311468574721342,0.0
9,1,732.78257086521,12.410228485638898,0.0010435649442073,1.9976667025823733,2.7929460336887477e-80
10,0,732.78257086521,12.410228485638898,0.0010435649442073,1.9976665566308638,0.0
10,1,732.78257086521,12.410228485638898,0.0010435649442073,2.0598648193102544,4.4353348802063855e-59
11,0,732.78257086521,12.410228485638898,0.0010435649442073,2.059864367299105,0.0
11,1,732.78257086521,12.410228485638898,0.0010435649442073,2.1183527736128385,5.237042099168486e-43
12,0,732.78257086521,12.410228485638898,0.0010435649442073,2.1183517751505017,0.0
12,1,732.78257086521,12.410228485638898,0.0010435649442073,2.1736052531058783,1.6314071631547932e-31
13,0,732.78257086521,12.410228485638898,0.0010435649442073,2.173603512425931,0.0
13,1,732.78257086521,12.410228485638898,0.0010435649442073,2.226000088638346,5.732871488524883e-23
14,0,732.78257086521,12.410228485638898,0.0010435649442073,2.2259975104151826,0.0
14,1,732.78257086521,12.410228485638898,0.0010435649442073,2.2758445645488736,1.146055707553992e-16
15,0,732.78257086521,12.410228485638898,0.0010435649442073,2.2758411436013293,0.0
15,1,732.78257086521,12.410228485638898,0.0010435649442073,2.323393202747214,3.3768234445100242e-12
16,0,732.78257086521,12.410228485638898,0.0010435649442073,2.3233889799234575,0.0
16,1,732.78257086521,12.410228485638898,0.0010435649442073,2.3688601094158734,6.506286171087148e-09
17,0,732.78257086521,12.410228485638898,0.0010435649442073,2.3688551882386397,0.0
17,1,732.78257086521,12.410228485638898,0.0010435649442073,2.4124278324213924,1.7177660238061236e-06
18,0,732.78257086521,12.410228485638898,0.0010435649442073,2.41241450569262,0.0
18,1,732.78257086521,12.410228485638898,0.0010435649442073,2.4542462701203616,8.562148559231964e-05
19,0,732.78257086521,12.410228485638898,0.0010435649442073,2.4542587981036217,0.0
19,1,732.78257086521,12.410228485638898,0.0010435649442073,2.4944855481493318,0.0008947356704949531
0,0,1024.0,12.415330374513212,0.0010375001823458,0.6931471805599441,0.0
0,1,1024.0,12.415330374513212,0.0010375001823458,0.9899409166847176,0.0
1,0,1024.0,12.415330374513212,0.0010375001823458,0.9899409166847176,0.0
1,1,1024.0,12.415330374513212,0.0010375001823458,1.2001172477589006,0.0
2,0,1024.0,12.415330374513212,0.0010375001823458,1.2001172477589006,0.0
2,1,1024.0,12.415330374513212,0.0010375001823458,1.3604017421479495,0.0
3,0,1024.0,12.415330374513212,0.0010375001823458,1.3604017421479495,0.0
3,1,1024.0,12.415330374513212,0.0010375001823458,1.4901549077375087,0.0
4,0,1024.0,12.415330374513212,0.0010375001823458,1.4901549077375087,0.0
4,1,1024.0,12.415330374513212,0.0010375001823458,1.5999514044210343,0.0
5,0,1024.0,12.415330374513212,0.0010375001823458,1.5999514044210343,0.0
5,1,1024.0,12.415330374513212,0.0010375001823458,1.6958691249941338,0.0
6,0,1024.0,12.415330374513212,0.0010375001823458,1.6958691249941338,0.0
6,1,1024.0,12.415330374513212,0.0010375001823458,1.78159678920027,2.9111949816658556e-301
7,0,1024.0,12.415330374513212,0.0010375001823458,1.781596789200194,0.0
7,1,1024.0,12.415330374513212,0.0010375001823458,1.8594943316911574,2.5785261390483353e-216
8,0,1024.0,12.415330374513212,0.0010375001823458,1.8594943316827397,0.0
8,1,1024.0,12.415330374513212,0.0010375001823458,1.9311468894550141,1.2689888050851022e-154
9,0,1024.0,12.415330374513212,0.0010375001823458,1.9311468892144465,0.0
9,1,1024.0,12.415330374513212,0.0010375001823458,1.9976667319152308,3.147844312448386e-111
10,0,1024.0,12.415330374513212,0.0010375001823458,1.9976667291891423,0.0
10,1,1024.0,12.415330374513212,0.0010375001823458,2.059864980002462,1.137091399849252e-81
11,0,1024.0,12.415330374513212,0.0010375001823458,2.05986496397911,0.0
11,1,1024.0,12.415330374513212,0.0010375001823458,2.118353332803933,4.555894920088483e-59
12,0,1024.0,12.415330374513212,0.0010375001823458,2.1183532743372453,0.0
12,1,1024.0,12.415330374513212,0.0010375001823458,2.1736066656198165,5.219013340197892e-43
13,0,1024.0,12.415330374513212,0.0010375001823458,2.173606515363435,0.0
13,1,1024.0,12.415330374513212,0.0010375001823458,2.2260029308284928,4.790162125253089e-31
14,0,1024.0,12.415330374513212,0.0010375001823458,2.226002632522241,0.0
14,1,1024.0,12.415330374513212,0.0010375001823458,2.275849431349924,3.4125644346450707e-22
15,0,1024.0,12.415330374513212,0.0010375001823458,2.2758489408642726,0.0
15,1,1024.0,12.415330374513212,0.0010375001823458,2.3234006362634165,5.294497325457634e-16
16,0,1024.0,12.415330374513212,0.0010375001823458,2.323399931998734,0.0
16,1,1024.0,12.415330374513212,0.0010375001823458,2.368870581071702,1.928535990798724e-11
17,0,1024.0,12.415330374513212,0.0010375001823458,2.3688696678264787,0.0
17,1,1024.0,12.415330374513212,0.0010375001823458,2.4124417129018174,5.279460298904442e-08
18,0,1024.0,12.415330374513212,0.0010375001823458,2.412438592751672,0.0
18,1,1024.0,12.415330374513212,0.0010375001823458,2.4542693990135684,1.8121648873127424e-05
19,0,1024.0,12.415330374513212,0.0010375001823458,2.45427340573959,0.0
19,1,1024.0,12.415330374513212,0.0010375001823458,2.4944996093097704,0.0008085261817720213
